1,1,1338,418,160,360,1,-1,-1,-1
1,2,1417,430,182,332,1,-1,-1,-1
1,3,586,446,85,264,1,-1,-1,-1
1,4,440,442,114,282,1,-1,-1,-1
1,5,1089,482,31,114,1,-1,-1,-1
1,6,936,434,42,116,1,-1,-1,-1
1,7,1013,431,44,119,1,-1,-1,-1
1,8,1055,481,37,112,1,-1,-1,-1
1,9,1097,440,40,107,1,-1,-1,-1
1,10,1256,446,36,102,1,-1,-1,-1
1,11,547,463,35,95,1,-1,-1,-1
1,12,638,461,63,185,1,-1,-1,-1
1,13,418,460,39,83,1,-1,-1,-1
1,14,972,443,36,103,1,-1,-1,-1
1,15,591,429,22,45,1,-1,-1,-1
1,16,582,430,20,46,1,-1,-1,-1
1,17,1077,479,30,115,1,-1,-1,-1
1,18,579,428,18,45,1,-1,-1,-1
1,19,560,440,24,45,1,-1,-1,-1
2,1,1344,417,163,366,1,-1,-1,-1
2,2,1422,432,182,331,1,-1,-1,-1
2,3,587,446,84,264,1,-1,-1,-1
2,4,440,442,115,283,1,-1,-1,-1
2,5,1089,481,32,115,1,-1,-1,-1
2,6,935,433,43,117,1,-1,-1,-1
2,7,1014,431,44,120,1,-1,-1,-1
2,8,1055,480,38,114,1,-1,-1,-1
2,9,1097,440,40,107,1,-1,-1,-1
2,10,1256,446,36,102,1,-1,-1,-1
2,11,547,462,35,96,1,-1,-1,-1
2,12,637,459,64,187,1,-1,-1,-1
2,13,418,460,39,83,1,-1,-1,-1
2,14,974,444,36,103,1,-1,-1,-1
2,15,592,429,22,45,1,-1,-1,-1
2,16,583,429,21,47,1,-1,-1,-1
2,17,1073,477,30,116,1,-1,-1,-1
2,18,580,428,18,45,1,-1,-1,-1
3,1,1348,419,165,372,1,-1,-1,-1
3,2,1427,433,181,330,1,-1,-1,-1
3,3,587,447,84,262,1,-1,-1,-1
3,4,442,442,115,283,1,-1,-1,-1
3,5,1090,482,32,113,1,-1,-1,-1
3,6,935,433,42,116,1,-1,-1,-1
3,7,1014,431,44,120,1,-1,-1,-1
3,8,1055,480,38,114,1,-1,-1,-1
3,9,1097,439,40,109,1,-1,-1,-1
3,10,1256,446,37,103,1,-1,-1,-1
3,11,547,461,35,97,1,-1,-1,-1
3,12,638,459,64,187,1,-1,-1,-1
3,13,418,459,38,83,1,-1,-1,-1
3,14,975,445,36,102,1,-1,-1,-1
3,15,592,429,22,46,1,-1,-1,-1
3,16,584,429,21,47,1,-1,-1,-1
3,18,580,427,18,46,1,-1,-1,-1
3,19,559,439,23,43,1,-1,-1,-1
4,1,1352,420,167,372,1,-1,-1,-1
4,2,1431,430,184,337,1,-1,-1,-1
4,3,587,447,84,261,1,-1,-1,-1
4,4,444,442,115,283,1,-1,-1,-1
4,5,1091,482,31,113,1,-1,-1,-1
4,6,935,434,42,116,1,-1,-1,-1
4,7,1013,431,44,119,1,-1,-1,-1
4,8,1056,480,37,113,1,-1,-1,-1
4,9,1097,438,41,110,1,-1,-1,-1
4,10,1256,446,37,103,1,-1,-1,-1
4,11,547,462,36,96,1,-1,-1,-1
4,12,638,457,65,190,1,-1,-1,-1
4,13,417,459,40,84,1,-1,-1,-1
4,14,976,446,36,102,1,-1,-1,-1
4,15,592,429,22,46,1,-1,-1,-1
4,16,585,429,21,47,1,-1,-1,-1
4,18,580,427,18,45,1,-1,-1,-1
4,19,559,439,24,44,1,-1,-1,-1
4,17,1066,476,31,117,1,-1,-1,-1
5,1,1358,420,168,376,1,-1,-1,-1
5,2,1438,426,185,339,1,-1,-1,-1
5,3,587,447,84,261,1,-1,-1,-1
5,4,445,444,115,281,1,-1,-1,-1
5,5,1091,482,31,113,1,-1,-1,-1
5,6,934,433,43,116,1,-1,-1,-1
5,7,1013,430,44,119,1,-1,-1,-1
5,8,1056,481,36,111,1,-1,-1,-1
5,9,1097,438,41,110,1,-1,-1,-1
5,10,1256,446,37,103,1,-1,-1,-1
5,11,547,463,35,96,1,-1,-1,-1
5,12,639,458,64,189,1,-1,-1,-1
5,13,417,458,40,85,1,-1,-1,-1
5,14,977,446,36,102,1,-1,-1,-1
5,15,593,429,22,46,1,-1,-1,-1
5,16,585,429,20,47,1,-1,-1,-1
5,18,580,427,18,45,1,-1,-1,-1
5,19,559,440,24,44,1,-1,-1,-1
5,17,1069,477,30,116,1,-1,-1,-1
6,1,1363,419,170,378,1,-1,-1,-1
6,2,1446,425,185,339,1,-1,-1,-1
6,3,587,446,84,262,1,-1,-1,-1
6,4,446,445,115,280,1,-1,-1,-1
6,5,1090,482,32,113,1,-1,-1,-1
6,6,934,433,43,116,1,-1,-1,-1
6,7,1013,430,44,120,1,-1,-1,-1
6,8,1055,482,37,112,1,-1,-1,-1
6,9,1098,439,41,109,1,-1,-1,-1
6,10,1256,447,36,102,1,-1,-1,-1
6,11,547,461,35,96,1,-1,-1,-1
6,12,639,462,63,184,1,-1,-1,-1
6,13,417,458,40,85,1,-1,-1,-1
6,14,978,447,36,102,1,-1,-1,-1
6,15,593,428,21,46,1,-1,-1,-1
6,16,585,428,21,46,1,-1,-1,-1
6,18,581,427,17,43,1,-1,-1,-1
6,17,1073,478,30,115,1,-1,-1,-1
7,1,1369,418,170,380,1,-1,-1,-1
7,2,1454,429,185,340,1,-1,-1,-1
7,3,587,445,85,264,1,-1,-1,-1
7,4,446,445,115,281,1,-1,-1,-1
7,5,1090,482,32,114,1,-1,-1,-1
7,6,934,433,43,117,1,-1,-1,-1
7,7,1012,432,44,120,1,-1,-1,-1
7,8,1055,482,37,111,1,-1,-1,-1
7,9,1096,436,42,112,1,-1,-1,-1
7,10,1256,448,36,100,1,-1,-1,-1
7,11,547,460,35,98,1,-1,-1,-1
7,12,637,463,63,183,1,-1,-1,-1
7,13,417,458,39,85,1,-1,-1,-1
7,14,979,446,36,101,1,-1,-1,-1
7,15,593,428,21,45,1,-1,-1,-1
7,16,583,428,20,46,1,-1,-1,-1
7,18,580,426,18,43,1,-1,-1,-1
7,17,1072,478,30,115,1,-1,-1,-1
8,1,1376,416,170,382,1,-1,-1,-1
8,2,1463,427,185,344,1,-1,-1,-1
8,3,587,444,85,265,1,-1,-1,-1
8,4,447,445,116,281,1,-1,-1,-1
8,5,1090,482,31,114,1,-1,-1,-1
8,6,934,433,43,118,1,-1,-1,-1
8,7,1013,434,43,118,1,-1,-1,-1
8,8,1055,483,37,110,1,-1,-1,-1
8,9,1096,437,41,111,1,-1,-1,-1
8,10,1256,448,35,100,1,-1,-1,-1
8,11,547,460,36,98,1,-1,-1,-1
8,12,636,462,63,185,1,-1,-1,-1
8,13,417,457,40,85,1,-1,-1,-1
8,15,593,428,21,43,1,-1,-1,-1
8,18,580,425,17,43,1,-1,-1,-1
8,17,1074,479,31,114,1,-1,-1,-1
9,1,1386,415,169,386,1,-1,-1,-1
9,2,1475,423,185,349,1,-1,-1,-1
9,3,587,444,85,265,1,-1,-1,-1
9,4,446,445,117,281,1,-1,-1,-1
9,5,1090,482,32,115,1,-1,-1,-1
9,6,934,433,43,117,1,-1,-1,-1
9,7,1013,434,43,117,1,-1,-1,-1
9,8,1055,484,36,109,1,-1,-1,-1
9,9,1096,438,41,110,1,-1,-1,-1
9,10,1256,449,35,99,1,-1,-1,-1
9,11,548,460,35,99,1,-1,-1,-1
9,12,636,462,64,186,1,-1,-1,-1
9,13,416,455,40,86,1,-1,-1,-1
9,15,592,428,22,43,1,-1,-1,-1
9,18,580,428,18,44,1,-1,-1,-1
9,20,1371,433,69,133,1,-1,-1,-1
9,14,979,442,35,100,1,-1,-1,-1
10,1,1397,416,166,386,1,-1,-1,-1
10,2,1488,420,185,354,1,-1,-1,-1
10,3,587,443,85,266,1,-1,-1,-1
10,4,447,445,117,281,1,-1,-1,-1
10,5,1090,482,32,115,1,-1,-1,-1
10,6,934,434,42,116,1,-1,-1,-1
10,7,1014,437,42,113,1,-1,-1,-1
10,8,1054,484,36,109,1,-1,-1,-1
10,9,1096,438,41,110,1,-1,-1,-1
10,10,1256,449,35,99,1,-1,-1,-1
10,11,548,461,35,97,1,-1,-1,-1
10,12,637,462,64,186,1,-1,-1,-1
10,13,415,454,41,87,1,-1,-1,-1
10,15,592,427,22,44,1,-1,-1,-1
10,18,579,429,19,45,1,-1,-1,-1
10,20,1371,434,69,132,1,-1,-1,-1
10,14,980,442,35,99,1,-1,-1,-1
11,1,1409,416,163,385,1,-1,-1,-1
11,2,1500,418,183,355,1,-1,-1,-1
11,3,588,443,85,266,1,-1,-1,-1
11,4,447,445,119,281,1,-1,-1,-1
11,5,1090,481,32,116,1,-1,-1,-1
11,6,934,434,42,116,1,-1,-1,-1
11,7,1014,435,43,115,1,-1,-1,-1
11,8,1054,484,36,109,1,-1,-1,-1
11,9,1096,438,41,110,1,-1,-1,-1
11,10,1256,448,35,100,1,-1,-1,-1
11,11,548,461,35,98,1,-1,-1,-1
11,12,638,456,66,193,1,-1,-1,-1
11,13,415,454,41,87,1,-1,-1,-1
11,15,592,427,22,44,1,-1,-1,-1
11,18,580,429,19,46,1,-1,-1,-1
11,20,1373,434,68,130,1,-1,-1,-1
11,14,980,443,36,101,1,-1,-1,-1
11,19,561,438,24,45,1,-1,-1,-1
12,1,1418,419,161,382,1,-1,-1,-1
12,2,1509,418,182,356,1,-1,-1,-1
12,3,587,443,86,268,1,-1,-1,-1
12,4,447,445,119,282,1,-1,-1,-1
12,5,1090,482,32,116,1,-1,-1,-1
12,6,934,435,42,115,1,-1,-1,-1
12,7,1014,434,43,116,1,-1,-1,-1
12,8,1054,484,36,110,1,-1,-1,-1
12,9,1096,437,41,111,1,-1,-1,-1
12,10,1256,448,35,100,1,-1,-1,-1
12,11,548,460,35,100,1,-1,-1,-1
12,12,638,459,65,189,1,-1,-1,-1
12,13,416,455,41,87,1,-1,-1,-1
12,15,592,427,21,44,1,-1,-1,-1
12,18,580,429,19,46,1,-1,-1,-1
12,20,1377,436,66,127,1,-1,-1,-1
12,14,981,443,36,102,1,-1,-1,-1
12,17,1081,480,31,114,1,-1,-1,-1
13,1,1429,420,159,383,1,-1,-1,-1
13,2,1513,419,183,362,1,-1,-1,-1
13,3,587,443,86,269,1,-1,-1,-1
13,4,448,444,121,283,1,-1,-1,-1
13,5,1090,483,32,114,1,-1,-1,-1
13,6,935,436,41,115,1,-1,-1,-1
13,7,1015,440,41,112,1,-1,-1,-1
13,8,1054,485,36,109,1,-1,-1,-1
13,9,1096,437,41,111,1,-1,-1,-1
13,10,1256,448,34,99,1,-1,-1,-1
13,11,547,460,35,100,1,-1,-1,-1
13,12,640,456,66,193,1,-1,-1,-1
13,13,416,455,41,87,1,-1,-1,-1
13,15,592,427,21,43,1,-1,-1,-1
13,18,580,430,19,44,1,-1,-1,-1
13,20,1379,435,66,126,1,-1,-1,-1
13,14,982,444,36,102,1,-1,-1,-1
13,17,1080,480,31,114,1,-1,-1,-1
14,1,1440,418,159,386,1,-1,-1,-1
14,2,1526,420,181,363,1,-1,-1,-1
14,3,588,443,86,268,1,-1,-1,-1
14,4,449,443,121,285,1,-1,-1,-1
14,5,1090,482,32,115,1,-1,-1,-1
14,6,934,436,42,115,1,-1,-1,-1
14,7,1015,438,41,113,1,-1,-1,-1
14,8,1054,485,36,109,1,-1,-1,-1
14,9,1096,438,41,110,1,-1,-1,-1
14,10,1256,447,35,100,1,-1,-1,-1
14,11,548,459,35,102,1,-1,-1,-1
14,12,642,455,67,195,1,-1,-1,-1
14,13,416,455,41,87,1,-1,-1,-1
14,15,593,427,20,42,1,-1,-1,-1
14,18,580,430,18,43,1,-1,-1,-1
14,20,1386,433,67,128,1,-1,-1,-1
14,14,983,444,35,99,1,-1,-1,-1
14,17,1077,480,30,114,1,-1,-1,-1
15,1,1451,418,160,387,1,-1,-1,-1
15,2,1535,421,180,364,1,-1,-1,-1
15,3,588,443,86,268,1,-1,-1,-1
15,4,450,445,121,284,1,-1,-1,-1
15,5,1089,483,32,114,1,-1,-1,-1
15,6,934,435,41,116,1,-1,-1,-1
15,7,1015,445,40,109,1,-1,-1,-1
15,8,1055,486,35,108,1,-1,-1,-1
15,9,1096,437,41,111,1,-1,-1,-1
15,10,1256,446,35,101,1,-1,-1,-1
15,12,642,454,68,197,1,-1,-1,-1
15,13,417,455,41,88,1,-1,-1,-1
15,15,593,428,20,41,1,-1,-1,-1
15,18,580,431,18,41,1,-1,-1,-1
15,20,1394,431,67,130,1,-1,-1,-1
15,17,1078,480,30,114,1,-1,-1,-1
16,1,1460,415,164,391,1,-1,-1,-1
16,2,1544,421,181,364,1,-1,-1,-1
16,3,588,442,86,269,1,-1,-1,-1
16,4,450,445,121,285,1,-1,-1,-1
16,5,1089,484,32,113,1,-1,-1,-1
16,6,933,435,42,116,1,-1,-1,-1
16,7,1014,445,41,110,1,-1,-1,-1
16,8,1055,486,35,108,1,-1,-1,-1
16,9,1096,437,41,111,1,-1,-1,-1
16,10,1256,445,35,102,1,-1,-1,-1
16,12,642,454,68,199,1,-1,-1,-1
16,13,417,454,41,90,1,-1,-1,-1
16,15,593,428,20,41,1,-1,-1,-1
16,18,579,427,18,42,1,-1,-1,-1
16,20,1396,429,68,132,1,-1,-1,-1
16,17,1080,480,30,114,1,-1,-1,-1
17,1,1469,415,170,394,1,-1,-1,-1
17,2,1552,424,182,363,1,-1,-1,-1
17,3,589,442,85,267,1,-1,-1,-1
17,4,450,446,121,285,1,-1,-1,-1
17,5,1089,484,32,114,1,-1,-1,-1
17,6,933,435,41,115,1,-1,-1,-1
17,7,1014,443,41,112,1,-1,-1,-1
17,8,1054,486,36,108,1,-1,-1,-1
17,9,1097,438,40,110,1,-1,-1,-1
17,10,1255,445,35,101,1,-1,-1,-1
17,12,641,455,69,199,1,-1,-1,-1
17,13,416,454,42,90,1,-1,-1,-1
17,15,593,428,20,40,1,-1,-1,-1
17,18,580,426,18,42,1,-1,-1,-1
17,20,1398,428,68,133,1,-1,-1,-1
17,17,1078,480,31,114,1,-1,-1,-1
18,1,1476,416,173,392,1,-1,-1,-1
18,2,1558,427,183,363,1,-1,-1,-1
18,3,589,443,85,266,1,-1,-1,-1
18,4,450,446,121,286,1,-1,-1,-1
18,5,1089,484,32,113,1,-1,-1,-1
18,6,932,435,42,115,1,-1,-1,-1
18,7,1014,442,42,114,1,-1,-1,-1
18,8,1053,486,36,108,1,-1,-1,-1
18,9,1097,438,40,109,1,-1,-1,-1
18,10,1254,445,35,100,1,-1,-1,-1
18,12,641,455,70,199,1,-1,-1,-1
18,13,417,453,42,91,1,-1,-1,-1
18,15,594,428,20,41,1,-1,-1,-1
18,18,581,425,17,42,1,-1,-1,-1
18,20,1401,427,68,134,1,-1,-1,-1
18,16,584,431,18,39,1,-1,-1,-1
18,14,988,444,34,99,1,-1,-1,-1
19,1,1481,413,181,398,1,-1,-1,-1
19,2,1560,429,186,363,1,-1,-1,-1
19,3,590,442,86,267,1,-1,-1,-1
19,4,451,447,120,285,1,-1,-1,-1
19,5,1089,484,32,113,1,-1,-1,-1
19,6,931,435,42,115,1,-1,-1,-1
19,7,1016,440,41,115,1,-1,-1,-1
19,8,1053,485,36,109,1,-1,-1,-1
19,9,1096,438,41,109,1,-1,-1,-1
19,10,1254,446,34,99,1,-1,-1,-1
19,12,642,457,69,197,1,-1,-1,-1
19,13,417,454,42,91,1,-1,-1,-1
19,15,594,429,20,40,1,-1,-1,-1
19,18,581,425,17,42,1,-1,-1,-1
19,20,1404,428,69,135,1,-1,-1,-1
19,17,1081,480,31,114,1,-1,-1,-1
20,1,1485,412,187,403,1,-1,-1,-1
20,2,1572,432,186,362,1,-1,-1,-1
20,3,590,443,86,267,1,-1,-1,-1
20,4,453,447,120,285,1,-1,-1,-1
20,5,1089,482,32,116,1,-1,-1,-1
20,6,931,436,41,113,1,-1,-1,-1
20,7,1014,439,43,117,1,-1,-1,-1
20,8,1052,484,37,110,1,-1,-1,-1
20,9,1096,438,41,110,1,-1,-1,-1
20,10,1254,446,33,98,1,-1,-1,-1
20,12,642,457,69,197,1,-1,-1,-1
20,13,417,454,42,92,1,-1,-1,-1
20,15,594,428,20,41,1,-1,-1,-1
20,18,581,426,17,41,1,-1,-1,-1
20,20,1407,429,67,134,1,-1,-1,-1
20,17,1083,480,31,115,1,-1,-1,-1
21,1,1487,412,194,409,1,-1,-1,-1
21,2,1582,429,187,366,1,-1,-1,-1
21,3,591,443,85,268,1,-1,-1,-1
21,4,455,447,119,286,1,-1,-1,-1
21,5,1089,482,32,115,1,-1,-1,-1
21,6,930,435,42,114,1,-1,-1,-1
21,7,1013,437,43,119,1,-1,-1,-1
21,8,1052,483,37,110,1,-1,-1,-1
21,9,1096,437,41,111,1,-1,-1,-1
21,10,1253,446,34,98,1,-1,-1,-1
21,12,642,458,69,196,1,-1,-1,-1
21,13,417,455,42,91,1,-1,-1,-1
21,15,593,428,21,40,1,-1,-1,-1
21,18,580,426,18,41,1,-1,-1,-1
21,20,1410,429,67,134,1,-1,-1,-1
21,17,1081,480,31,115,1,-1,-1,-1
21,16,578,431,18,39,1,-1,-1,-1
22,1,1488,412,199,411,1,-1,-1,-1
22,2,1587,426,190,371,1,-1,-1,-1
22,3,592,444,86,269,1,-1,-1,-1
22,4,457,447,119,285,1,-1,-1,-1
22,5,1089,481,32,116,1,-1,-1,-1
22,6,930,436,42,113,1,-1,-1,-1
22,7,1013,436,44,121,1,-1,-1,-1
22,8,1052,483,37,111,1,-1,-1,-1
22,9,1096,438,41,112,1,-1,-1,-1
22,10,1253,447,34,97,1,-1,-1,-1
22,12,643,458,69,197,1,-1,-1,-1
22,13,417,455,42,91,1,-1,-1,-1
22,15,593,428,20,41,1,-1,-1,-1
22,18,580,426,17,41,1,-1,-1,-1
22,20,1414,430,66,132,1,-1,-1,-1
22,17,1082,480,32,115,1,-1,-1,-1
23,1,1489,410,205,416,1,-1,-1,-1
23,2,1595,425,190,372,1,-1,-1,-1
23,3,593,443,87,270,1,-1,-1,-1
23,4,461,446,118,286,1,-1,-1,-1
23,5,1089,480,33,117,1,-1,-1,-1
23,6,930,436,42,113,1,-1,-1,-1
23,7,1014,435,44,122,1,-1,-1,-1
23,8,1052,483,38,111,1,-1,-1,-1
23,9,1096,438,41,112,1,-1,-1,-1
23,10,1252,446,34,98,1,-1,-1,-1
23,12,642,459,69,197,1,-1,-1,-1
23,13,417,456,42,90,1,-1,-1,-1
23,15,593,428,21,40,1,-1,-1,-1
23,18,579,426,17,41,1,-1,-1,-1
23,20,1416,428,67,134,1,-1,-1,-1
23,17,1079,479,32,115,1,-1,-1,-1
24,1,1491,408,208,418,1,-1,-1,-1
24,2,1604,421,191,377,1,-1,-1,-1
24,3,594,443,87,271,1,-1,-1,-1
24,4,463,444,118,289,1,-1,-1,-1
24,5,1089,480,33,117,1,-1,-1,-1
24,6,930,436,42,114,1,-1,-1,-1
24,7,1014,435,44,123,1,-1,-1,-1
24,8,1052,483,38,112,1,-1,-1,-1
24,9,1096,438,41,112,1,-1,-1,-1
24,10,1252,446,34,98,1,-1,-1,-1
24,12,643,459,70,199,1,-1,-1,-1
24,13,418,455,41,91,1,-1,-1,-1
24,15,593,428,20,40,1,-1,-1,-1
24,18,578,426,17,41,1,-1,-1,-1
24,20,1419,427,67,135,1,-1,-1,-1
24,17,1081,479,32,115,1,-1,-1,-1
24,24,1008,440,43,117,1,-1,-1,-1
25,1,1497,407,212,422,1,-1,-1,-1
25,2,1618,418,191,380,1,-1,-1,-1
25,3,594,443,87,272,1,-1,-1,-1
25,4,464,442,118,292,1,-1,-1,-1
25,5,1089,480,33,117,1,-1,-1,-1
25,6,930,436,42,113,1,-1,-1,-1
25,7,1012,434,45,125,1,-1,-1,-1
25,8,1052,484,38,112,1,-1,-1,-1
25,9,1096,439,41,112,1,-1,-1,-1
25,10,1252,446,34,98,1,-1,-1,-1
25,12,645,462,67,191,1,-1,-1,-1
25,13,418,455,42,92,1,-1,-1,-1
25,15,593,428,20,41,1,-1,-1,-1
25,18,578,425,18,42,1,-1,-1,-1
25,20,1421,426,69,135,1,-1,-1,-1
25,17,1079,479,32,115,1,-1,-1,-1
25,16,575,431,19,40,1,-1,-1,-1
26,1,1502,406,216,426,1,-1,-1,-1
26,2,1627,416,190,383,1,-1,-1,-1
26,3,594,444,87,269,1,-1,-1,-1
26,4,466,442,118,292,1,-1,-1,-1
26,5,1089,479,33,118,1,-1,-1,-1
26,6,930,436,41,114,1,-1,-1,-1
26,7,1010,436,45,123,1,-1,-1,-1
26,8,1052,484,38,112,1,-1,-1,-1
26,9,1096,439,41,112,1,-1,-1,-1
26,10,1252,447,34,97,1,-1,-1,-1
26,12,647,464,66,186,1,-1,-1,-1
26,13,418,456,42,91,1,-1,-1,-1
26,15,592,426,21,41,1,-1,-1,-1
26,18,578,426,17,41,1,-1,-1,-1
26,20,1424,428,68,134,1,-1,-1,-1
26,16,575,431,19,41,1,-1,-1,-1
27,1,1510,406,215,425,1,-1,-1,-1
27,2,1636,416,188,383,1,-1,-1,-1
27,3,595,444,87,269,1,-1,-1,-1
27,4,469,441,116,293,1,-1,-1,-1
27,5,1089,480,33,117,1,-1,-1,-1
27,6,930,437,41,113,1,-1,-1,-1
27,7,1010,436,43,120,1,-1,-1,-1
27,8,1051,484,38,112,1,-1,-1,-1
27,9,1097,439,40,112,1,-1,-1,-1
27,10,1252,447,34,96,1,-1,-1,-1
27,12,650,466,65,182,1,-1,-1,-1
27,13,418,456,41,90,1,-1,-1,-1
27,15,592,425,21,41,1,-1,-1,-1
27,18,578,426,17,41,1,-1,-1,-1
27,20,1426,429,67,133,1,-1,-1,-1
28,1,1522,410,212,422,1,-1,-1,-1
28,2,1645,416,189,386,1,-1,-1,-1
28,3,596,444,87,270,1,-1,-1,-1
28,4,471,441,115,293,1,-1,-1,-1
28,5,1089,480,33,117,1,-1,-1,-1
28,6,929,437,42,113,1,-1,-1,-1
28,7,1009,435,44,121,1,-1,-1,-1
28,8,1051,483,39,113,1,-1,-1,-1
28,9,1096,438,42,113,1,-1,-1,-1
28,10,1252,447,33,96,1,-1,-1,-1
28,12,652,464,65,184,1,-1,-1,-1
28,13,418,456,41,91,1,-1,-1,-1
28,15,592,424,21,42,1,-1,-1,-1
28,18,578,425,18,43,1,-1,-1,-1
28,20,1429,429,68,134,1,-1,-1,-1
28,17,1083,480,32,116,1,-1,-1,-1
28,16,578,430,19,42,1,-1,-1,-1
29,1,1537,409,210,424,1,-1,-1,-1
29,2,1662,417,187,386,1,-1,-1,-1
29,3,597,444,87,270,1,-1,-1,-1
29,4,473,443,113,291,1,-1,-1,-1
29,5,1090,481,33,116,1,-1,-1,-1
29,6,929,437,42,113,1,-1,-1,-1
29,7,1009,437,43,117,1,-1,-1,-1
29,8,1052,483,38,113,1,-1,-1,-1
29,9,1096,438,41,112,1,-1,-1,-1
29,10,1252,447,33,96,1,-1,-1,-1
29,12,654,465,65,183,1,-1,-1,-1
29,13,418,456,41,90,1,-1,-1,-1
29,15,592,424,21,42,1,-1,-1,-1
29,18,578,425,18,43,1,-1,-1,-1
29,20,1431,429,69,134,1,-1,-1,-1
30,1,1553,403,209,429,1,-1,-1,-1
30,2,1677,415,189,388,1,-1,-1,-1
30,3,599,443,88,272,1,-1,-1,-1
30,4,474,444,113,290,1,-1,-1,-1
30,5,1090,481,33,116,1,-1,-1,-1
30,6,929,436,42,114,1,-1,-1,-1
30,7,1008,439,43,118,1,-1,-1,-1
30,8,1052,483,38,113,1,-1,-1,-1
30,9,1095,438,42,113,1,-1,-1,-1
30,10,1252,447,33,96,1,-1,-1,-1
30,12,653,462,67,191,1,-1,-1,-1
30,13,418,456,41,90,1,-1,-1,-1
30,15,592,424,20,41,1,-1,-1,-1
30,18,578,425,18,43,1,-1,-1,-1
30,20,1434,429,69,133,1,-1,-1,-1
31,1,1567,398,210,439,1,-1,-1,-1
31,2,1686,415,193,392,1,-1,-1,-1
31,3,601,443,88,271,1,-1,-1,-1
31,4,475,443,113,292,1,-1,-1,-1
31,5,1090,481,33,117,1,-1,-1,-1
31,6,929,436,42,113,1,-1,-1,-1
31,7,1008,439,43,120,1,-1,-1,-1
31,8,1052,482,38,112,1,-1,-1,-1
31,9,1095,438,42,113,1,-1,-1,-1
31,10,1252,447,33,96,1,-1,-1,-1
31,12,654,459,67,194,1,-1,-1,-1
31,13,418,456,41,90,1,-1,-1,-1
31,15,592,425,20,40,1,-1,-1,-1
31,18,577,425,17,43,1,-1,-1,-1
31,20,1438,428,70,134,1,-1,-1,-1
31,16,579,429,19,42,1,-1,-1,-1
32,1,1583,396,207,444,1,-1,-1,-1
32,2,1699,414,197,394,1,-1,-1,-1
32,3,602,442,88,273,1,-1,-1,-1
32,4,476,443,113,294,1,-1,-1,-1
32,5,1090,482,33,116,1,-1,-1,-1
32,6,929,437,42,111,1,-1,-1,-1
32,7,1007,440,43,119,1,-1,-1,-1
32,8,1053,482,38,112,1,-1,-1,-1
32,9,1097,439,41,112,1,-1,-1,-1
32,10,1252,447,33,97,1,-1,-1,-1
32,12,654,459,67,195,1,-1,-1,-1
32,13,418,454,42,93,1,-1,-1,-1
32,15,592,425,20,41,1,-1,-1,-1
32,18,576,426,18,42,1,-1,-1,-1
32,20,1441,428,69,133,1,-1,-1,-1
32,16,579,429,19,43,1,-1,-1,-1
33,1,1595,394,207,449,1,-1,-1,-1
33,2,1705,415,201,395,1,-1,-1,-1
33,3,603,442,89,273,1,-1,-1,-1
33,4,477,442,113,297,1,-1,-1,-1
33,5,1090,483,33,115,1,-1,-1,-1
33,6,929,437,41,110,1,-1,-1,-1
33,7,1007,440,43,120,1,-1,-1,-1
33,8,1053,481,38,113,1,-1,-1,-1
33,9,1097,439,41,112,1,-1,-1,-1
33,10,1252,447,34,97,1,-1,-1,-1
33,12,656,458,67,196,1,-1,-1,-1
33,13,418,454,42,93,1,-1,-1,-1
33,15,592,425,20,41,1,-1,-1,-1
33,18,577,425,18,43,1,-1,-1,-1
33,20,1445,428,68,132,1,-1,-1,-1
33,16,579,429,20,43,1,-1,-1,-1
34,1,1605,395,203,445,1,-1,-1,-1
34,2,1707,415,206,402,1,-1,-1,-1
34,3,605,442,89,274,1,-1,-1,-1
34,4,478,444,112,297,1,-1,-1,-1
34,5,1089,483,33,116,1,-1,-1,-1
34,6,929,436,41,111,1,-1,-1,-1
34,7,1006,440,44,120,1,-1,-1,-1
34,8,1051,481,38,113,1,-1,-1,-1
34,9,1097,439,41,112,1,-1,-1,-1
34,10,1254,446,34,99,1,-1,-1,-1
34,12,657,456,67,199,1,-1,-1,-1
34,13,418,455,41,92,1,-1,-1,-1
34,15,592,425,20,40,1,-1,-1,-1
34,18,578,425,18,43,1,-1,-1,-1
34,20,1448,428,68,132,1,-1,-1,-1
34,17,1083,480,32,116,1,-1,-1,-1
35,1,1618,395,205,450,1,-1,-1,-1
35,2,1710,414,209,406,1,-1,-1,-1
35,3,606,442,89,274,1,-1,-1,-1
35,4,478,443,113,300,1,-1,-1,-1
35,5,1089,483,33,116,1,-1,-1,-1
35,6,929,437,41,111,1,-1,-1,-1
35,7,1006,439,44,121,1,-1,-1,-1
35,8,1051,482,37,112,1,-1,-1,-1
35,9,1096,438,42,112,1,-1,-1,-1
35,10,1253,446,34,98,1,-1,-1,-1
35,12,657,455,68,201,1,-1,-1,-1
35,13,417,457,41,90,1,-1,-1,-1
35,15,592,426,20,40,1,-1,-1,-1
35,18,577,425,18,43,1,-1,-1,-1
35,20,1450,428,67,131,1,-1,-1,-1
35,16,579,430,19,42,1,-1,-1,-1
36,1,1624,395,209,457,1,-1,-1,-1
36,2,1717,414,203,405,1,-1,-1,-1
36,3,607,442,89,274,1,-1,-1,-1
36,4,478,443,113,302,1,-1,-1,-1
36,5,1088,484,33,115,1,-1,-1,-1
36,6,928,437,42,111,1,-1,-1,-1
36,7,1007,441,42,118,1,-1,-1,-1
36,8,1051,483,37,111,1,-1,-1,-1
36,9,1096,438,41,112,1,-1,-1,-1
36,10,1254,446,35,100,1,-1,-1,-1
36,12,657,455,69,202,1,-1,-1,-1
36,13,417,459,41,89,1,-1,-1,-1
36,15,593,425,19,40,1,-1,-1,-1
36,18,578,425,18,42,1,-1,-1,-1
36,20,1451,428,67,132,1,-1,-1,-1
36,16,579,430,20,42,1,-1,-1,-1
37,1,1636,399,213,460,1,-1,-1,-1
37,2,1724,416,196,406,1,-1,-1,-1
37,3,610,442,88,273,1,-1,-1,-1
37,4,479,443,113,302,1,-1,-1,-1
37,5,1088,484,33,115,1,-1,-1,-1
37,6,929,436,42,112,1,-1,-1,-1
37,7,1007,440,42,116,1,-1,-1,-1
37,8,1052,484,37,111,1,-1,-1,-1
37,9,1096,439,41,111,1,-1,-1,-1
37,10,1255,446,34,100,1,-1,-1,-1
37,12,658,456,69,201,1,-1,-1,-1
37,13,417,460,40,88,1,-1,-1,-1
37,15,593,425,20,41,1,-1,-1,-1
37,18,578,425,18,42,1,-1,-1,-1
37,20,1452,429,67,132,1,-1,-1,-1
37,16,581,430,19,42,1,-1,-1,-1
38,1,1645,401,218,464,1,-1,-1,-1
38,2,1732,415,188,408,1,-1,-1,-1
38,3,611,442,88,273,1,-1,-1,-1
38,4,481,444,111,300,1,-1,-1,-1
38,5,1088,484,33,115,1,-1,-1,-1
38,6,929,436,42,112,1,-1,-1,-1
38,7,1007,440,43,118,1,-1,-1,-1
38,8,1053,484,37,111,1,-1,-1,-1
38,9,1097,440,40,110,1,-1,-1,-1
38,10,1255,445,35,101,1,-1,-1,-1
38,12,659,458,69,201,1,-1,-1,-1
38,13,417,460,40,88,1,-1,-1,-1
38,15,592,425,21,41,1,-1,-1,-1
38,18,579,425,18,42,1,-1,-1,-1
38,20,1453,429,67,133,1,-1,-1,-1
38,16,582,429,19,42,1,-1,-1,-1
38,31,581,459,39,129,1,-1,-1,-1
39,1,1652,402,221,464,1,-1,-1,-1
39,2,1739,414,181,418,1,-1,-1,-1
39,3,612,442,87,273,1,-1,-1,-1
39,4,482,445,110,298,1,-1,-1,-1
39,5,1089,484,33,115,1,-1,-1,-1
39,6,929,436,42,112,1,-1,-1,-1
39,7,1007,438,44,122,1,-1,-1,-1
39,8,1053,484,37,111,1,-1,-1,-1
39,9,1097,439,41,111,1,-1,-1,-1
39,10,1256,444,35,102,1,-1,-1,-1
39,12,660,459,70,201,1,-1,-1,-1
39,13,419,461,39,86,1,-1,-1,-1
39,15,593,424,20,39,1,-1,-1,-1
39,18,578,425,18,41,1,-1,-1,-1
39,20,1455,429,66,132,1,-1,-1,-1
39,16,581,429,19,42,1,-1,-1,-1
39,31,580,457,40,132,1,-1,-1,-1
40,1,1655,404,226,467,1,-1,-1,-1
40,2,1746,416,174,424,1,-1,-1,-1
40,3,614,445,87,267,1,-1,-1,-1
40,4,482,446,110,298,1,-1,-1,-1
40,5,1089,485,33,114,1,-1,-1,-1
40,6,929,436,42,111,1,-1,-1,-1
40,7,1007,438,44,121,1,-1,-1,-1
40,8,1053,484,37,111,1,-1,-1,-1
40,9,1097,439,41,110,1,-1,-1,-1
40,10,1256,443,35,103,1,-1,-1,-1
40,12,662,462,68,199,1,-1,-1,-1
40,13,419,461,40,87,1,-1,-1,-1
40,15,593,424,19,38,1,-1,-1,-1
40,18,579,425,17,40,1,-1,-1,-1
40,20,1456,427,67,134,1,-1,-1,-1
40,16,581,428,20,42,1,-1,-1,-1
40,31,581,461,38,127,1,-1,-1,-1
40,17,1083,481,33,114,1,-1,-1,-1
41,1,1660,406,231,470,1,-1,-1,-1
41,2,1755,418,165,433,1,-1,-1,-1
41,3,614,444,87,270,1,-1,-1,-1
41,4,482,447,110,298,1,-1,-1,-1
41,5,1089,484,33,115,1,-1,-1,-1
41,6,929,436,42,112,1,-1,-1,-1
41,7,1007,438,44,122,1,-1,-1,-1
41,8,1053,484,37,110,1,-1,-1,-1
41,9,1096,439,41,110,1,-1,-1,-1
41,10,1256,443,36,103,1,-1,-1,-1
41,12,663,462,69,200,1,-1,-1,-1
41,13,419,461,39,86,1,-1,-1,-1
41,15,593,424,20,39,1,-1,-1,-1
41,18,580,424,17,41,1,-1,-1,-1
41,20,1458,427,66,133,1,-1,-1,-1
41,16,582,428,20,41,1,-1,-1,-1
41,31,581,461,38,127,1,-1,-1,-1
41,17,1079,481,33,114,1,-1,-1,-1
42,1,1665,406,235,474,1,-1,-1,-1
42,2,1769,412,151,443,1,-1,-1,-1
42,3,615,444,87,270,1,-1,-1,-1
42,4,482,446,111,302,1,-1,-1,-1
42,5,1089,484,33,115,1,-1,-1,-1
42,6,929,435,42,113,1,-1,-1,-1
42,7,1006,439,45,122,1,-1,-1,-1
42,8,1054,483,37,111,1,-1,-1,-1
42,9,1096,439,41,110,1,-1,-1,-1
42,10,1257,443,35,103,1,-1,-1,-1
42,12,663,462,69,200,1,-1,-1,-1
42,13,418,461,40,86,1,-1,-1,-1
42,15,593,424,19,39,1,-1,-1,-1
42,18,580,424,18,40,1,-1,-1,-1
42,20,1460,426,66,134,1,-1,-1,-1
42,16,583,428,19,41,1,-1,-1,-1
42,31,581,461,39,127,1,-1,-1,-1
42,17,1078,480,32,115,1,-1,-1,-1
43,1,1672,403,240,481,1,-1,-1,-1
43,3,616,442,88,271,1,-1,-1,-1
43,4,481,446,112,306,1,-1,-1,-1
43,5,1089,484,33,115,1,-1,-1,-1
43,6,929,435,42,112,1,-1,-1,-1
43,7,1006,438,45,123,1,-1,-1,-1
43,8,1053,484,38,110,1,-1,-1,-1
43,9,1095,438,41,111,1,-1,-1,-1
43,10,1257,442,35,104,1,-1,-1,-1
43,12,663,459,71,203,1,-1,-1,-1
43,13,417,460,40,87,1,-1,-1,-1
43,15,593,424,20,40,1,-1,-1,-1
43,18,580,424,17,41,1,-1,-1,-1
43,20,1463,426,65,133,1,-1,-1,-1
43,16,583,427,20,42,1,-1,-1,-1
43,31,580,458,39,130,1,-1,-1,-1
44,1,1677,402,241,482,1,-1,-1,-1
44,3,617,442,88,270,1,-1,-1,-1
44,4,480,446,113,308,1,-1,-1,-1
44,5,1088,484,34,116,1,-1,-1,-1
44,6,929,435,42,112,1,-1,-1,-1
44,7,1007,438,44,123,1,-1,-1,-1
44,8,1054,484,37,110,1,-1,-1,-1
44,9,1095,438,41,111,1,-1,-1,-1
44,10,1257,442,35,104,1,-1,-1,-1
44,12,665,456,71,207,1,-1,-1,-1
44,13,417,460,40,87,1,-1,-1,-1
44,15,593,424,20,39,1,-1,-1,-1
44,18,580,424,17,41,1,-1,-1,-1
44,20,1466,426,65,131,1,-1,-1,-1
44,16,583,427,20,42,1,-1,-1,-1
44,31,580,458,39,130,1,-1,-1,-1
45,1,1687,395,233,489,1,-1,-1,-1
45,3,618,443,87,270,1,-1,-1,-1
45,4,480,445,113,309,1,-1,-1,-1
45,5,1088,484,34,116,1,-1,-1,-1
45,6,929,434,42,114,1,-1,-1,-1
45,7,1007,440,44,121,1,-1,-1,-1
45,8,1053,484,37,110,1,-1,-1,-1
45,9,1094,439,41,110,1,-1,-1,-1
45,10,1258,442,35,104,1,-1,-1,-1
45,12,665,455,72,208,1,-1,-1,-1
45,13,416,460,41,87,1,-1,-1,-1
45,15,593,423,20,41,1,-1,-1,-1
45,18,579,424,19,41,1,-1,-1,-1
45,20,1469,426,64,132,1,-1,-1,-1
45,16,583,427,20,43,1,-1,-1,-1
45,31,580,457,40,132,1,-1,-1,-1
46,1,1697,392,223,492,1,-1,-1,-1
46,3,618,441,88,272,1,-1,-1,-1
46,4,480,443,113,312,1,-1,-1,-1
46,5,1088,484,33,116,1,-1,-1,-1
46,6,928,434,43,114,1,-1,-1,-1
46,7,1006,440,44,121,1,-1,-1,-1
46,8,1053,484,37,110,1,-1,-1,-1
46,9,1094,439,42,110,1,-1,-1,-1
46,10,1258,443,35,103,1,-1,-1,-1
46,12,668,454,72,209,1,-1,-1,-1
46,13,417,460,40,86,1,-1,-1,-1
46,15,593,424,20,40,1,-1,-1,-1
46,18,579,424,18,42,1,-1,-1,-1
46,20,1473,428,63,130,1,-1,-1,-1
46,16,581,428,21,43,1,-1,-1,-1
46,31,581,457,39,132,1,-1,-1,-1
47,1,1710,390,210,494,1,-1,-1,-1
47,3,619,443,88,271,1,-1,-1,-1
47,4,479,442,114,313,1,-1,-1,-1
47,5,1088,484,33,116,1,-1,-1,-1
47,6,928,434,43,115,1,-1,-1,-1
47,7,1006,440,44,120,1,-1,-1,-1
47,8,1052,484,37,110,1,-1,-1,-1
47,9,1094,439,41,110,1,-1,-1,-1
47,10,1258,443,35,103,1,-1,-1,-1
47,12,669,454,72,208,1,-1,-1,-1
47,13,416,459,42,87,1,-1,-1,-1
47,15,593,424,20,42,1,-1,-1,-1
47,18,579,424,19,42,1,-1,-1,-1
47,20,1477,427,62,130,1,-1,-1,-1
47,16,582,428,21,43,1,-1,-1,-1
47,31,580,457,40,132,1,-1,-1,-1
48,1,1724,386,196,498,1,-1,-1,-1
48,3,621,444,88,271,1,-1,-1,-1
48,4,478,441,114,313,1,-1,-1,-1
48,5,1089,484,33,115,1,-1,-1,-1
48,6,929,435,42,113,1,-1,-1,-1
48,7,1007,439,44,121,1,-1,-1,-1
48,8,1052,484,37,110,1,-1,-1,-1
48,9,1094,438,41,111,1,-1,-1,-1
48,10,1258,443,35,103,1,-1,-1,-1
48,12,670,454,72,208,1,-1,-1,-1
48,13,417,459,41,87,1,-1,-1,-1
48,15,593,424,20,42,1,-1,-1,-1
48,18,579,424,18,42,1,-1,-1,-1
48,20,1482,430,59,126,1,-1,-1,-1
48,16,583,428,21,43,1,-1,-1,-1
48,31,580,455,40,134,1,-1,-1,-1
48,35,596,427,21,43,1,-1,-1,-1
48,17,1081,480,33,115,1,-1,-1,-1
49,1,1737,384,183,501,1,-1,-1,-1
49,3,622,444,88,271,1,-1,-1,-1
49,4,478,441,113,313,1,-1,-1,-1
49,5,1090,484,33,116,1,-1,-1,-1
49,6,929,435,43,113,1,-1,-1,-1
49,7,1008,439,44,121,1,-1,-1,-1
49,8,1053,484,37,110,1,-1,-1,-1
49,9,1094,438,42,111,1,-1,-1,-1
49,10,1258,444,35,102,1,-1,-1,-1
49,12,670,454,72,207,1,-1,-1,-1
49,13,417,458,41,89,1,-1,-1,-1
49,15,593,425,20,41,1,-1,-1,-1
49,18,579,425,19,42,1,-1,-1,-1
49,20,1487,435,57,121,1,-1,-1,-1
49,16,584,428,20,43,1,-1,-1,-1
49,31,580,454,41,135,1,-1,-1,-1
49,35,595,427,20,43,1,-1,-1,-1
49,17,1082,481,33,114,1,-1,-1,-1
50,1,1750,383,170,501,1,-1,-1,-1
50,3,624,444,88,272,1,-1,-1,-1
50,4,477,439,115,315,1,-1,-1,-1
50,5,1090,484,33,116,1,-1,-1,-1
50,6,929,434,43,114,1,-1,-1,-1
50,7,1009,440,44,121,1,-1,-1,-1
50,8,1053,483,37,111,1,-1,-1,-1
50,9,1095,438,41,111,1,-1,-1,-1
50,10,1259,444,34,102,1,-1,-1,-1
50,12,672,456,70,205,1,-1,-1,-1
50,13,417,458,42,89,1,-1,-1,-1
50,15,593,425,20,41,1,-1,-1,-1
50,18,579,425,18,42,1,-1,-1,-1
50,20,1490,434,57,123,1,-1,-1,-1
50,16,583,428,21,42,1,-1,-1,-1
50,31,580,454,41,135,1,-1,-1,-1
50,35,595,427,20,42,1,-1,-1,-1
50,17,1082,480,33,115,1,-1,-1,-1
51,1,1760,384,160,500,1,-1,-1,-1
51,3,624,445,88,271,1,-1,-1,-1
51,4,477,439,114,315,1,-1,-1,-1
51,5,1090,484,33,116,1,-1,-1,-1
51,6,929,434,42,114,1,-1,-1,-1
51,7,1009,439,44,122,1,-1,-1,-1
51,8,1053,483,38,111,1,-1,-1,-1
51,9,1095,438,41,110,1,-1,-1,-1
51,10,1259,444,34,102,1,-1,-1,-1
51,12,672,456,71,205,1,-1,-1,-1
51,13,417,458,41,89,1,-1,-1,-1
51,15,593,425,20,40,1,-1,-1,-1
51,18,579,425,18,41,1,-1,-1,-1
51,20,1493,434,57,123,1,-1,-1,-1
51,16,583,428,20,41,1,-1,-1,-1
51,31,580,453,41,136,1,-1,-1,-1
51,35,596,427,19,41,1,-1,-1,-1
51,17,1082,480,33,115,1,-1,-1,-1
52,1,1767,384,153,499,1,-1,-1,-1
52,3,624,445,88,272,1,-1,-1,-1
52,4,477,439,114,315,1,-1,-1,-1
52,5,1090,485,33,114,1,-1,-1,-1
52,6,929,434,42,113,1,-1,-1,-1
52,7,1008,439,44,122,1,-1,-1,-1
52,8,1053,483,37,111,1,-1,-1,-1
52,9,1095,438,41,110,1,-1,-1,-1
52,10,1258,444,35,102,1,-1,-1,-1
52,12,673,454,71,206,1,-1,-1,-1
52,13,417,457,42,91,1,-1,-1,-1
52,15,593,425,20,40,1,-1,-1,-1
52,18,580,425,18,41,1,-1,-1,-1
52,20,1498,434,56,123,1,-1,-1,-1
52,16,583,428,20,41,1,-1,-1,-1
52,31,581,454,41,135,1,-1,-1,-1
52,35,597,427,19,41,1,-1,-1,-1
52,17,1082,481,33,114,1,-1,-1,-1
53,1,1774,386,146,499,1,-1,-1,-1
53,3,625,445,88,272,1,-1,-1,-1
53,4,477,440,114,314,1,-1,-1,-1
53,5,1090,484,33,114,1,-1,-1,-1
53,6,929,435,42,113,1,-1,-1,-1
53,7,1008,439,43,119,1,-1,-1,-1
53,8,1053,483,37,111,1,-1,-1,-1
53,9,1094,439,41,110,1,-1,-1,-1
53,10,1259,445,34,102,1,-1,-1,-1
53,12,672,454,71,206,1,-1,-1,-1
53,13,418,457,41,90,1,-1,-1,-1
53,15,593,426,20,40,1,-1,-1,-1
53,18,580,426,18,40,1,-1,-1,-1
53,20,1501,433,57,124,1,-1,-1,-1
53,16,583,429,20,41,1,-1,-1,-1
53,31,581,455,40,135,1,-1,-1,-1
53,35,596,428,20,41,1,-1,-1,-1
53,17,1076,480,33,114,1,-1,-1,-1
54,1,1779,386,141,500,1,-1,-1,-1
54,3,625,444,88,273,1,-1,-1,-1
54,4,476,439,115,315,1,-1,-1,-1
54,5,1091,484,32,114,1,-1,-1,-1
54,6,929,435,42,113,1,-1,-1,-1
54,7,1007,439,43,118,1,-1,-1,-1
54,8,1052,483,38,111,1,-1,-1,-1
54,9,1094,438,42,111,1,-1,-1,-1
54,10,1259,445,35,103,1,-1,-1,-1
54,12,673,455,70,205,1,-1,-1,-1
54,13,418,458,41,89,1,-1,-1,-1
54,15,593,425,19,40,1,-1,-1,-1
54,18,580,425,17,40,1,-1,-1,-1
54,20,1503,432,57,124,1,-1,-1,-1
54,16,583,429,20,40,1,-1,-1,-1
54,31,582,456,40,134,1,-1,-1,-1
54,35,596,428,19,40,1,-1,-1,-1
54,17,1079,480,33,114,1,-1,-1,-1
55,1,1784,388,136,498,1,-1,-1,-1
55,3,623,442,89,276,1,-1,-1,-1
55,4,477,439,114,315,1,-1,-1,-1
55,5,1090,483,33,114,1,-1,-1,-1
55,6,929,435,42,113,1,-1,-1,-1
55,7,1006,439,43,118,1,-1,-1,-1
55,8,1053,483,37,111,1,-1,-1,-1
55,9,1094,438,41,110,1,-1,-1,-1
55,10,1259,445,35,104,1,-1,-1,-1
55,12,678,456,70,202,1,-1,-1,-1
55,13,418,459,41,89,1,-1,-1,-1
55,15,593,425,19,40,1,-1,-1,-1
55,18,579,426,18,40,1,-1,-1,-1
55,20,1505,433,56,123,1,-1,-1,-1
55,16,582,429,20,41,1,-1,-1,-1
55,31,582,457,40,133,1,-1,-1,-1
55,17,1081,481,33,113,1,-1,-1,-1
56,1,1790,389,130,497,1,-1,-1,-1
56,3,623,442,89,276,1,-1,-1,-1
56,4,478,438,115,316,1,-1,-1,-1
56,5,1091,483,32,114,1,-1,-1,-1
56,6,929,435,42,112,1,-1,-1,-1
56,7,1006,440,42,116,1,-1,-1,-1
56,8,1053,482,37,112,1,-1,-1,-1
56,9,1094,438,41,110,1,-1,-1,-1
56,10,1259,446,35,102,1,-1,-1,-1
56,12,681,456,70,202,1,-1,-1,-1
56,13,418,458,41,89,1,-1,-1,-1
56,15,593,425,20,41,1,-1,-1,-1
56,18,579,426,18,41,1,-1,-1,-1
56,20,1506,434,56,122,1,-1,-1,-1
56,16,582,429,20,42,1,-1,-1,-1
56,31,582,457,40,132,1,-1,-1,-1
56,17,1081,481,33,113,1,-1,-1,-1
57,1,1794,387,126,499,1,-1,-1,-1
57,3,623,442,90,277,1,-1,-1,-1
57,4,479,438,115,317,1,-1,-1,-1
57,5,1091,484,33,113,1,-1,-1,-1
57,6,929,435,42,112,1,-1,-1,-1
57,7,1005,440,42,115,1,-1,-1,-1
57,8,1054,482,37,113,1,-1,-1,-1
57,9,1094,437,42,111,1,-1,-1,-1
57,10,1259,446,35,102,1,-1,-1,-1
57,12,683,455,70,204,1,-1,-1,-1
57,13,418,458,41,90,1,-1,-1,-1
57,15,593,424,19,41,1,-1,-1,-1
57,18,578,425,18,41,1,-1,-1,-1
57,20,1508,434,56,121,1,-1,-1,-1
57,16,581,429,21,41,1,-1,-1,-1
57,31,582,456,40,133,1,-1,-1,-1
58,1,1799,385,121,501,1,-1,-1,-1
58,3,623,441,90,280,1,-1,-1,-1
58,4,480,439,116,317,1,-1,-1,-1
58,5,1092,483,33,114,1,-1,-1,-1
58,6,929,434,43,113,1,-1,-1,-1
58,7,1006,441,40,112,1,-1,-1,-1
58,8,1055,482,37,113,1,-1,-1,-1
58,9,1096,440,41,109,1,-1,-1,-1
58,10,1259,445,35,102,1,-1,-1,-1
58,12,683,453,72,209,1,-1,-1,-1
58,13,418,457,42,90,1,-1,-1,-1
58,15,593,424,19,40,1,-1,-1,-1
58,18,578,425,18,41,1,-1,-1,-1
58,20,1509,435,56,120,1,-1,-1,-1
58,16,580,428,21,41,1,-1,-1,-1
58,31,582,456,40,133,1,-1,-1,-1
59,1,1804,382,116,509,1,-1,-1,-1
59,3,624,441,90,279,1,-1,-1,-1
59,4,482,438,118,318,1,-1,-1,-1
59,5,1092,484,32,113,1,-1,-1,-1
59,6,929,434,43,113,1,-1,-1,-1
59,7,1006,441,39,111,1,-1,-1,-1
59,8,1055,483,37,111,1,-1,-1,-1
59,9,1097,440,40,108,1,-1,-1,-1
59,10,1260,447,34,100,1,-1,-1,-1
59,12,684,453,73,212,1,-1,-1,-1
59,13,419,457,41,90,1,-1,-1,-1
59,15,592,424,20,40,1,-1,-1,-1
59,18,576,425,19,41,1,-1,-1,-1
59,20,1511,436,56,119,1,-1,-1,-1
59,16,579,427,21,42,1,-1,-1,-1
59,31,581,456,41,132,1,-1,-1,-1
59,39,1068,480,31,114,1,-1,-1,-1
60,1,1808,378,112,517,1,-1,-1,-1
60,3,623,441,90,280,1,-1,-1,-1
60,4,485,437,119,321,1,-1,-1,-1
60,5,1091,485,33,113,1,-1,-1,-1
60,6,929,433,43,114,1,-1,-1,-1
60,7,1005,441,38,110,1,-1,-1,-1
60,8,1056,482,36,112,1,-1,-1,-1
60,9,1097,440,40,108,1,-1,-1,-1
60,10,1260,446,34,100,1,-1,-1,-1
60,12,685,456,72,210,1,-1,-1,-1
60,13,419,456,40,90,1,-1,-1,-1
60,15,592,424,20,40,1,-1,-1,-1
60,18,576,425,18,41,1,-1,-1,-1
60,20,1514,436,56,118,1,-1,-1,-1
60,16,579,426,21,42,1,-1,-1,-1
60,31,579,454,42,135,1,-1,-1,-1
60,39,1067,479,31,115,1,-1,-1,-1
61,3,623,441,91,282,1,-1,-1,-1
61,4,488,437,121,322,1,-1,-1,-1
61,5,1091,485,33,113,1,-1,-1,-1
61,6,929,434,42,113,1,-1,-1,-1
61,7,1004,442,38,109,1,-1,-1,-1
61,8,1057,482,36,112,1,-1,-1,-1
61,9,1095,439,41,110,1,-1,-1,-1
61,10,1260,446,34,100,1,-1,-1,-1
61,12,685,455,73,212,1,-1,-1,-1
61,13,419,456,41,90,1,-1,-1,-1
61,15,592,424,20,40,1,-1,-1,-1
61,18,575,424,19,42,1,-1,-1,-1
61,20,1518,432,57,123,1,-1,-1,-1
61,16,580,426,21,42,1,-1,-1,-1
61,31,579,455,41,134,1,-1,-1,-1
61,41,1031,443,36,113,1,-1,-1,-1
61,42,469,455,33,87,1,-1,-1,-1
62,3,622,441,91,282,1,-1,-1,-1
62,4,490,436,123,324,1,-1,-1,-1
62,5,1090,483,33,114,1,-1,-1,-1
62,6,929,434,42,113,1,-1,-1,-1
62,7,1003,443,39,109,1,-1,-1,-1
62,8,1056,482,37,112,1,-1,-1,-1
62,9,1095,437,41,110,1,-1,-1,-1
62,10,1259,446,35,102,1,-1,-1,-1
62,12,686,456,73,213,1,-1,-1,-1
62,13,420,456,40,89,1,-1,-1,-1
62,15,592,423,20,41,1,-1,-1,-1
62,18,575,424,19,42,1,-1,-1,-1
62,20,1523,433,55,122,1,-1,-1,-1
62,16,578,426,22,42,1,-1,-1,-1
62,31,580,457,41,134,1,-1,-1,-1
62,41,1032,444,36,112,1,-1,-1,-1
62,42,471,457,32,85,1,-1,-1,-1
62,17,1082,480,33,115,1,-1,-1,-1
62,39,1070,479,31,115,1,-1,-1,-1
63,3,621,441,91,285,1,-1,-1,-1
63,4,493,438,123,322,1,-1,-1,-1
63,5,1089,483,33,114,1,-1,-1,-1
63,6,928,434,43,114,1,-1,-1,-1
63,7,1002,444,39,110,1,-1,-1,-1
63,8,1056,482,36,111,1,-1,-1,-1
63,9,1094,437,41,110,1,-1,-1,-1
63,10,1259,445,35,101,1,-1,-1,-1
63,12,686,458,73,213,1,-1,-1,-1
63,13,420,457,40,89,1,-1,-1,-1
63,15,592,423,19,40,1,-1,-1,-1
63,18,575,424,18,41,1,-1,-1,-1
63,20,1525,432,55,122,1,-1,-1,-1
63,16,578,426,21,40,1,-1,-1,-1
63,31,580,455,41,134,1,-1,-1,-1
63,41,1032,445,35,110,1,-1,-1,-1
63,42,472,457,32,87,1,-1,-1,-1
63,39,1066,478,31,116,1,-1,-1,-1
63,35,595,427,19,40,1,-1,-1,-1
64,3,621,442,90,283,1,-1,-1,-1
64,4,494,439,124,322,1,-1,-1,-1
64,5,1088,482,33,115,1,-1,-1,-1
64,6,928,435,43,113,1,-1,-1,-1
64,7,1002,443,38,110,1,-1,-1,-1
64,8,1056,481,36,112,1,-1,-1,-1
64,9,1094,437,41,110,1,-1,-1,-1
64,10,1259,445,35,101,1,-1,-1,-1
64,12,686,458,74,215,1,-1,-1,-1
64,13,419,457,40,88,1,-1,-1,-1
64,15,592,424,20,40,1,-1,-1,-1
64,18,574,425,19,41,1,-1,-1,-1
64,20,1526,432,56,122,1,-1,-1,-1
64,16,578,427,20,41,1,-1,-1,-1
64,41,1032,445,36,110,1,-1,-1,-1
64,42,472,456,33,89,1,-1,-1,-1
64,39,1069,478,32,117,1,-1,-1,-1
64,35,594,427,20,41,1,-1,-1,-1
65,3,621,445,90,282,1,-1,-1,-1
65,4,496,438,125,323,1,-1,-1,-1
65,5,1087,482,33,115,1,-1,-1,-1
65,6,928,435,43,113,1,-1,-1,-1
65,7,1001,442,39,112,1,-1,-1,-1
65,8,1054,481,37,112,1,-1,-1,-1
65,9,1093,437,41,110,1,-1,-1,-1
65,10,1259,445,34,101,1,-1,-1,-1
65,12,687,458,74,216,1,-1,-1,-1
65,13,418,455,41,91,1,-1,-1,-1
65,15,591,424,21,42,1,-1,-1,-1
65,18,574,425,19,40,1,-1,-1,-1
65,20,1530,432,55,122,1,-1,-1,-1
65,16,581,427,20,41,1,-1,-1,-1
65,41,1033,444,36,112,1,-1,-1,-1
65,42,472,457,34,90,1,-1,-1,-1
65,35,594,427,21,43,1,-1,-1,-1
66,3,621,445,90,284,1,-1,-1,-1
66,4,497,440,125,322,1,-1,-1,-1
66,5,1087,482,33,115,1,-1,-1,-1
66,6,928,435,43,113,1,-1,-1,-1
66,7,1000,441,40,113,1,-1,-1,-1
66,8,1054,482,37,111,1,-1,-1,-1
66,9,1093,437,41,110,1,-1,-1,-1
66,10,1259,445,34,100,1,-1,-1,-1
66,12,688,457,74,216,1,-1,-1,-1
66,13,418,455,41,91,1,-1,-1,-1
66,15,591,425,22,43,1,-1,-1,-1
66,18,575,424,19,41,1,-1,-1,-1
66,20,1534,429,56,125,1,-1,-1,-1
66,16,584,427,20,41,1,-1,-1,-1
66,41,1033,444,36,113,1,-1,-1,-1
66,42,472,457,34,92,1,-1,-1,-1
66,35,594,427,22,45,1,-1,-1,-1
66,17,1079,480,33,115,1,-1,-1,-1
67,3,620,446,91,284,1,-1,-1,-1
67,4,498,441,126,321,1,-1,-1,-1
67,5,1087,482,33,115,1,-1,-1,-1
67,6,928,435,43,113,1,-1,-1,-1
67,7,1000,440,40,112,1,-1,-1,-1
67,8,1054,482,36,111,1,-1,-1,-1
67,9,1094,438,40,108,1,-1,-1,-1
67,10,1259,447,34,99,1,-1,-1,-1
67,12,689,458,74,215,1,-1,-1,-1
67,13,419,454,40,91,1,-1,-1,-1
67,15,592,424,21,44,1,-1,-1,-1
67,18,576,423,19,41,1,-1,-1,-1
67,20,1538,428,57,125,1,-1,-1,-1
67,16,586,426,20,40,1,-1,-1,-1
67,41,1033,444,37,114,1,-1,-1,-1
67,42,473,458,34,91,1,-1,-1,-1
67,35,595,427,21,45,1,-1,-1,-1
67,17,1077,480,34,114,1,-1,-1,-1
68,3,620,446,90,284,1,-1,-1,-1
68,4,502,444,126,319,1,-1,-1,-1
68,5,1088,482,33,115,1,-1,-1,-1
68,6,928,435,43,113,1,-1,-1,-1
68,7,1000,440,39,111,1,-1,-1,-1
68,8,1054,486,35,108,1,-1,-1,-1
68,9,1094,438,41,109,1,-1,-1,-1
68,10,1259,448,34,99,1,-1,-1,-1
68,12,692,456,74,217,1,-1,-1,-1
68,13,419,453,40,91,1,-1,-1,-1
68,15,592,424,21,44,1,-1,-1,-1
68,18,577,422,18,40,1,-1,-1,-1
68,20,1540,428,56,125,1,-1,-1,-1
68,16,587,426,19,39,1,-1,-1,-1
68,41,1034,444,35,110,1,-1,-1,-1
68,42,479,457,35,94,1,-1,-1,-1
68,35,596,427,21,46,1,-1,-1,-1
68,17,1078,481,33,113,1,-1,-1,-1
69,3,620,446,90,284,1,-1,-1,-1
69,4,504,444,126,318,1,-1,-1,-1
69,5,1088,481,33,116,1,-1,-1,-1
69,6,929,435,42,112,1,-1,-1,-1
69,7,1000,439,40,111,1,-1,-1,-1
69,8,1053,485,35,109,1,-1,-1,-1
69,9,1095,438,40,109,1,-1,-1,-1
69,10,1259,448,34,100,1,-1,-1,-1
69,12,692,458,75,216,1,-1,-1,-1
69,13,419,453,41,90,1,-1,-1,-1
69,15,593,423,20,43,1,-1,-1,-1
69,18,579,420,18,40,1,-1,-1,-1
69,20,1541,427,55,126,1,-1,-1,-1
69,16,588,425,19,38,1,-1,-1,-1
69,41,1036,444,35,108,1,-1,-1,-1
69,42,475,457,36,97,1,-1,-1,-1
69,35,598,427,20,43,1,-1,-1,-1
69,17,1078,481,33,113,1,-1,-1,-1
69,46,490,455,29,87,1,-1,-1,-1
70,3,619,445,90,285,1,-1,-1,-1
70,4,506,446,126,316,1,-1,-1,-1
70,5,1088,482,33,115,1,-1,-1,-1
70,6,929,434,42,114,1,-1,-1,-1
70,7,1001,438,39,112,1,-1,-1,-1
70,8,1052,485,36,109,1,-1,-1,-1
70,9,1095,438,40,109,1,-1,-1,-1
70,10,1259,448,35,100,1,-1,-1,-1
70,12,694,459,74,216,1,-1,-1,-1
70,13,420,453,40,90,1,-1,-1,-1
70,15,593,421,20,43,1,-1,-1,-1
70,18,580,420,18,38,1,-1,-1,-1
70,20,1542,427,55,126,1,-1,-1,-1
70,16,588,425,19,36,1,-1,-1,-1
70,41,1037,444,35,107,1,-1,-1,-1
70,42,474,458,37,100,1,-1,-1,-1
70,35,600,426,20,41,1,-1,-1,-1
70,17,1079,481,32,113,1,-1,-1,-1
70,46,489,454,32,95,1,-1,-1,-1
71,3,618,444,91,285,1,-1,-1,-1
71,4,508,446,126,316,1,-1,-1,-1
71,5,1087,481,34,116,1,-1,-1,-1
71,6,929,435,42,113,1,-1,-1,-1
71,7,1001,438,40,113,1,-1,-1,-1
71,8,1051,483,37,111,1,-1,-1,-1
71,9,1094,437,41,110,1,-1,-1,-1
71,10,1259,446,35,100,1,-1,-1,-1
71,12,694,458,75,217,1,-1,-1,-1
71,13,420,453,39,89,1,-1,-1,-1
71,15,593,421,20,41,1,-1,-1,-1
71,18,581,419,17,38,1,-1,-1,-1
71,20,1543,427,54,126,1,-1,-1,-1
71,16,588,424,19,36,1,-1,-1,-1
71,41,1040,446,33,103,1,-1,-1,-1
71,42,472,459,36,100,1,-1,-1,-1
72,3,617,443,91,287,1,-1,-1,-1
72,4,509,444,127,320,1,-1,-1,-1
72,5,1088,481,33,116,1,-1,-1,-1
72,6,928,435,43,113,1,-1,-1,-1
72,7,1001,437,40,113,1,-1,-1,-1
72,8,1051,482,36,112,1,-1,-1,-1
72,9,1094,437,41,111,1,-1,-1,-1
72,10,1259,447,35,100,1,-1,-1,-1
72,12,695,458,76,217,1,-1,-1,-1
72,13,419,453,40,89,1,-1,-1,-1
72,15,593,421,20,41,1,-1,-1,-1
72,18,579,420,18,36,1,-1,-1,-1
72,20,1543,427,55,127,1,-1,-1,-1
72,16,587,425,19,35,1,-1,-1,-1
72,41,1041,445,33,102,1,-1,-1,-1
72,42,470,461,36,100,1,-1,-1,-1
72,17,1081,481,32,113,1,-1,-1,-1
73,3,617,444,91,285,1,-1,-1,-1
73,4,511,442,127,323,1,-1,-1,-1
73,5,1088,481,33,117,1,-1,-1,-1
73,6,928,435,43,112,1,-1,-1,-1
73,7,1001,437,40,113,1,-1,-1,-1
73,8,1051,481,37,113,1,-1,-1,-1
73,9,1094,437,41,112,1,-1,-1,-1
73,10,1259,446,35,100,1,-1,-1,-1
73,12,697,457,75,219,1,-1,-1,-1
73,13,419,453,39,88,1,-1,-1,-1
73,15,593,421,19,39,1,-1,-1,-1
73,18,580,420,17,36,1,-1,-1,-1
73,20,1544,426,55,127,1,-1,-1,-1
73,41,1042,444,33,101,1,-1,-1,-1
73,42,468,461,38,103,1,-1,-1,-1
73,48,499,452,29,93,1,-1,-1,-1
74,3,616,444,91,285,1,-1,-1,-1
74,4,514,440,127,325,1,-1,-1,-1
74,5,1088,482,33,116,1,-1,-1,-1
74,6,928,435,43,113,1,-1,-1,-1
74,7,1000,437,41,114,1,-1,-1,-1
74,8,1051,480,37,114,1,-1,-1,-1
74,9,1094,437,41,112,1,-1,-1,-1
74,10,1259,447,35,100,1,-1,-1,-1
74,12,698,457,76,219,1,-1,-1,-1
74,13,419,453,39,88,1,-1,-1,-1
74,15,593,420,19,39,1,-1,-1,-1
74,18,580,420,17,36,1,-1,-1,-1
74,20,1546,426,55,127,1,-1,-1,-1
74,41,1043,444,33,101,1,-1,-1,-1
74,42,467,461,37,104,1,-1,-1,-1
74,48,498,453,30,98,1,-1,-1,-1
74,17,1082,481,32,113,1,-1,-1,-1
75,3,615,443,92,286,1,-1,-1,-1
75,4,518,439,127,326,1,-1,-1,-1
75,5,1087,483,34,115,1,-1,-1,-1
75,6,928,435,43,113,1,-1,-1,-1
75,7,1000,437,41,114,1,-1,-1,-1
75,8,1051,480,38,114,1,-1,-1,-1
75,9,1094,438,41,111,1,-1,-1,-1
75,10,1259,448,35,100,1,-1,-1,-1
75,12,699,458,76,219,1,-1,-1,-1
75,13,419,453,40,88,1,-1,-1,-1
75,15,593,420,19,37,1,-1,-1,-1
75,18,579,420,18,36,1,-1,-1,-1
75,20,1549,427,53,125,1,-1,-1,-1
75,41,1044,443,34,103,1,-1,-1,-1
75,42,466,461,38,105,1,-1,-1,-1
75,48,497,453,32,104,1,-1,-1,-1
76,3,616,444,91,285,1,-1,-1,-1
76,4,520,439,126,326,1,-1,-1,-1
76,5,1087,483,34,115,1,-1,-1,-1
76,6,928,435,43,112,1,-1,-1,-1
76,7,1000,438,41,114,1,-1,-1,-1
76,8,1051,480,38,114,1,-1,-1,-1
76,9,1094,438,42,111,1,-1,-1,-1
76,10,1259,447,35,101,1,-1,-1,-1
76,12,700,458,76,218,1,-1,-1,-1
76,13,419,454,39,88,1,-1,-1,-1
76,15,593,420,19,37,1,-1,-1,-1
76,18,579,421,17,37,1,-1,-1,-1
76,20,1551,428,52,124,1,-1,-1,-1
76,41,1044,444,34,103,1,-1,-1,-1
76,42,466,461,38,106,1,-1,-1,-1
76,48,496,453,33,106,1,-1,-1,-1
77,3,616,443,91,286,1,-1,-1,-1
77,4,523,439,126,327,1,-1,-1,-1
77,5,1087,483,33,115,1,-1,-1,-1
77,6,929,435,42,112,1,-1,-1,-1
77,7,1000,438,42,116,1,-1,-1,-1
77,8,1051,480,38,114,1,-1,-1,-1
77,9,1095,438,41,111,1,-1,-1,-1
77,10,1259,447,35,101,1,-1,-1,-1
77,12,702,457,77,219,1,-1,-1,-1
77,13,419,454,39,88,1,-1,-1,-1
77,15,593,420,19,37,1,-1,-1,-1
77,18,578,422,18,36,1,-1,-1,-1
77,20,1554,429,51,123,1,-1,-1,-1
77,41,1045,444,33,101,1,-1,-1,-1
77,42,465,461,38,107,1,-1,-1,-1
77,48,496,453,34,111,1,-1,-1,-1
78,3,616,443,92,286,1,-1,-1,-1
78,4,526,439,125,328,1,-1,-1,-1
78,5,1087,481,34,118,1,-1,-1,-1
78,6,928,435,42,112,1,-1,-1,-1
78,7,1000,438,41,115,1,-1,-1,-1
78,8,1051,479,37,114,1,-1,-1,-1
78,9,1095,440,41,109,1,-1,-1,-1
78,10,1259,447,35,101,1,-1,-1,-1
78,12,706,458,78,219,1,-1,-1,-1
78,13,419,455,39,88,1,-1,-1,-1
78,15,593,422,18,37,1,-1,-1,-1
78,18,578,422,17,37,1,-1,-1,-1
78,41,1045,445,34,101,1,-1,-1,-1
78,42,465,460,37,108,1,-1,-1,-1
78,48,495,453,34,111,1,-1,-1,-1
79,3,617,442,91,287,1,-1,-1,-1
79,4,529,439,124,330,1,-1,-1,-1
79,5,1087,481,34,118,1,-1,-1,-1
79,6,928,435,42,112,1,-1,-1,-1
79,7,1001,438,41,115,1,-1,-1,-1
79,8,1051,479,37,114,1,-1,-1,-1
79,9,1096,440,41,109,1,-1,-1,-1
79,10,1259,446,35,100,1,-1,-1,-1
79,12,709,458,79,220,1,-1,-1,-1
79,13,419,454,39,88,1,-1,-1,-1
79,15,593,423,18,36,1,-1,-1,-1
79,18,577,423,18,37,1,-1,-1,-1
79,41,1045,448,33,98,1,-1,-1,-1
79,42,464,461,38,106,1,-1,-1,-1
79,48,495,453,34,111,1,-1,-1,-1
80,3,616,441,92,289,1,-1,-1,-1
80,4,532,440,123,332,1,-1,-1,-1
80,5,1087,481,34,118,1,-1,-1,-1
80,6,928,434,43,113,1,-1,-1,-1
80,7,1001,438,41,114,1,-1,-1,-1
80,8,1051,479,37,114,1,-1,-1,-1
80,9,1096,440,41,110,1,-1,-1,-1
80,10,1259,446,36,102,1,-1,-1,-1
80,12,713,455,82,225,1,-1,-1,-1
80,13,420,455,39,88,1,-1,-1,-1
80,15,594,424,18,35,1,-1,-1,-1
80,18,578,423,17,37,1,-1,-1,-1
80,42,464,461,37,105,1,-1,-1,-1
80,48,495,454,34,109,1,-1,-1,-1
81,3,616,440,93,291,1,-1,-1,-1
81,4,534,440,122,332,1,-1,-1,-1
81,5,1086,481,34,117,1,-1,-1,-1
81,6,928,435,43,112,1,-1,-1,-1
81,7,1001,439,41,113,1,-1,-1,-1
81,8,1051,480,37,113,1,-1,-1,-1
81,9,1096,440,41,110,1,-1,-1,-1
81,10,1259,447,36,101,1,-1,-1,-1
81,12,715,454,84,227,1,-1,-1,-1
81,13,421,455,38,88,1,-1,-1,-1
81,15,594,424,18,35,1,-1,-1,-1
81,18,578,423,18,37,1,-1,-1,-1
81,42,465,462,35,103,1,-1,-1,-1
81,48,495,454,33,108,1,-1,-1,-1
82,3,618,442,93,289,1,-1,-1,-1
82,4,537,440,121,334,1,-1,-1,-1
82,5,1087,481,34,117,1,-1,-1,-1
82,6,929,434,42,114,1,-1,-1,-1
82,7,1001,439,41,113,1,-1,-1,-1
82,8,1051,479,37,114,1,-1,-1,-1
82,9,1097,440,41,110,1,-1,-1,-1
82,10,1259,445,36,102,1,-1,-1,-1
82,12,718,453,84,226,1,-1,-1,-1
82,13,421,455,39,89,1,-1,-1,-1
82,15,593,424,19,36,1,-1,-1,-1
82,18,577,423,18,37,1,-1,-1,-1
82,42,464,463,35,102,1,-1,-1,-1
82,48,495,455,34,108,1,-1,-1,-1
82,51,579,428,20,35,1,-1,-1,-1
83,3,621,443,92,288,1,-1,-1,-1
83,4,540,439,120,335,1,-1,-1,-1
83,5,1087,481,34,117,1,-1,-1,-1
83,6,929,434,42,112,1,-1,-1,-1
83,7,1002,439,41,114,1,-1,-1,-1
83,8,1051,479,38,114,1,-1,-1,-1
83,9,1096,439,42,111,1,-1,-1,-1
83,10,1259,446,35,101,1,-1,-1,-1
83,12,719,454,85,224,1,-1,-1,-1
83,13,422,455,39,89,1,-1,-1,-1
83,15,593,424,19,36,1,-1,-1,-1
83,18,577,423,19,38,1,-1,-1,-1
83,42,464,463,35,101,1,-1,-1,-1
83,48,495,455,34,109,1,-1,-1,-1
83,51,579,428,20,35,1,-1,-1,-1
84,3,625,444,92,288,1,-1,-1,-1
84,4,542,440,119,333,1,-1,-1,-1
84,5,1087,481,34,117,1,-1,-1,-1
84,6,929,434,42,112,1,-1,-1,-1
84,7,1002,440,41,112,1,-1,-1,-1
84,8,1052,479,37,114,1,-1,-1,-1
84,9,1096,438,42,112,1,-1,-1,-1
84,10,1259,447,35,101,1,-1,-1,-1
84,12,721,454,85,224,1,-1,-1,-1
84,13,424,456,38,88,1,-1,-1,-1
84,15,593,424,19,36,1,-1,-1,-1
84,18,577,423,19,39,1,-1,-1,-1
84,42,464,463,35,101,1,-1,-1,-1
84,48,495,455,34,109,1,-1,-1,-1
84,51,579,428,21,35,1,-1,-1,-1
85,3,628,446,92,286,1,-1,-1,-1
85,4,543,442,118,334,1,-1,-1,-1
85,5,1087,481,34,117,1,-1,-1,-1
85,6,930,434,42,112,1,-1,-1,-1
85,7,1002,440,41,112,1,-1,-1,-1
85,8,1051,479,38,115,1,-1,-1,-1
85,9,1096,439,41,110,1,-1,-1,-1
85,10,1260,446,35,100,1,-1,-1,-1
85,12,722,454,85,224,1,-1,-1,-1
85,13,424,455,38,89,1,-1,-1,-1
85,15,593,424,19,36,1,-1,-1,-1
85,18,578,423,18,39,1,-1,-1,-1
85,42,464,463,35,103,1,-1,-1,-1
85,48,494,455,34,108,1,-1,-1,-1
85,51,581,427,20,36,1,-1,-1,-1
86,3,630,446,91,286,1,-1,-1,-1
86,4,544,441,118,335,1,-1,-1,-1
86,5,1088,481,34,117,1,-1,-1,-1
86,6,930,434,42,112,1,-1,-1,-1
86,7,1001,440,41,111,1,-1,-1,-1
86,8,1051,479,37,115,1,-1,-1,-1
86,9,1096,441,41,108,1,-1,-1,-1
86,10,1260,447,34,100,1,-1,-1,-1
86,12,723,453,87,225,1,-1,-1,-1
86,13,425,456,38,88,1,-1,-1,-1
86,15,593,424,19,36,1,-1,-1,-1
86,18,578,423,19,39,1,-1,-1,-1
86,42,464,463,36,105,1,-1,-1,-1
86,48,494,456,33,107,1,-1,-1,-1
86,51,581,428,20,35,1,-1,-1,-1
87,3,631,445,92,286,1,-1,-1,-1
87,4,545,440,119,340,1,-1,-1,-1
87,5,1087,480,35,118,1,-1,-1,-1
87,6,929,434,43,112,1,-1,-1,-1
87,7,1002,441,40,108,1,-1,-1,-1
87,8,1050,479,38,114,1,-1,-1,-1
87,9,1096,441,41,108,1,-1,-1,-1
87,10,1259,447,35,100,1,-1,-1,-1
87,12,723,453,87,226,1,-1,-1,-1
87,13,425,457,38,87,1,-1,-1,-1
87,15,593,424,19,36,1,-1,-1,-1
87,18,579,423,19,40,1,-1,-1,-1
87,42,463,462,36,106,1,-1,-1,-1
87,48,493,456,33,107,1,-1,-1,-1
88,3,632,445,93,287,1,-1,-1,-1
88,4,546,438,119,344,1,-1,-1,-1
88,5,1087,480,35,118,1,-1,-1,-1
88,6,929,435,42,112,1,-1,-1,-1
88,7,1002,440,39,108,1,-1,-1,-1
88,8,1050,480,38,113,1,-1,-1,-1
88,9,1096,441,42,109,1,-1,-1,-1
88,10,1260,447,34,100,1,-1,-1,-1
88,12,725,455,87,225,1,-1,-1,-1
88,13,425,457,38,87,1,-1,-1,-1
88,15,594,423,18,37,1,-1,-1,-1
88,18,580,424,18,40,1,-1,-1,-1
88,42,462,462,36,105,1,-1,-1,-1
88,48,495,455,32,107,1,-1,-1,-1
89,3,634,445,93,289,1,-1,-1,-1
89,4,548,439,118,344,1,-1,-1,-1
89,5,1087,480,35,118,1,-1,-1,-1
89,6,929,434,42,113,1,-1,-1,-1
89,7,1002,441,40,109,1,-1,-1,-1
89,8,1050,480,38,113,1,-1,-1,-1
89,9,1097,441,41,109,1,-1,-1,-1
89,10,1259,447,35,101,1,-1,-1,-1
89,12,726,455,88,226,1,-1,-1,-1
89,13,425,457,38,87,1,-1,-1,-1
89,15,593,424,19,37,1,-1,-1,-1
89,18,580,425,18,40,1,-1,-1,-1
89,42,462,462,36,105,1,-1,-1,-1
89,48,495,455,33,109,1,-1,-1,-1
90,3,635,444,94,290,1,-1,-1,-1
90,4,548,440,118,346,1,-1,-1,-1
90,5,1088,480,35,118,1,-1,-1,-1
90,6,929,435,42,112,1,-1,-1,-1
90,7,1003,440,39,110,1,-1,-1,-1
90,8,1051,479,37,115,1,-1,-1,-1
90,9,1097,441,41,110,1,-1,-1,-1
90,10,1259,447,35,100,1,-1,-1,-1
90,12,728,454,88,227,1,-1,-1,-1
90,13,425,456,38,88,1,-1,-1,-1
90,15,593,425,20,38,1,-1,-1,-1
90,18,579,425,19,41,1,-1,-1,-1
90,42,463,463,36,105,1,-1,-1,-1
90,48,495,454,32,108,1,-1,-1,-1
91,3,635,443,95,292,1,-1,-1,-1
91,4,549,440,119,349,1,-1,-1,-1
91,5,1087,480,35,118,1,-1,-1,-1
91,6,930,435,42,112,1,-1,-1,-1
91,7,1003,440,40,110,1,-1,-1,-1
91,8,1051,480,37,113,1,-1,-1,-1
91,9,1098,440,41,110,1,-1,-1,-1
91,10,1259,446,35,100,1,-1,-1,-1
91,12,729,452,88,229,1,-1,-1,-1
91,13,426,455,38,89,1,-1,-1,-1
91,15,593,425,19,39,1,-1,-1,-1
91,18,579,426,18,41,1,-1,-1,-1
91,42,463,463,36,104,1,-1,-1,-1
91,48,496,454,31,104,1,-1,-1,-1
92,3,636,442,96,293,1,-1,-1,-1
92,4,550,440,119,353,1,-1,-1,-1
92,5,1087,479,35,118,1,-1,-1,-1
92,6,930,435,42,112,1,-1,-1,-1
92,7,1002,441,40,110,1,-1,-1,-1
92,8,1051,481,36,111,1,-1,-1,-1
92,9,1098,439,42,109,1,-1,-1,-1
92,10,1259,446,35,100,1,-1,-1,-1
92,12,731,450,88,232,1,-1,-1,-1
92,13,427,454,38,88,1,-1,-1,-1
92,15,593,426,19,38,1,-1,-1,-1
92,18,578,426,19,40,1,-1,-1,-1
92,42,464,464,36,106,1,-1,-1,-1
92,48,495,454,31,106,1,-1,-1,-1
93,3,636,442,97,295,1,-1,-1,-1
93,4,550,441,119,353,1,-1,-1,-1
93,5,1087,479,35,119,1,-1,-1,-1
93,6,930,435,42,112,1,-1,-1,-1
93,7,1003,441,39,110,1,-1,-1,-1
93,8,1050,481,37,111,1,-1,-1,-1
93,9,1098,439,41,109,1,-1,-1,-1
93,10,1259,446,35,100,1,-1,-1,-1
93,12,733,451,88,232,1,-1,-1,-1
93,13,428,455,37,86,1,-1,-1,-1
93,15,593,426,19,39,1,-1,-1,-1
93,18,577,426,19,41,1,-1,-1,-1
93,42,463,464,37,106,1,-1,-1,-1
93,48,495,454,32,107,1,-1,-1,-1
94,3,638,442,97,296,1,-1,-1,-1
94,4,549,442,120,356,1,-1,-1,-1
94,5,1087,479,35,119,1,-1,-1,-1
94,6,930,435,42,112,1,-1,-1,-1
94,7,1003,441,40,109,1,-1,-1,-1
94,8,1050,481,37,111,1,-1,-1,-1
94,9,1098,438,42,110,1,-1,-1,-1
94,10,1259,446,35,100,1,-1,-1,-1
94,12,736,451,87,232,1,-1,-1,-1
94,13,428,455,37,86,1,-1,-1,-1
94,15,593,426,19,39,1,-1,-1,-1
94,18,577,426,19,41,1,-1,-1,-1
94,42,461,464,37,107,1,-1,-1,-1
94,48,495,454,32,108,1,-1,-1,-1
95,3,640,442,98,296,1,-1,-1,-1
95,4,548,441,120,360,1,-1,-1,-1
95,5,1087,480,35,117,1,-1,-1,-1
95,6,930,435,42,112,1,-1,-1,-1
95,7,1003,441,39,109,1,-1,-1,-1
95,8,1050,480,37,112,1,-1,-1,-1
95,9,1098,439,41,109,1,-1,-1,-1
95,10,1259,445,35,103,1,-1,-1,-1
95,12,738,452,86,232,1,-1,-1,-1
95,13,428,457,36,85,1,-1,-1,-1
95,15,593,426,20,39,1,-1,-1,-1
95,18,577,427,18,40,1,-1,-1,-1
95,42,459,465,37,106,1,-1,-1,-1
95,48,496,454,32,109,1,-1,-1,-1
96,3,641,440,98,299,1,-1,-1,-1
96,4,547,441,120,361,1,-1,-1,-1
96,5,1087,480,35,118,1,-1,-1,-1
96,6,930,435,42,112,1,-1,-1,-1
96,7,1002,441,39,110,1,-1,-1,-1
96,8,1050,480,37,113,1,-1,-1,-1
96,9,1098,439,40,109,1,-1,-1,-1
96,10,1259,446,35,103,1,-1,-1,-1
96,12,740,451,86,233,1,-1,-1,-1
96,13,429,460,36,83,1,-1,-1,-1
96,15,593,425,20,40,1,-1,-1,-1
96,18,576,426,19,41,1,-1,-1,-1
96,42,459,466,36,105,1,-1,-1,-1
96,48,496,455,33,111,1,-1,-1,-1
97,3,643,441,98,298,1,-1,-1,-1
97,4,548,441,118,360,1,-1,-1,-1
97,5,1087,480,34,118,1,-1,-1,-1
97,6,930,435,42,112,1,-1,-1,-1
97,7,1002,442,39,109,1,-1,-1,-1
97,8,1050,481,37,112,1,-1,-1,-1
97,9,1097,439,41,109,1,-1,-1,-1
97,10,1258,446,36,103,1,-1,-1,-1
97,12,742,451,85,234,1,-1,-1,-1
97,13,431,465,33,76,1,-1,-1,-1
97,42,457,467,36,105,1,-1,-1,-1
97,48,496,456,34,111,1,-1,-1,-1
98,3,644,440,99,300,1,-1,-1,-1
98,4,549,442,118,357,1,-1,-1,-1
98,5,1087,480,35,118,1,-1,-1,-1
98,6,929,435,43,112,1,-1,-1,-1
98,7,1001,441,40,112,1,-1,-1,-1
98,8,1050,480,37,113,1,-1,-1,-1
98,9,1097,438,41,110,1,-1,-1,-1
98,10,1258,445,36,103,1,-1,-1,-1
98,12,744,450,86,237,1,-1,-1,-1
98,13,429,464,34,77,1,-1,-1,-1
98,42,456,468,36,103,1,-1,-1,-1
98,48,499,456,33,110,1,-1,-1,-1
98,46,493,459,35,104,1,-1,-1,-1
99,3,646,440,99,300,1,-1,-1,-1
99,4,550,441,117,358,1,-1,-1,-1
99,5,1086,480,35,118,1,-1,-1,-1
99,6,929,434,43,112,1,-1,-1,-1
99,7,1001,441,40,112,1,-1,-1,-1
99,8,1051,480,38,113,1,-1,-1,-1
99,9,1098,439,41,109,1,-1,-1,-1
99,10,1258,446,36,101,1,-1,-1,-1
99,12,747,451,85,236,1,-1,-1,-1
99,13,430,466,33,77,1,-1,-1,-1
99,42,456,468,36,103,1,-1,-1,-1
99,48,500,457,32,108,1,-1,-1,-1
99,46,493,460,35,103,1,-1,-1,-1
100,3,646,439,100,300,1,-1,-1,-1
100,4,552,441,116,358,1,-1,-1,-1
100,5,1087,480,35,118,1,-1,-1,-1
100,6,930,434,42,113,1,-1,-1,-1
100,7,1001,442,40,110,1,-1,-1,-1
100,8,1052,480,37,112,1,-1,-1,-1
100,9,1098,439,41,109,1,-1,-1,-1
100,10,1258,446,35,101,1,-1,-1,-1
100,12,749,451,85,236,1,-1,-1,-1
100,13,430,465,34,77,1,-1,-1,-1
100,42,455,468,36,102,1,-1,-1,-1
100,46,495,459,35,106,1,-1,-1,-1
100,15,593,426,19,37,1,-1,-1,-1
101,3,647,440,100,299,1,-1,-1,-1
101,4,553,442,115,357,1,-1,-1,-1
101,5,1086,480,35,118,1,-1,-1,-1
101,6,930,434,42,113,1,-1,-1,-1
101,7,1001,442,40,111,1,-1,-1,-1
101,8,1053,481,36,111,1,-1,-1,-1
101,9,1098,439,40,108,1,-1,-1,-1
101,10,1258,445,35,102,1,-1,-1,-1
101,12,750,450,84,238,1,-1,-1,-1
101,42,454,468,36,102,1,-1,-1,-1
101,46,492,461,34,103,1,-1,-1,-1
101,15,593,425,18,37,1,-1,-1,-1
101,41,1065,446,33,101,1,-1,-1,-1
101,18,576,426,18,40,1,-1,-1,-1
101,48,501,460,31,105,1,-1,-1,-1
102,3,649,440,100,299,1,-1,-1,-1
102,4,554,443,114,355,1,-1,-1,-1
102,5,1086,480,35,118,1,-1,-1,-1
102,6,929,434,43,113,1,-1,-1,-1
102,7,1001,442,41,111,1,-1,-1,-1
102,8,1053,481,37,111,1,-1,-1,-1
102,9,1098,439,40,107,1,-1,-1,-1
102,10,1257,446,35,101,1,-1,-1,-1
102,12,751,450,85,239,1,-1,-1,-1
102,42,453,467,36,103,1,-1,-1,-1
102,15,593,425,19,37,1,-1,-1,-1
102,41,1066,446,34,103,1,-1,-1,-1
102,48,501,458,31,106,1,-1,-1,-1
103,3,651,439,99,300,1,-1,-1,-1
103,4,554,443,114,355,1,-1,-1,-1
103,5,1086,480,35,118,1,-1,-1,-1
103,6,929,434,43,113,1,-1,-1,-1
103,7,1001,442,41,112,1,-1,-1,-1
103,8,1053,481,36,111,1,-1,-1,-1
103,9,1097,438,41,108,1,-1,-1,-1
103,10,1257,445,35,101,1,-1,-1,-1
103,12,752,451,84,239,1,-1,-1,-1
103,42,451,466,37,104,1,-1,-1,-1
103,15,593,425,19,37,1,-1,-1,-1
103,48,501,459,31,103,1,-1,-1,-1
103,18,576,427,18,39,1,-1,-1,-1
104,3,652,439,100,300,1,-1,-1,-1
104,4,554,442,115,355,1,-1,-1,-1
104,5,1086,481,34,117,1,-1,-1,-1
104,6,929,434,43,113,1,-1,-1,-1
104,7,1001,441,41,111,1,-1,-1,-1
104,8,1052,481,37,112,1,-1,-1,-1
104,9,1097,438,41,108,1,-1,-1,-1
104,10,1257,446,34,100,1,-1,-1,-1
104,12,754,451,84,241,1,-1,-1,-1
104,42,449,468,38,102,1,-1,-1,-1
104,15,593,425,19,36,1,-1,-1,-1
104,48,502,462,31,102,1,-1,-1,-1
104,18,577,426,18,40,1,-1,-1,-1
104,46,494,463,33,101,1,-1,-1,-1
105,3,654,439,101,301,1,-1,-1,-1
105,4,555,441,114,355,1,-1,-1,-1
105,5,1085,483,35,115,1,-1,-1,-1
105,6,929,435,43,113,1,-1,-1,-1
105,7,1001,441,40,111,1,-1,-1,-1
105,8,1051,481,37,112,1,-1,-1,-1
105,9,1098,438,40,107,1,-1,-1,-1
105,10,1256,445,34,100,1,-1,-1,-1
105,12,756,453,83,241,1,-1,-1,-1
105,42,448,467,38,103,1,-1,-1,-1
105,48,502,462,31,104,1,-1,-1,-1
105,18,578,425,17,39,1,-1,-1,-1
106,3,656,439,101,304,1,-1,-1,-1
106,4,556,440,115,356,1,-1,-1,-1
106,5,1086,483,34,116,1,-1,-1,-1
106,6,930,435,42,112,1,-1,-1,-1
106,7,1001,441,40,110,1,-1,-1,-1
106,8,1050,481,37,112,1,-1,-1,-1
106,9,1098,438,40,108,1,-1,-1,-1
106,10,1255,445,34,100,1,-1,-1,-1
106,12,757,454,83,240,1,-1,-1,-1
106,42,448,467,38,102,1,-1,-1,-1
106,48,501,462,32,106,1,-1,-1,-1
106,18,579,424,17,37,1,-1,-1,-1
106,15,594,423,18,36,1,-1,-1,-1
107,3,658,439,101,306,1,-1,-1,-1
107,4,556,440,116,355,1,-1,-1,-1
107,5,1086,482,35,117,1,-1,-1,-1
107,6,930,435,43,113,1,-1,-1,-1
107,7,1001,441,40,110,1,-1,-1,-1
107,8,1051,481,37,112,1,-1,-1,-1
107,9,1097,438,41,108,1,-1,-1,-1
107,10,1255,444,34,100,1,-1,-1,-1
107,12,759,453,84,241,1,-1,-1,-1
107,42,446,467,38,101,1,-1,-1,-1
107,48,501,463,32,104,1,-1,-1,-1
107,18,579,424,17,37,1,-1,-1,-1
108,3,659,438,101,309,1,-1,-1,-1
108,4,557,441,116,355,1,-1,-1,-1
108,5,1086,481,35,118,1,-1,-1,-1
108,6,930,435,43,113,1,-1,-1,-1
108,7,1001,442,40,109,1,-1,-1,-1
108,8,1051,481,37,112,1,-1,-1,-1
108,9,1097,438,41,108,1,-1,-1,-1
108,10,1253,444,35,100,1,-1,-1,-1
108,12,760,450,84,245,1,-1,-1,-1
108,42,446,467,38,101,1,-1,-1,-1
108,48,500,464,33,105,1,-1,-1,-1
108,18,578,424,17,38,1,-1,-1,-1
109,3,660,439,101,308,1,-1,-1,-1
109,4,559,442,117,355,1,-1,-1,-1
109,5,1086,481,35,118,1,-1,-1,-1
109,6,930,435,44,114,1,-1,-1,-1
109,7,1001,443,40,108,1,-1,-1,-1
109,8,1051,482,37,112,1,-1,-1,-1
109,9,1097,438,41,107,1,-1,-1,-1
109,10,1252,444,34,99,1,-1,-1,-1
109,12,761,448,85,247,1,-1,-1,-1
109,42,444,468,39,100,1,-1,-1,-1
109,48,500,465,32,103,1,-1,-1,-1
109,18,578,423,17,38,1,-1,-1,-1
110,3,662,439,100,308,1,-1,-1,-1
110,4,559,442,118,356,1,-1,-1,-1
110,5,1086,480,35,118,1,-1,-1,-1
110,6,931,435,43,114,1,-1,-1,-1
110,7,1001,442,39,108,1,-1,-1,-1
110,8,1051,482,37,111,1,-1,-1,-1
110,9,1097,438,40,107,1,-1,-1,-1
110,10,1251,444,34,99,1,-1,-1,-1
110,12,762,447,86,249,1,-1,-1,-1
110,42,443,468,39,100,1,-1,-1,-1
110,48,500,465,32,102,1,-1,-1,-1
110,18,578,423,17,38,1,-1,-1,-1
111,3,663,438,101,311,1,-1,-1,-1
111,4,560,442,120,358,1,-1,-1,-1
111,5,1086,480,35,118,1,-1,-1,-1
111,6,931,435,44,114,1,-1,-1,-1
111,7,1001,442,39,108,1,-1,-1,-1
111,8,1051,481,37,112,1,-1,-1,-1
111,9,1096,438,41,107,1,-1,-1,-1
111,10,1249,443,35,101,1,-1,-1,-1
111,12,763,448,86,248,1,-1,-1,-1
111,42,442,468,39,100,1,-1,-1,-1
111,48,500,465,32,102,1,-1,-1,-1
111,18,578,423,17,38,1,-1,-1,-1
112,3,665,438,100,311,1,-1,-1,-1
112,4,559,442,123,360,1,-1,-1,-1
112,5,1086,479,35,119,1,-1,-1,-1
112,6,931,435,44,115,1,-1,-1,-1
112,7,1001,442,40,108,1,-1,-1,-1
112,8,1051,480,38,114,1,-1,-1,-1
112,9,1096,438,41,108,1,-1,-1,-1
112,10,1248,444,35,100,1,-1,-1,-1
112,12,764,447,86,249,1,-1,-1,-1
112,42,441,468,40,101,1,-1,-1,-1
112,48,499,464,32,101,1,-1,-1,-1
112,18,578,423,17,38,1,-1,-1,-1
113,3,666,439,100,311,1,-1,-1,-1
113,4,558,441,125,363,1,-1,-1,-1
113,5,1086,480,35,117,1,-1,-1,-1
113,6,931,435,44,115,1,-1,-1,-1
113,7,1001,443,40,107,1,-1,-1,-1
113,8,1051,480,38,114,1,-1,-1,-1
113,9,1095,438,42,108,1,-1,-1,-1
113,10,1247,445,35,99,1,-1,-1,-1
113,12,765,448,85,249,1,-1,-1,-1
113,42,440,468,41,101,1,-1,-1,-1
113,48,499,465,32,102,1,-1,-1,-1
113,18,579,422,17,38,1,-1,-1,-1
114,3,668,439,99,312,1,-1,-1,-1
114,4,559,440,126,365,1,-1,-1,-1
114,5,1086,480,35,117,1,-1,-1,-1
114,6,931,434,44,116,1,-1,-1,-1
114,7,1001,443,40,107,1,-1,-1,-1
114,8,1050,480,39,114,1,-1,-1,-1
114,9,1096,437,41,109,1,-1,-1,-1
114,10,1246,444,35,100,1,-1,-1,-1
114,12,766,448,85,249,1,-1,-1,-1
114,42,440,468,41,102,1,-1,-1,-1
114,48,498,464,33,103,1,-1,-1,-1
114,18,579,422,17,38,1,-1,-1,-1
115,3,670,440,98,311,1,-1,-1,-1
115,4,558,440,128,366,1,-1,-1,-1
115,5,1086,480,34,117,1,-1,-1,-1
115,6,932,434,44,116,1,-1,-1,-1
115,7,1001,443,39,106,1,-1,-1,-1
115,8,1052,481,38,113,1,-1,-1,-1
115,9,1095,437,42,108,1,-1,-1,-1
115,10,1245,443,35,100,1,-1,-1,-1
115,12,767,450,85,247,1,-1,-1,-1
115,42,439,468,42,102,1,-1,-1,-1
115,48,498,465,33,103,1,-1,-1,-1
115,18,579,422,17,38,1,-1,-1,-1
115,51,592,424,21,38,1,-1,-1,-1
116,3,671,440,98,310,1,-1,-1,-1
116,4,557,440,129,368,1,-1,-1,-1
116,5,1087,480,34,117,1,-1,-1,-1
116,6,933,434,44,116,1,-1,-1,-1
116,7,1002,443,39,106,1,-1,-1,-1
116,8,1053,482,37,112,1,-1,-1,-1
116,9,1094,436,42,109,1,-1,-1,-1
116,10,1244,443,35,100,1,-1,-1,-1
116,12,768,450,84,247,1,-1,-1,-1
116,42,439,468,41,103,1,-1,-1,-1
116,48,498,464,32,104,1,-1,-1,-1
117,3,671,439,99,312,1,-1,-1,-1
117,4,557,439,130,370,1,-1,-1,-1
117,5,1087,480,34,117,1,-1,-1,-1
117,6,934,435,43,115,1,-1,-1,-1
117,7,1002,443,40,108,1,-1,-1,-1
117,8,1053,482,37,112,1,-1,-1,-1
117,9,1092,436,43,111,1,-1,-1,-1
117,10,1244,443,35,99,1,-1,-1,-1
117,12,770,450,84,249,1,-1,-1,-1
117,42,438,468,42,102,1,-1,-1,-1
117,48,498,465,33,105,1,-1,-1,-1
117,60,405,465,38,83,1,-1,-1,-1
118,3,672,439,99,314,1,-1,-1,-1
118,4,558,438,131,373,1,-1,-1,-1
118,5,1087,480,34,117,1,-1,-1,-1
118,6,935,436,43,115,1,-1,-1,-1
118,7,1003,443,40,109,1,-1,-1,-1
118,8,1052,482,38,113,1,-1,-1,-1
118,9,1092,436,43,113,1,-1,-1,-1
118,10,1243,443,35,100,1,-1,-1,-1
118,12,771,451,85,248,1,-1,-1,-1
118,42,437,467,42,104,1,-1,-1,-1
118,48,498,466,33,106,1,-1,-1,-1
119,3,674,440,99,316,1,-1,-1,-1
119,4,558,440,132,374,1,-1,-1,-1
119,5,1087,480,34,117,1,-1,-1,-1
119,6,935,436,44,116,1,-1,-1,-1
119,7,1004,443,40,109,1,-1,-1,-1
119,8,1052,482,38,112,1,-1,-1,-1
119,9,1093,437,43,112,1,-1,-1,-1
119,10,1242,443,35,100,1,-1,-1,-1
119,12,773,451,84,247,1,-1,-1,-1
119,42,437,467,42,104,1,-1,-1,-1
119,48,497,467,34,104,1,-1,-1,-1
119,61,528,455,29,88,1,-1,-1,-1
119,60,408,464,39,86,1,-1,-1,-1
120,3,676,441,99,317,1,-1,-1,-1
120,4,559,441,133,377,1,-1,-1,-1
120,5,1086,480,34,117,1,-1,-1,-1
120,6,936,436,44,116,1,-1,-1,-1
120,7,1005,443,40,110,1,-1,-1,-1
120,8,1052,482,37,111,1,-1,-1,-1
120,9,1094,438,42,110,1,-1,-1,-1
120,10,1241,444,35,99,1,-1,-1,-1
120,12,776,451,85,249,1,-1,-1,-1
120,42,436,467,43,104,1,-1,-1,-1
120,48,498,468,33,103,1,-1,-1,-1
120,61,528,456,29,87,1,-1,-1,-1
120,60,409,464,38,84,1,-1,-1,-1
121,3,677,441,99,319,1,-1,-1,-1
121,4,559,440,134,380,1,-1,-1,-1
121,5,1086,480,34,117,1,-1,-1,-1
121,6,937,435,44,118,1,-1,-1,-1
121,7,1005,443,40,110,1,-1,-1,-1
121,8,1051,482,38,111,1,-1,-1,-1
121,9,1095,438,41,108,1,-1,-1,-1
121,10,1240,444,35,99,1,-1,-1,-1
121,12,778,452,86,247,1,-1,-1,-1
121,42,436,467,43,104,1,-1,-1,-1
121,48,497,467,34,106,1,-1,-1,-1
121,61,528,456,30,89,1,-1,-1,-1
122,3,678,440,100,320,1,-1,-1,-1
122,4,560,441,134,381,1,-1,-1,-1
122,5,1086,480,34,116,1,-1,-1,-1
122,6,938,435,44,118,1,-1,-1,-1
122,7,1004,443,41,111,1,-1,-1,-1
122,8,1052,482,38,112,1,-1,-1,-1
122,9,1095,437,42,109,1,-1,-1,-1
122,10,1238,445,36,99,1,-1,-1,-1
122,12,782,451,87,249,1,-1,-1,-1
122,42,435,466,43,105,1,-1,-1,-1
122,48,496,466,34,106,1,-1,-1,-1
122,61,530,455,29,89,1,-1,-1,-1
123,3,679,440,100,320,1,-1,-1,-1
123,4,562,440,134,383,1,-1,-1,-1
123,5,1086,480,34,116,1,-1,-1,-1
123,6,939,435,44,118,1,-1,-1,-1
123,7,1004,442,41,113,1,-1,-1,-1
123,8,1052,481,38,113,1,-1,-1,-1
123,9,1095,438,42,107,1,-1,-1,-1
123,10,1237,447,36,99,1,-1,-1,-1
123,12,784,451,88,250,1,-1,-1,-1
123,42,434,464,44,107,1,-1,-1,-1
123,48,496,463,35,109,1,-1,-1,-1
123,61,530,454,29,88,1,-1,-1,-1
124,3,680,438,99,322,1,-1,-1,-1
124,4,563,439,135,385,1,-1,-1,-1
124,5,1087,479,34,117,1,-1,-1,-1
124,6,940,434,43,119,1,-1,-1,-1
124,7,1004,442,41,113,1,-1,-1,-1
124,8,1052,481,38,113,1,-1,-1,-1
124,9,1096,439,41,106,1,-1,-1,-1
124,10,1236,448,35,99,1,-1,-1,-1
124,12,786,451,89,251,1,-1,-1,-1
124,42,434,464,44,107,1,-1,-1,-1
124,48,496,462,35,110,1,-1,-1,-1
124,61,530,453,29,87,1,-1,-1,-1
125,3,679,437,100,324,1,-1,-1,-1
125,4,565,440,135,384,1,-1,-1,-1
125,5,1087,480,34,116,1,-1,-1,-1
125,6,940,434,44,119,1,-1,-1,-1
125,7,1003,443,40,110,1,-1,-1,-1
125,8,1052,481,38,113,1,-1,-1,-1
125,9,1096,438,41,107,1,-1,-1,-1
125,10,1235,449,35,98,1,-1,-1,-1
125,12,788,453,90,249,1,-1,-1,-1
125,42,433,464,45,107,1,-1,-1,-1
125,48,496,462,34,110,1,-1,-1,-1
125,61,529,453,30,89,1,-1,-1,-1
126,3,680,436,100,325,1,-1,-1,-1
126,4,566,440,135,384,1,-1,-1,-1
126,5,1087,481,34,115,1,-1,-1,-1
126,6,941,434,44,119,1,-1,-1,-1
126,7,1002,444,40,108,1,-1,-1,-1
126,8,1052,481,38,113,1,-1,-1,-1
126,9,1096,438,41,107,1,-1,-1,-1
126,10,1233,449,36,99,1,-1,-1,-1
126,12,790,449,92,252,1,-1,-1,-1
126,42,431,464,45,108,1,-1,-1,-1
126,48,496,466,33,104,1,-1,-1,-1
126,61,530,453,29,86,1,-1,-1,-1
126,18,582,423,16,36,1,-1,-1,-1
127,3,680,436,101,325,1,-1,-1,-1
127,4,568,440,135,384,1,-1,-1,-1
127,5,1087,480,34,116,1,-1,-1,-1
127,6,942,435,43,117,1,-1,-1,-1
127,7,1002,444,40,108,1,-1,-1,-1
127,8,1052,482,37,112,1,-1,-1,-1
127,9,1093,436,43,110,1,-1,-1,-1
127,10,1232,447,36,101,1,-1,-1,-1
127,12,790,452,92,250,1,-1,-1,-1
127,42,431,467,44,105,1,-1,-1,-1
127,48,495,468,33,102,1,-1,-1,-1
127,61,530,453,27,81,1,-1,-1,-1
127,18,582,424,15,35,1,-1,-1,-1
128,3,680,435,101,326,1,-1,-1,-1
128,4,570,440,135,385,1,-1,-1,-1
128,5,1087,479,34,117,1,-1,-1,-1
128,6,943,436,43,116,1,-1,-1,-1
128,7,1003,443,39,107,1,-1,-1,-1
128,8,1051,481,38,113,1,-1,-1,-1
128,9,1094,437,42,110,1,-1,-1,-1
128,10,1230,446,37,101,1,-1,-1,-1
128,12,791,454,92,250,1,-1,-1,-1
128,42,430,468,45,104,1,-1,-1,-1
128,48,494,469,32,101,1,-1,-1,-1
128,61,530,452,27,80,1,-1,-1,-1
128,18,582,424,15,35,1,-1,-1,-1
129,3,681,436,101,325,1,-1,-1,-1
129,4,571,441,135,384,1,-1,-1,-1
129,5,1087,478,34,118,1,-1,-1,-1
129,6,945,437,42,114,1,-1,-1,-1
129,7,1002,445,39,105,1,-1,-1,-1
129,8,1052,480,38,113,1,-1,-1,-1
129,9,1094,437,42,108,1,-1,-1,-1
129,10,1229,448,36,99,1,-1,-1,-1
129,12,793,455,92,249,1,-1,-1,-1
129,42,429,467,45,105,1,-1,-1,-1
129,48,493,467,33,103,1,-1,-1,-1
129,61,529,452,27,78,1,-1,-1,-1
129,18,582,424,15,37,1,-1,-1,-1
130,3,682,436,100,325,1,-1,-1,-1
130,4,572,441,135,384,1,-1,-1,-1
130,5,1087,478,35,118,1,-1,-1,-1
130,6,946,437,42,115,1,-1,-1,-1
130,7,1003,444,38,106,1,-1,-1,-1
130,8,1052,480,38,113,1,-1,-1,-1
130,9,1093,437,43,111,1,-1,-1,-1
130,10,1227,449,37,98,1,-1,-1,-1
130,12,793,454,93,251,1,-1,-1,-1
130,42,426,468,44,103,1,-1,-1,-1
130,48,493,467,33,103,1,-1,-1,-1
130,61,529,452,27,78,1,-1,-1,-1
130,18,581,424,16,37,1,-1,-1,-1
131,3,682,435,101,326,1,-1,-1,-1
131,4,574,440,135,388,1,-1,-1,-1
131,5,1088,478,34,117,1,-1,-1,-1
131,6,947,436,42,117,1,-1,-1,-1
131,7,1004,443,38,107,1,-1,-1,-1
131,8,1053,482,37,111,1,-1,-1,-1
131,9,1093,437,42,111,1,-1,-1,-1
131,10,1226,448,37,99,1,-1,-1,-1
131,12,794,454,93,253,1,-1,-1,-1
131,42,424,468,45,103,1,-1,-1,-1
131,48,493,468,33,101,1,-1,-1,-1
131,61,529,452,28,78,1,-1,-1,-1
131,18,582,424,15,37,1,-1,-1,-1
131,67,819,439,82,248,1,-1,-1,-1
132,3,683,434,101,327,1,-1,-1,-1
132,4,574,439,136,392,1,-1,-1,-1
132,5,1089,479,34,116,1,-1,-1,-1
132,6,948,436,42,116,1,-1,-1,-1
132,7,1004,443,39,107,1,-1,-1,-1
132,8,1053,482,38,111,1,-1,-1,-1
132,9,1094,437,41,109,1,-1,-1,-1
132,10,1225,448,38,101,1,-1,-1,-1
132,12,794,455,94,253,1,-1,-1,-1
132,42,422,467,46,104,1,-1,-1,-1
132,48,494,469,33,100,1,-1,-1,-1
132,61,529,452,28,78,1,-1,-1,-1
132,13,447,463,42,101,1,-1,-1,-1
133,3,685,434,100,327,1,-1,-1,-1
133,4,575,436,137,397,1,-1,-1,-1
133,5,1089,479,34,116,1,-1,-1,-1
133,6,949,436,42,115,1,-1,-1,-1
133,7,1004,442,39,108,1,-1,-1,-1
133,8,1053,481,38,113,1,-1,-1,-1
133,9,1094,438,42,108,1,-1,-1,-1
133,10,1224,447,38,102,1,-1,-1,-1
133,12,795,454,93,255,1,-1,-1,-1
133,42,419,469,47,103,1,-1,-1,-1
133,48,493,468,34,103,1,-1,-1,-1
133,61,529,452,28,78,1,-1,-1,-1
133,13,447,462,43,102,1,-1,-1,-1
133,18,583,422,15,37,1,-1,-1,-1
134,3,686,434,101,327,1,-1,-1,-1
134,4,575,434,138,400,1,-1,-1,-1
134,5,1088,480,34,115,1,-1,-1,-1
134,6,950,437,41,113,1,-1,-1,-1
134,7,1004,441,38,107,1,-1,-1,-1
134,8,1053,481,38,112,1,-1,-1,-1
134,9,1095,438,42,109,1,-1,-1,-1
134,10,1221,447,38,103,1,-1,-1,-1
134,12,796,453,94,256,1,-1,-1,-1
134,42,417,470,48,101,1,-1,-1,-1
134,48,493,466,34,104,1,-1,-1,-1
134,61,529,450,28,78,1,-1,-1,-1
134,13,448,461,41,101,1,-1,-1,-1
134,18,583,423,15,36,1,-1,-1,-1
134,67,828,437,84,253,1,-1,-1,-1
135,3,688,433,100,328,1,-1,-1,-1
135,4,575,434,138,404,1,-1,-1,-1
135,5,1088,479,34,116,1,-1,-1,-1
135,6,951,437,41,114,1,-1,-1,-1
135,7,1003,441,38,106,1,-1,-1,-1
135,8,1053,480,38,113,1,-1,-1,-1
135,9,1095,439,42,109,1,-1,-1,-1
135,10,1219,447,39,104,1,-1,-1,-1
135,12,797,450,93,259,1,-1,-1,-1
135,42,416,470,48,101,1,-1,-1,-1
135,48,491,463,36,108,1,-1,-1,-1
135,61,529,450,28,78,1,-1,-1,-1
135,13,449,459,38,95,1,-1,-1,-1
135,18,584,423,15,36,1,-1,-1,-1
135,67,834,436,80,242,1,-1,-1,-1
136,3,690,433,100,328,1,-1,-1,-1
136,4,575,435,139,405,1,-1,-1,-1
136,5,1088,480,33,116,1,-1,-1,-1
136,6,951,437,41,114,1,-1,-1,-1
136,7,1003,440,38,107,1,-1,-1,-1
136,8,1052,479,39,114,1,-1,-1,-1
136,9,1094,439,43,110,1,-1,-1,-1
136,10,1217,446,40,105,1,-1,-1,-1
136,12,797,449,93,261,1,-1,-1,-1
136,42,415,470,48,101,1,-1,-1,-1
136,48,490,461,36,110,1,-1,-1,-1
136,61,528,450,28,77,1,-1,-1,-1
136,13,448,461,38,94,1,-1,-1,-1
136,18,585,423,14,36,1,-1,-1,-1
136,67,838,436,78,236,1,-1,-1,-1
137,3,691,431,101,330,1,-1,-1,-1
137,4,576,435,140,410,1,-1,-1,-1
137,5,1088,480,34,116,1,-1,-1,-1
137,6,952,437,40,114,1,-1,-1,-1
137,7,1002,440,39,107,1,-1,-1,-1
137,8,1052,480,38,113,1,-1,-1,-1
137,9,1093,438,42,111,1,-1,-1,-1
137,10,1216,446,39,105,1,-1,-1,-1
137,12,800,449,92,261,1,-1,-1,-1
137,42,413,469,50,101,1,-1,-1,-1
137,48,489,462,36,110,1,-1,-1,-1
137,61,527,450,28,76,1,-1,-1,-1
137,13,450,461,38,94,1,-1,-1,-1
137,18,585,422,15,36,1,-1,-1,-1
137,67,843,437,77,232,1,-1,-1,-1
138,3,694,430,101,331,1,-1,-1,-1
138,4,576,434,141,415,1,-1,-1,-1
138,5,1088,480,34,117,1,-1,-1,-1
138,6,952,437,41,114,1,-1,-1,-1
138,7,1003,441,38,106,1,-1,-1,-1
138,8,1052,480,39,113,1,-1,-1,-1
138,9,1092,438,42,110,1,-1,-1,-1
138,10,1215,447,39,104,1,-1,-1,-1
138,12,802,448,92,262,1,-1,-1,-1
138,42,412,469,51,102,1,-1,-1,-1
138,48,489,461,37,111,1,-1,-1,-1
138,61,528,450,27,76,1,-1,-1,-1
138,13,452,461,39,97,1,-1,-1,-1
138,18,584,424,15,36,1,-1,-1,-1
138,67,846,439,78,234,1,-1,-1,-1
138,69,1110,450,35,94,1,-1,-1,-1
139,3,696,429,102,332,1,-1,-1,-1
139,4,575,433,144,422,1,-1,-1,-1
139,5,1089,482,33,115,1,-1,-1,-1
139,6,953,436,40,113,1,-1,-1,-1
139,7,1003,440,39,107,1,-1,-1,-1
139,8,1053,481,37,112,1,-1,-1,-1
139,9,1092,439,42,108,1,-1,-1,-1
139,10,1214,447,39,104,1,-1,-1,-1
139,12,806,447,91,264,1,-1,-1,-1
139,42,412,468,52,103,1,-1,-1,-1
139,48,489,460,37,111,1,-1,-1,-1
139,61,528,451,28,75,1,-1,-1,-1
139,13,454,461,39,96,1,-1,-1,-1
139,18,583,424,15,38,1,-1,-1,-1
139,67,851,437,79,235,1,-1,-1,-1
139,69,1111,449,34,94,1,-1,-1,-1
139,71,1101,443,40,104,1,-1,-1,-1
140,3,699,428,103,335,1,-1,-1,-1
140,4,577,432,143,426,1,-1,-1,-1
140,5,1088,482,34,114,1,-1,-1,-1
140,6,953,437,39,111,1,-1,-1,-1
140,7,1004,441,38,107,1,-1,-1,-1
140,8,1053,482,38,111,1,-1,-1,-1
140,9,1091,436,42,110,1,-1,-1,-1
140,10,1213,447,39,104,1,-1,-1,-1
140,12,810,447,91,266,1,-1,-1,-1
140,42,411,467,54,104,1,-1,-1,-1
140,48,489,460,37,111,1,-1,-1,-1
140,61,528,451,28,75,1,-1,-1,-1
140,13,457,464,38,95,1,-1,-1,-1
140,18,584,424,15,38,1,-1,-1,-1
140,67,858,437,80,236,1,-1,-1,-1
140,69,1112,449,35,94,1,-1,-1,-1
141,3,702,428,104,334,1,-1,-1,-1
141,4,577,433,144,427,1,-1,-1,-1
141,5,1088,481,34,115,1,-1,-1,-1
141,6,954,438,39,110,1,-1,-1,-1
141,7,1004,441,38,107,1,-1,-1,-1
141,8,1054,482,37,110,1,-1,-1,-1
141,9,1090,435,42,111,1,-1,-1,-1
141,10,1212,447,39,104,1,-1,-1,-1
141,12,811,446,92,269,1,-1,-1,-1
141,42,411,467,54,105,1,-1,-1,-1
141,48,488,460,37,112,1,-1,-1,-1
141,61,527,451,28,74,1,-1,-1,-1
141,13,458,465,39,99,1,-1,-1,-1
141,18,583,424,15,38,1,-1,-1,-1
141,67,861,438,80,236,1,-1,-1,-1
141,69,1113,448,35,97,1,-1,-1,-1
142,3,705,429,105,333,1,-1,-1,-1
142,4,577,433,144,431,1,-1,-1,-1
142,5,1088,481,34,115,1,-1,-1,-1
142,6,955,438,38,110,1,-1,-1,-1
142,7,1003,441,38,106,1,-1,-1,-1
142,8,1053,481,38,111,1,-1,-1,-1
142,9,1091,436,41,109,1,-1,-1,-1
142,10,1210,447,39,102,1,-1,-1,-1
142,12,812,445,92,273,1,-1,-1,-1
142,42,411,468,53,103,1,-1,-1,-1
142,48,487,460,37,112,1,-1,-1,-1
142,61,526,452,28,72,1,-1,-1,-1
142,13,459,464,39,99,1,-1,-1,-1
142,18,583,424,15,39,1,-1,-1,-1
142,67,864,441,82,237,1,-1,-1,-1
142,69,1114,447,36,97,1,-1,-1,-1
142,72,493,454,36,101,1,-1,-1,-1
142,73,534,452,28,73,1,-1,-1,-1
142,75,551,452,24,70,1,-1,-1,-1
143,3,707,429,106,333,1,-1,-1,-1
143,4,576,434,145,433,1,-1,-1,-1
143,5,1088,480,34,116,1,-1,-1,-1
143,6,956,438,37,109,1,-1,-1,-1
143,7,1003,441,38,106,1,-1,-1,-1
143,8,1052,480,39,112,1,-1,-1,-1
143,9,1090,435,42,111,1,-1,-1,-1
143,10,1209,446,38,102,1,-1,-1,-1
143,12,813,444,92,276,1,-1,-1,-1
143,42,410,466,55,105,1,-1,-1,-1
143,48,484,459,38,113,1,-1,-1,-1
143,61,525,451,27,73,1,-1,-1,-1
143,13,467,462,41,106,1,-1,-1,-1
143,18,583,424,16,40,1,-1,-1,-1
143,67,866,442,82,236,1,-1,-1,-1
143,69,1115,445,37,100,1,-1,-1,-1
143,72,492,455,36,101,1,-1,-1,-1
143,73,537,451,28,72,1,-1,-1,-1
143,75,554,452,24,70,1,-1,-1,-1
144,3,709,431,107,332,1,-1,-1,-1
144,4,573,434,146,436,1,-1,-1,-1
144,5,1088,478,35,118,1,-1,-1,-1
144,6,955,440,38,108,1,-1,-1,-1
144,7,1002,442,39,106,1,-1,-1,-1
144,8,1052,480,38,112,1,-1,-1,-1
144,9,1088,435,42,111,1,-1,-1,-1
144,10,1207,445,38,104,1,-1,-1,-1
144,12,815,444,91,278,1,-1,-1,-1
144,42,410,465,56,106,1,-1,-1,-1
144,48,480,459,38,113,1,-1,-1,-1
144,61,523,452,27,72,1,-1,-1,-1
144,18,583,425,16,39,1,-1,-1,-1
144,67,866,439,84,240,1,-1,-1,-1
144,69,1116,444,37,102,1,-1,-1,-1
144,72,497,455,35,98,1,-1,-1,-1
144,73,543,451,27,71,1,-1,-1,-1
144,75,554,453,23,68,1,-1,-1,-1
145,3,711,434,109,330,1,-1,-1,-1
145,4,572,434,147,439,1,-1,-1,-1
145,5,1088,477,35,119,1,-1,-1,-1
145,6,956,440,38,109,1,-1,-1,-1
145,7,1002,442,39,106,1,-1,-1,-1
145,8,1052,480,38,112,1,-1,-1,-1
145,9,1088,435,41,110,1,-1,-1,-1
145,10,1205,444,39,105,1,-1,-1,-1
145,12,818,447,88,272,1,-1,-1,-1
145,42,409,465,56,106,1,-1,-1,-1
145,48,477,459,38,114,1,-1,-1,-1
145,61,523,452,27,72,1,-1,-1,-1
145,18,584,425,15,38,1,-1,-1,-1
145,67,870,440,84,238,1,-1,-1,-1
145,69,1117,443,37,102,1,-1,-1,-1
145,72,496,454,38,106,1,-1,-1,-1
145,75,555,453,23,67,1,-1,-1,-1
145,79,1088,466,38,106,1,-1,-1,-1
146,3,713,434,110,332,1,-1,-1,-1
146,4,569,434,149,444,1,-1,-1,-1
146,5,1088,478,35,118,1,-1,-1,-1
146,6,956,440,37,108,1,-1,-1,-1
146,7,1003,442,38,106,1,-1,-1,-1
146,8,1052,480,38,112,1,-1,-1,-1
146,9,1088,434,41,110,1,-1,-1,-1
146,10,1204,444,38,104,1,-1,-1,-1
146,12,821,448,88,271,1,-1,-1,-1
146,42,409,464,56,107,1,-1,-1,-1
146,48,473,458,38,115,1,-1,-1,-1
146,61,525,451,28,72,1,-1,-1,-1
146,18,584,425,15,38,1,-1,-1,-1
146,67,871,438,84,240,1,-1,-1,-1
146,69,1120,444,36,100,1,-1,-1,-1
146,72,496,454,38,107,1,-1,-1,-1
146,75,554,453,23,68,1,-1,-1,-1
146,79,1088,466,38,109,1,-1,-1,-1
146,73,544,450,28,72,1,-1,-1,-1
147,3,714,437,111,329,1,-1,-1,-1
147,4,566,435,151,449,1,-1,-1,-1
147,5,1088,478,35,118,1,-1,-1,-1
147,6,957,440,35,106,1,-1,-1,-1
147,7,1004,442,37,105,1,-1,-1,-1
147,8,1052,481,38,111,1,-1,-1,-1
147,9,1088,435,41,109,1,-1,-1,-1
147,10,1202,445,39,102,1,-1,-1,-1
147,12,824,449,87,271,1,-1,-1,-1
147,42,408,464,56,107,1,-1,-1,-1
147,48,470,458,38,115,1,-1,-1,-1
147,18,585,425,15,38,1,-1,-1,-1
147,67,873,437,84,241,1,-1,-1,-1
147,69,1122,447,35,97,1,-1,-1,-1
147,72,498,454,38,107,1,-1,-1,-1
147,75,553,453,24,68,1,-1,-1,-1
147,79,1087,462,39,109,1,-1,-1,-1
147,73,545,449,27,73,1,-1,-1,-1
148,3,716,438,112,328,1,-1,-1,-1
148,4,563,435,152,450,1,-1,-1,-1
148,5,1088,480,35,116,1,-1,-1,-1
148,6,957,439,36,107,1,-1,-1,-1
148,7,1004,442,37,104,1,-1,-1,-1
148,8,1052,481,38,111,1,-1,-1,-1
148,9,1089,435,41,110,1,-1,-1,-1
148,10,1201,444,39,104,1,-1,-1,-1
148,12,825,448,87,274,1,-1,-1,-1
148,42,408,464,56,108,1,-1,-1,-1
148,48,470,459,37,114,1,-1,-1,-1
148,18,585,424,14,37,1,-1,-1,-1
148,67,874,437,84,241,1,-1,-1,-1
148,69,1123,450,35,94,1,-1,-1,-1
148,72,498,453,38,109,1,-1,-1,-1
148,75,552,453,23,68,1,-1,-1,-1
149,3,717,437,115,331,1,-1,-1,-1
149,4,561,434,152,452,1,-1,-1,-1
149,5,1087,479,35,117,1,-1,-1,-1
149,6,958,439,35,106,1,-1,-1,-1
149,7,1004,443,37,104,1,-1,-1,-1
149,8,1052,481,38,112,1,-1,-1,-1
149,9,1090,436,40,108,1,-1,-1,-1
149,10,1200,445,38,102,1,-1,-1,-1
149,12,826,447,88,277,1,-1,-1,-1
149,42,408,464,56,107,1,-1,-1,-1
149,48,470,460,37,114,1,-1,-1,-1
149,18,584,424,15,36,1,-1,-1,-1
149,67,875,436,84,241,1,-1,-1,-1
149,69,1125,453,34,92,1,-1,-1,-1
149,72,499,453,37,109,1,-1,-1,-1
149,75,551,453,24,69,1,-1,-1,-1
150,3,719,437,115,332,1,-1,-1,-1
150,4,557,433,153,453,1,-1,-1,-1
150,5,1086,480,35,117,1,-1,-1,-1
150,6,958,439,35,105,1,-1,-1,-1
150,7,1003,442,37,104,1,-1,-1,-1
150,8,1051,481,38,112,1,-1,-1,-1
150,9,1090,436,40,108,1,-1,-1,-1
150,10,1199,443,38,103,1,-1,-1,-1
150,12,827,446,89,282,1,-1,-1,-1
150,42,407,465,57,107,1,-1,-1,-1
150,48,470,461,37,113,1,-1,-1,-1
150,18,583,424,14,35,1,-1,-1,-1
150,67,877,434,84,243,1,-1,-1,-1
150,69,1125,453,34,92,1,-1,-1,-1
150,72,499,453,37,109,1,-1,-1,-1
150,75,550,453,25,71,1,-1,-1,-1
151,3,720,438,116,332,1,-1,-1,-1
151,4,552,431,154,456,1,-1,-1,-1
151,5,1086,480,34,117,1,-1,-1,-1
151,6,959,439,35,103,1,-1,-1,-1
151,7,1003,441,38,104,1,-1,-1,-1
151,8,1051,481,38,112,1,-1,-1,-1
151,9,1090,436,40,108,1,-1,-1,-1
151,10,1198,444,38,102,1,-1,-1,-1
151,12,827,445,90,285,1,-1,-1,-1
151,42,407,466,56,107,1,-1,-1,-1
151,48,470,462,37,113,1,-1,-1,-1
151,18,582,424,15,36,1,-1,-1,-1
151,67,879,434,84,244,1,-1,-1,-1
151,69,1126,453,34,92,1,-1,-1,-1
151,72,499,453,37,109,1,-1,-1,-1
152,3,720,437,117,332,1,-1,-1,-1
152,4,549,429,155,461,1,-1,-1,-1
152,5,1085,481,35,117,1,-1,-1,-1
152,6,959,439,35,104,1,-1,-1,-1
152,7,1003,441,37,104,1,-1,-1,-1
152,8,1050,481,39,111,1,-1,-1,-1
152,9,1091,436,40,107,1,-1,-1,-1
152,10,1197,444,38,102,1,-1,-1,-1
152,12,828,443,90,286,1,-1,-1,-1
152,42,406,467,56,106,1,-1,-1,-1
152,48,470,464,37,112,1,-1,-1,-1
152,67,882,433,83,247,1,-1,-1,-1
152,69,1125,451,35,94,1,-1,-1,-1
152,72,499,453,36,109,1,-1,-1,-1
153,3,721,434,117,335,1,-1,-1,-1
153,4,544,428,157,464,1,-1,-1,-1
153,5,1085,482,35,116,1,-1,-1,-1
153,6,959,439,36,105,1,-1,-1,-1
153,7,1002,441,38,104,1,-1,-1,-1
153,8,1051,481,38,110,1,-1,-1,-1
153,9,1091,437,39,106,1,-1,-1,-1
153,10,1195,443,39,104,1,-1,-1,-1
153,12,829,443,89,286,1,-1,-1,-1
153,42,405,467,56,106,1,-1,-1,-1
153,48,470,465,37,111,1,-1,-1,-1
153,67,884,432,83,248,1,-1,-1,-1
153,69,1125,451,35,95,1,-1,-1,-1
153,72,500,453,36,110,1,-1,-1,-1
154,3,722,433,118,336,1,-1,-1,-1
154,4,542,427,156,465,1,-1,-1,-1
154,5,1085,482,35,115,1,-1,-1,-1
154,6,959,438,36,107,1,-1,-1,-1
154,7,1002,441,37,103,1,-1,-1,-1
154,8,1050,481,39,111,1,-1,-1,-1
154,9,1091,437,39,105,1,-1,-1,-1
154,10,1194,443,39,104,1,-1,-1,-1
154,12,829,441,89,288,1,-1,-1,-1
154,42,404,468,57,105,1,-1,-1,-1
154,48,470,466,37,111,1,-1,-1,-1
154,67,886,432,82,249,1,-1,-1,-1
154,69,1126,451,35,95,1,-1,-1,-1
154,72,500,453,37,113,1,-1,-1,-1
155,3,724,431,119,339,1,-1,-1,-1
155,4,540,426,156,467,1,-1,-1,-1
155,5,1085,481,35,117,1,-1,-1,-1
155,6,960,438,36,108,1,-1,-1,-1
155,7,1002,441,37,102,1,-1,-1,-1
155,8,1050,482,38,109,1,-1,-1,-1
155,9,1091,437,38,104,1,-1,-1,-1
155,10,1193,442,39,104,1,-1,-1,-1
155,12,830,440,89,290,1,-1,-1,-1
155,42,405,469,55,104,1,-1,-1,-1
155,48,469,466,37,111,1,-1,-1,-1
155,67,888,432,82,250,1,-1,-1,-1
155,69,1127,451,35,95,1,-1,-1,-1
155,72,500,453,38,114,1,-1,-1,-1
155,84,615,435,113,368,1,-1,-1,-1
156,3,726,429,119,341,1,-1,-1,-1
156,4,539,426,156,467,1,-1,-1,-1
156,5,1086,482,34,115,1,-1,-1,-1
156,6,960,439,37,109,1,-1,-1,-1
156,7,1002,441,36,102,1,-1,-1,-1
156,8,1050,482,38,109,1,-1,-1,-1
156,9,1090,435,39,106,1,-1,-1,-1
156,10,1191,442,40,104,1,-1,-1,-1
156,12,831,440,89,289,1,-1,-1,-1
156,42,404,469,56,104,1,-1,-1,-1
156,48,469,465,37,111,1,-1,-1,-1
156,67,889,431,82,253,1,-1,-1,-1
156,69,1128,452,35,95,1,-1,-1,-1
156,72,501,453,37,112,1,-1,-1,-1
156,84,617,436,112,366,1,-1,-1,-1
157,3,728,428,120,344,1,-1,-1,-1
157,4,539,425,157,467,1,-1,-1,-1
157,5,1085,482,35,114,1,-1,-1,-1
157,6,962,439,36,107,1,-1,-1,-1
157,7,1001,441,38,103,1,-1,-1,-1
157,8,1049,482,39,110,1,-1,-1,-1
157,9,1089,436,40,105,1,-1,-1,-1
157,10,1190,442,39,104,1,-1,-1,-1
157,12,833,442,89,288,1,-1,-1,-1
157,42,405,470,55,104,1,-1,-1,-1
157,48,468,464,37,112,1,-1,-1,-1
157,67,892,433,81,253,1,-1,-1,-1
157,69,1129,453,34,93,1,-1,-1,-1
157,72,502,453,37,112,1,-1,-1,-1
157,84,620,436,113,367,1,-1,-1,-1
158,3,731,429,119,345,1,-1,-1,-1
158,4,541,424,156,467,1,-1,-1,-1
158,5,1085,480,35,117,1,-1,-1,-1
158,6,964,438,36,108,1,-1,-1,-1
158,7,1001,441,38,103,1,-1,-1,-1
158,8,1049,481,39,112,1,-1,-1,-1
158,9,1090,436,39,106,1,-1,-1,-1
158,10,1190,443,38,102,1,-1,-1,-1
158,12,836,443,87,287,1,-1,-1,-1
158,42,404,470,56,104,1,-1,-1,-1
158,48,468,464,36,111,1,-1,-1,-1
158,67,896,433,81,253,1,-1,-1,-1
158,69,1130,453,34,93,1,-1,-1,-1
158,72,502,453,37,112,1,-1,-1,-1
158,84,622,442,109,354,1,-1,-1,-1
159,3,733,429,119,345,1,-1,-1,-1
159,4,542,425,155,466,1,-1,-1,-1
159,5,1085,481,35,115,1,-1,-1,-1
159,7,1001,441,38,103,1,-1,-1,-1
159,8,1049,480,39,113,1,-1,-1,-1
159,9,1089,436,40,107,1,-1,-1,-1
159,10,1189,444,38,101,1,-1,-1,-1
159,12,838,442,88,289,1,-1,-1,-1
159,42,405,470,54,103,1,-1,-1,-1
159,48,467,464,36,111,1,-1,-1,-1
159,67,902,433,83,254,1,-1,-1,-1
159,69,1131,453,34,93,1,-1,-1,-1
159,72,503,452,36,113,1,-1,-1,-1
159,84,623,444,108,349,1,-1,-1,-1
160,3,735,429,119,345,1,-1,-1,-1
160,4,542,425,156,466,1,-1,-1,-1
160,5,1085,482,35,114,1,-1,-1,-1
160,7,1001,442,37,102,1,-1,-1,-1
160,8,1048,480,40,113,1,-1,-1,-1
160,9,1090,436,39,107,1,-1,-1,-1
160,10,1188,445,38,100,1,-1,-1,-1
160,12,841,442,88,290,1,-1,-1,-1
160,42,405,470,54,103,1,-1,-1,-1
160,48,467,465,36,109,1,-1,-1,-1
160,67,907,432,83,255,1,-1,-1,-1
160,69,1132,453,34,93,1,-1,-1,-1
160,72,503,453,37,112,1,-1,-1,-1
160,84,623,444,108,348,1,-1,-1,-1
161,3,738,428,118,347,1,-1,-1,-1
161,4,542,426,156,465,1,-1,-1,-1
161,5,1085,482,35,114,1,-1,-1,-1
161,7,1001,443,37,101,1,-1,-1,-1
161,8,1048,480,40,113,1,-1,-1,-1
161,9,1090,437,39,106,1,-1,-1,-1
161,10,1188,446,36,99,1,-1,-1,-1
161,12,844,443,88,290,1,-1,-1,-1
161,42,404,469,55,105,1,-1,-1,-1
161,48,467,464,36,111,1,-1,-1,-1
161,67,911,433,83,256,1,-1,-1,-1
161,69,1132,452,35,94,1,-1,-1,-1
161,72,503,452,36,113,1,-1,-1,-1
161,84,623,445,109,348,1,-1,-1,-1
162,3,740,427,118,349,1,-1,-1,-1
162,4,542,426,156,466,1,-1,-1,-1
162,5,1084,482,36,114,1,-1,-1,-1
162,7,1001,442,37,103,1,-1,-1,-1
162,8,1049,480,40,113,1,-1,-1,-1
162,9,1090,437,39,106,1,-1,-1,-1
162,10,1187,447,36,97,1,-1,-1,-1
162,12,849,444,88,291,1,-1,-1,-1
162,42,404,469,56,105,1,-1,-1,-1
162,48,466,464,36,111,1,-1,-1,-1
162,67,913,436,83,254,1,-1,-1,-1
162,69,1132,450,36,96,1,-1,-1,-1
162,72,503,452,37,112,1,-1,-1,-1
162,84,626,440,112,359,1,-1,-1,-1
163,3,742,428,118,350,1,-1,-1,-1
163,4,543,426,156,467,1,-1,-1,-1
163,5,1084,480,36,117,1,-1,-1,-1
163,7,1000,441,38,106,1,-1,-1,-1
163,8,1049,480,40,114,1,-1,-1,-1
163,9,1090,437,40,107,1,-1,-1,-1
163,10,1186,446,37,99,1,-1,-1,-1
163,12,853,446,88,289,1,-1,-1,-1
163,42,404,468,56,106,1,-1,-1,-1
163,48,466,463,36,112,1,-1,-1,-1
163,67,915,437,82,254,1,-1,-1,-1
163,69,1133,448,35,96,1,-1,-1,-1
163,72,507,452,36,112,1,-1,-1,-1
163,84,626,438,113,364,1,-1,-1,-1
164,3,744,430,118,353,1,-1,-1,-1
164,4,544,426,158,468,1,-1,-1,-1
164,5,1085,480,36,118,1,-1,-1,-1
164,7,999,441,38,105,1,-1,-1,-1
164,8,1049,479,40,115,1,-1,-1,-1
164,9,1090,437,40,108,1,-1,-1,-1
164,10,1185,445,37,100,1,-1,-1,-1
164,12,857,448,89,286,1,-1,-1,-1
164,42,404,468,56,106,1,-1,-1,-1
164,48,466,463,36,112,1,-1,-1,-1
164,67,918,440,82,251,1,-1,-1,-1
164,69,1135,446,35,97,1,-1,-1,-1
164,72,507,452,36,110,1,-1,-1,-1
164,84,629,437,115,370,1,-1,-1,-1
164,85,473,458,37,106,1,-1,-1,-1
165,3,747,429,118,352,1,-1,-1,-1
165,4,543,426,160,470,1,-1,-1,-1
165,5,1086,480,36,118,1,-1,-1,-1
165,7,999,441,38,106,1,-1,-1,-1
165,8,1050,479,40,114,1,-1,-1,-1
165,9,1091,437,40,109,1,-1,-1,-1
165,10,1184,448,35,97,1,-1,-1,-1
165,12,861,447,90,286,1,-1,-1,-1
165,42,405,469,55,105,1,-1,-1,-1
165,48,466,462,36,114,1,-1,-1,-1
165,67,922,438,82,253,1,-1,-1,-1
165,69,1135,446,35,96,1,-1,-1,-1
165,72,509,453,35,109,1,-1,-1,-1
165,84,632,438,115,372,1,-1,-1,-1
165,85,473,458,37,105,1,-1,-1,-1
166,3,749,429,118,354,1,-1,-1,-1
166,4,544,427,162,470,1,-1,-1,-1
166,5,1086,480,36,118,1,-1,-1,-1
166,7,998,441,38,107,1,-1,-1,-1
166,8,1050,480,40,113,1,-1,-1,-1
166,9,1091,438,40,109,1,-1,-1,-1
166,10,1181,450,36,95,1,-1,-1,-1
166,12,865,447,92,286,1,-1,-1,-1
166,42,405,469,56,105,1,-1,-1,-1
166,48,466,462,36,113,1,-1,-1,-1
166,67,925,436,83,256,1,-1,-1,-1
166,69,1136,447,35,95,1,-1,-1,-1
166,72,509,454,35,107,1,-1,-1,-1
166,84,634,438,115,372,1,-1,-1,-1
166,85,473,458,37,105,1,-1,-1,-1
167,3,751,430,117,354,1,-1,-1,-1
167,4,546,427,163,472,1,-1,-1,-1
167,5,1086,481,36,117,1,-1,-1,-1
167,7,998,441,38,106,1,-1,-1,-1
167,8,1050,480,40,113,1,-1,-1,-1
167,9,1092,438,40,110,1,-1,-1,-1
167,10,1180,451,35,96,1,-1,-1,-1
167,12,869,446,94,288,1,-1,-1,-1
167,42,406,469,55,105,1,-1,-1,-1
167,48,466,462,36,113,1,-1,-1,-1
167,67,927,435,84,258,1,-1,-1,-1
167,69,1137,447,35,96,1,-1,-1,-1
167,72,509,455,34,106,1,-1,-1,-1
167,84,633,439,113,362,1,-1,-1,-1
167,85,474,459,36,104,1,-1,-1,-1
168,3,752,431,118,355,1,-1,-1,-1
168,4,548,427,165,471,1,-1,-1,-1
168,5,1086,482,36,116,1,-1,-1,-1
168,7,998,440,38,107,1,-1,-1,-1
168,8,1049,480,40,113,1,-1,-1,-1
168,9,1092,440,40,108,1,-1,-1,-1
168,10,1180,451,36,96,1,-1,-1,-1
168,12,874,445,97,289,1,-1,-1,-1
168,42,406,469,56,105,1,-1,-1,-1
168,48,467,462,36,114,1,-1,-1,-1
168,67,929,433,83,260,1,-1,-1,-1
168,69,1140,447,36,97,1,-1,-1,-1
168,72,507,458,34,103,1,-1,-1,-1
168,84,633,440,114,364,1,-1,-1,-1
168,85,475,459,37,105,1,-1,-1,-1
169,3,754,433,117,356,1,-1,-1,-1
169,4,550,427,168,471,1,-1,-1,-1
169,5,1086,483,35,115,1,-1,-1,-1
169,7,997,440,38,106,1,-1,-1,-1
169,8,1048,479,41,114,1,-1,-1,-1
169,9,1092,440,41,109,1,-1,-1,-1
169,10,1177,451,36,96,1,-1,-1,-1
169,12,877,445,100,292,1,-1,-1,-1
169,42,406,468,55,105,1,-1,-1,-1
169,48,467,462,36,114,1,-1,-1,-1
169,67,931,431,84,263,1,-1,-1,-1
169,69,1141,448,35,96,1,-1,-1,-1
169,72,506,457,35,105,1,-1,-1,-1
169,84,633,440,116,368,1,-1,-1,-1
169,85,474,459,36,104,1,-1,-1,-1
170,3,756,433,116,354,1,-1,-1,-1
170,4,553,427,171,470,1,-1,-1,-1
170,5,1086,483,36,115,1,-1,-1,-1
170,7,997,441,38,105,1,-1,-1,-1
170,8,1049,479,40,114,1,-1,-1,-1
170,9,1092,440,41,110,1,-1,-1,-1
170,10,1179,450,35,97,1,-1,-1,-1
170,12,879,446,101,290,1,-1,-1,-1
170,42,406,467,55,106,1,-1,-1,-1
170,48,467,461,36,115,1,-1,-1,-1
170,67,933,432,85,269,1,-1,-1,-1
170,69,1143,448,36,97,1,-1,-1,-1
170,72,506,457,35,106,1,-1,-1,-1
170,85,472,459,37,104,1,-1,-1,-1
171,3,758,434,117,355,1,-1,-1,-1
171,4,558,426,174,471,1,-1,-1,-1
171,5,1086,481,36,117,1,-1,-1,-1
171,7,997,441,39,107,1,-1,-1,-1
171,8,1050,478,40,116,1,-1,-1,-1
171,9,1092,440,41,111,1,-1,-1,-1
171,10,1178,449,36,97,1,-1,-1,-1
171,12,880,447,103,289,1,-1,-1,-1
171,42,406,468,54,105,1,-1,-1,-1
171,48,467,462,36,114,1,-1,-1,-1
171,67,938,433,84,268,1,-1,-1,-1
171,69,1145,447,36,98,1,-1,-1,-1
171,72,507,456,35,106,1,-1,-1,-1
172,3,760,434,117,354,1,-1,-1,-1
172,4,558,424,179,476,1,-1,-1,-1
172,5,1087,484,35,115,1,-1,-1,-1
172,7,997,441,39,108,1,-1,-1,-1
172,8,1050,478,41,116,1,-1,-1,-1
172,9,1092,440,41,111,1,-1,-1,-1
172,10,1176,449,36,97,1,-1,-1,-1
172,12,881,447,104,290,1,-1,-1,-1
172,42,405,467,55,106,1,-1,-1,-1
172,48,467,462,36,114,1,-1,-1,-1
172,67,945,434,82,264,1,-1,-1,-1
172,69,1145,447,37,99,1,-1,-1,-1
172,72,507,458,35,104,1,-1,-1,-1
173,3,761,435,117,353,1,-1,-1,-1
173,4,561,426,183,477,1,-1,-1,-1
173,5,1086,485,36,114,1,-1,-1,-1
173,7,997,442,38,107,1,-1,-1,-1
173,8,1049,478,41,115,1,-1,-1,-1
173,9,1093,441,41,110,1,-1,-1,-1
173,10,1175,450,35,95,1,-1,-1,-1
173,12,882,447,107,290,1,-1,-1,-1
173,42,404,467,55,106,1,-1,-1,-1
173,48,467,463,35,113,1,-1,-1,-1
173,67,950,434,81,262,1,-1,-1,-1
173,69,1145,449,36,96,1,-1,-1,-1
173,72,508,459,34,103,1,-1,-1,-1
174,3,763,436,117,353,1,-1,-1,-1
174,4,564,426,187,480,1,-1,-1,-1
174,5,1086,484,35,115,1,-1,-1,-1
174,8,1049,479,41,115,1,-1,-1,-1
174,9,1093,440,41,109,1,-1,-1,-1
174,10,1174,449,36,96,1,-1,-1,-1
174,12,884,447,107,291,1,-1,-1,-1
174,42,404,467,55,106,1,-1,-1,-1
174,48,467,464,35,112,1,-1,-1,-1
174,67,954,434,81,260,1,-1,-1,-1
174,69,1146,449,36,97,1,-1,-1,-1
174,72,508,459,34,102,1,-1,-1,-1
174,75,546,454,25,68,1,-1,-1,-1
175,3,766,436,117,356,1,-1,-1,-1
175,4,567,427,190,479,1,-1,-1,-1
175,5,1086,485,36,114,1,-1,-1,-1
175,8,1049,479,40,115,1,-1,-1,-1
175,9,1093,440,40,108,1,-1,-1,-1
175,10,1173,450,37,95,1,-1,-1,-1
175,12,886,447,108,291,1,-1,-1,-1
175,42,403,466,55,107,1,-1,-1,-1
175,48,466,464,36,112,1,-1,-1,-1
175,67,959,435,80,256,1,-1,-1,-1
175,69,1147,450,36,96,1,-1,-1,-1
175,72,508,460,34,101,1,-1,-1,-1
175,75,547,455,24,66,1,-1,-1,-1
176,3,768,436,118,360,1,-1,-1,-1
176,4,571,423,193,482,1,-1,-1,-1
176,5,1086,484,36,115,1,-1,-1,-1
176,8,1049,479,40,115,1,-1,-1,-1
176,9,1093,439,40,108,1,-1,-1,-1
176,10,1172,451,36,94,1,-1,-1,-1
176,12,887,445,110,294,1,-1,-1,-1
176,42,403,466,56,107,1,-1,-1,-1
176,48,466,464,35,112,1,-1,-1,-1
176,67,960,435,82,257,1,-1,-1,-1
176,69,1150,450,35,95,1,-1,-1,-1
176,72,508,460,35,101,1,-1,-1,-1
176,75,546,455,24,65,1,-1,-1,-1
177,3,770,435,118,363,1,-1,-1,-1
177,4,574,423,195,482,1,-1,-1,-1
177,5,1086,484,36,115,1,-1,-1,-1
177,8,1049,480,39,114,1,-1,-1,-1
177,9,1094,439,39,106,1,-1,-1,-1
177,10,1170,449,37,96,1,-1,-1,-1
177,12,888,446,110,295,1,-1,-1,-1
177,42,404,467,55,106,1,-1,-1,-1
177,48,466,464,36,112,1,-1,-1,-1
177,67,962,435,84,259,1,-1,-1,-1
177,69,1152,448,36,97,1,-1,-1,-1
177,72,508,460,34,101,1,-1,-1,-1
177,75,545,455,25,65,1,-1,-1,-1
178,3,771,434,118,366,1,-1,-1,-1
178,4,575,423,197,482,1,-1,-1,-1
178,5,1085,484,36,115,1,-1,-1,-1
178,8,1048,481,40,112,1,-1,-1,-1
178,9,1094,439,39,106,1,-1,-1,-1
178,12,889,447,111,294,1,-1,-1,-1
178,42,405,466,56,108,1,-1,-1,-1
178,48,466,463,35,113,1,-1,-1,-1
178,67,965,435,86,260,1,-1,-1,-1
178,69,1155,447,37,98,1,-1,-1,-1
178,72,508,459,34,102,1,-1,-1,-1
178,75,545,455,24,64,1,-1,-1,-1
178,92,593,426,19,37,1,-1,-1,-1
179,3,773,434,118,366,1,-1,-1,-1
179,4,575,424,197,483,1,-1,-1,-1
179,5,1085,485,36,114,1,-1,-1,-1
179,8,1048,482,40,111,1,-1,-1,-1
179,9,1092,438,41,108,1,-1,-1,-1
179,12,892,447,110,295,1,-1,-1,-1
179,42,406,465,56,109,1,-1,-1,-1
179,48,466,463,35,112,1,-1,-1,-1
179,67,967,435,89,263,1,-1,-1,-1
179,69,1158,447,38,99,1,-1,-1,-1
179,72,507,458,35,103,1,-1,-1,-1
179,75,545,456,24,65,1,-1,-1,-1
179,92,594,425,17,37,1,-1,-1,-1
179,94,583,423,16,36,1,-1,-1,-1
180,3,775,433,118,367,1,-1,-1,-1
180,4,578,421,197,485,1,-1,-1,-1
180,5,1086,486,35,112,1,-1,-1,-1
180,8,1048,482,39,111,1,-1,-1,-1
180,9,1092,437,41,109,1,-1,-1,-1
180,12,895,446,111,297,1,-1,-1,-1
180,42,405,465,56,109,1,-1,-1,-1
180,48,466,462,36,114,1,-1,-1,-1
180,67,969,435,92,265,1,-1,-1,-1
180,69,1158,448,37,98,1,-1,-1,-1
180,72,508,458,35,103,1,-1,-1,-1
180,75,543,454,24,65,1,-1,-1,-1
180,94,582,422,17,38,1,-1,-1,-1
181,3,776,432,118,367,1,-1,-1,-1
181,4,580,418,198,488,1,-1,-1,-1
181,5,1085,484,36,114,1,-1,-1,-1
181,8,1048,483,39,110,1,-1,-1,-1
181,9,1092,436,41,110,1,-1,-1,-1
181,12,898,444,111,300,1,-1,-1,-1
181,42,405,466,55,107,1,-1,-1,-1
181,48,466,464,35,112,1,-1,-1,-1
181,67,970,435,94,266,1,-1,-1,-1
181,69,1157,448,37,98,1,-1,-1,-1
181,72,509,458,35,103,1,-1,-1,-1
181,94,581,422,17,38,1,-1,-1,-1
181,96,566,458,46,137,1,-1,-1,-1
182,3,778,431,117,368,1,-1,-1,-1
182,4,583,418,197,488,1,-1,-1,-1
182,5,1085,483,36,115,1,-1,-1,-1
182,8,1049,483,39,109,1,-1,-1,-1
182,9,1093,437,40,107,1,-1,-1,-1
182,12,902,443,110,302,1,-1,-1,-1
182,42,404,467,55,106,1,-1,-1,-1
182,48,465,464,35,111,1,-1,-1,-1
182,67,969,435,96,267,1,-1,-1,-1
182,69,1157,450,36,97,1,-1,-1,-1
182,72,509,457,36,105,1,-1,-1,-1
182,94,580,422,17,38,1,-1,-1,-1
182,96,568,459,46,139,1,-1,-1,-1
182,75,545,453,25,67,1,-1,-1,-1
183,3,780,430,117,369,1,-1,-1,-1
183,4,584,420,196,487,1,-1,-1,-1
183,5,1085,481,36,116,1,-1,-1,-1
183,8,1049,483,38,108,1,-1,-1,-1
183,9,1094,437,40,107,1,-1,-1,-1
183,12,905,442,109,304,1,-1,-1,-1
183,42,405,467,54,106,1,-1,-1,-1
183,48,465,464,35,111,1,-1,-1,-1
183,67,971,433,98,270,1,-1,-1,-1
183,69,1157,451,36,96,1,-1,-1,-1
183,72,510,457,35,105,1,-1,-1,-1
183,94,579,422,17,38,1,-1,-1,-1
183,96,570,460,46,138,1,-1,-1,-1
183,97,1077,478,35,115,1,-1,-1,-1
183,75,545,454,25,66,1,-1,-1,-1
183,92,592,424,18,36,1,-1,-1,-1
184,3,782,430,116,370,1,-1,-1,-1
184,4,588,419,196,489,1,-1,-1,-1
184,5,1085,482,36,115,1,-1,-1,-1
184,8,1048,483,39,109,1,-1,-1,-1
184,9,1094,436,40,109,1,-1,-1,-1
184,12,910,442,107,304,1,-1,-1,-1
184,42,405,467,54,106,1,-1,-1,-1
184,48,465,464,36,111,1,-1,-1,-1
184,67,974,433,98,270,1,-1,-1,-1
184,69,1157,453,36,94,1,-1,-1,-1
184,72,510,456,35,107,1,-1,-1,-1
184,94,579,422,17,38,1,-1,-1,-1
184,96,570,458,47,141,1,-1,-1,-1
184,97,1076,478,35,116,1,-1,-1,-1
184,75,544,452,26,68,1,-1,-1,-1
184,92,592,424,18,35,1,-1,-1,-1
185,3,784,430,116,371,1,-1,-1,-1
185,4,593,420,195,491,1,-1,-1,-1
185,5,1085,483,36,114,1,-1,-1,-1
185,8,1051,483,38,108,1,-1,-1,-1
185,9,1094,436,41,109,1,-1,-1,-1
185,12,915,442,106,306,1,-1,-1,-1
185,42,406,467,54,106,1,-1,-1,-1
185,48,465,464,35,111,1,-1,-1,-1
185,67,976,433,99,270,1,-1,-1,-1
185,69,1156,452,36,94,1,-1,-1,-1
185,72,509,455,36,107,1,-1,-1,-1
185,94,579,422,18,37,1,-1,-1,-1
185,96,570,455,48,147,1,-1,-1,-1
185,97,1075,478,35,115,1,-1,-1,-1
185,75,543,452,26,66,1,-1,-1,-1
185,92,592,424,18,35,1,-1,-1,-1
186,3,786,431,116,371,1,-1,-1,-1
186,4,597,419,194,494,1,-1,-1,-1
186,5,1087,485,35,112,1,-1,-1,-1
186,9,1095,436,41,109,1,-1,-1,-1
186,12,919,444,105,307,1,-1,-1,-1
186,42,406,466,54,107,1,-1,-1,-1
186,48,465,464,35,111,1,-1,-1,-1
186,67,985,434,97,269,1,-1,-1,-1
186,69,1156,452,36,94,1,-1,-1,-1
186,72,509,454,36,109,1,-1,-1,-1
186,94,580,421,17,38,1,-1,-1,-1
186,96,569,454,51,154,1,-1,-1,-1
186,97,1077,479,35,115,1,-1,-1,-1
186,75,542,451,26,67,1,-1,-1,-1
186,92,592,423,18,35,1,-1,-1,-1
187,3,788,430,116,372,1,-1,-1,-1
187,4,600,417,195,499,1,-1,-1,-1
187,5,1087,485,35,112,1,-1,-1,-1
187,9,1095,437,41,109,1,-1,-1,-1
187,12,923,445,104,306,1,-1,-1,-1
187,42,405,466,54,106,1,-1,-1,-1
187,48,465,464,35,111,1,-1,-1,-1
187,67,991,434,97,271,1,-1,-1,-1
187,69,1156,452,36,93,1,-1,-1,-1
187,72,509,453,36,110,1,-1,-1,-1
187,94,580,421,17,38,1,-1,-1,-1
187,96,569,454,52,155,1,-1,-1,-1
187,97,1078,479,35,115,1,-1,-1,-1
187,75,542,451,27,69,1,-1,-1,-1
187,92,591,423,19,36,1,-1,-1,-1
188,3,790,431,116,371,1,-1,-1,-1
188,4,604,417,193,502,1,-1,-1,-1
188,5,1087,484,36,114,1,-1,-1,-1
188,9,1095,437,42,111,1,-1,-1,-1
188,12,928,444,103,306,1,-1,-1,-1
188,42,405,465,54,108,1,-1,-1,-1
188,48,465,463,35,112,1,-1,-1,-1
188,67,994,434,96,272,1,-1,-1,-1
188,72,509,453,35,110,1,-1,-1,-1
188,94,580,421,17,38,1,-1,-1,-1
188,96,569,451,54,160,1,-1,-1,-1
188,75,543,451,27,69,1,-1,-1,-1
188,92,591,423,19,35,1,-1,-1,-1
189,3,792,431,116,372,1,-1,-1,-1
189,4,607,416,193,507,1,-1,-1,-1
189,5,1087,484,36,114,1,-1,-1,-1
189,9,1095,437,42,111,1,-1,-1,-1
189,12,934,444,103,306,1,-1,-1,-1
189,42,405,466,54,106,1,-1,-1,-1
189,48,465,463,35,112,1,-1,-1,-1
189,67,997,433,95,273,1,-1,-1,-1
189,72,509,453,35,109,1,-1,-1,-1
189,94,580,421,18,39,1,-1,-1,-1
189,96,569,451,54,160,1,-1,-1,-1
189,75,542,451,28,69,1,-1,-1,-1
189,92,592,423,19,35,1,-1,-1,-1
189,104,574,424,22,40,1,-1,-1,-1
189,10,1154,450,37,96,1,-1,-1,-1
189,97,1081,479,35,117,1,-1,-1,-1
190,3,794,431,116,373,1,-1,-1,-1
190,4,610,417,192,511,1,-1,-1,-1
190,5,1087,486,35,112,1,-1,-1,-1
190,9,1095,437,43,113,1,-1,-1,-1
190,12,939,444,104,306,1,-1,-1,-1
190,42,405,466,54,106,1,-1,-1,-1
190,48,465,462,35,113,1,-1,-1,-1
190,67,997,435,94,271,1,-1,-1,-1
190,72,510,453,34,109,1,-1,-1,-1
190,94,580,422,18,39,1,-1,-1,-1
190,96,569,451,54,161,1,-1,-1,-1
190,75,543,452,28,69,1,-1,-1,-1
190,92,592,423,19,35,1,-1,-1,-1
190,104,574,424,23,41,1,-1,-1,-1
190,105,1166,451,40,95,1,-1,-1,-1
190,106,493,456,30,103,1,-1,-1,-1
190,10,1152,449,38,97,1,-1,-1,-1
191,3,796,430,116,375,1,-1,-1,-1
191,4,614,419,190,513,1,-1,-1,-1
191,5,1086,483,36,115,1,-1,-1,-1
191,9,1095,436,43,116,1,-1,-1,-1
191,12,944,444,104,306,1,-1,-1,-1
191,42,405,466,53,106,1,-1,-1,-1
191,48,464,463,35,111,1,-1,-1,-1
191,67,998,434,94,272,1,-1,-1,-1
191,72,509,454,35,108,1,-1,-1,-1
191,94,580,422,18,39,1,-1,-1,-1
191,96,568,452,54,160,1,-1,-1,-1
191,75,545,453,27,68,1,-1,-1,-1
191,92,592,423,20,36,1,-1,-1,-1
191,105,1168,452,40,94,1,-1,-1,-1
191,106,493,457,31,103,1,-1,-1,-1
191,10,1150,452,36,94,1,-1,-1,-1
191,107,1157,450,38,97,1,-1,-1,-1
192,3,799,430,116,376,1,-1,-1,-1
192,4,616,420,191,523,1,-1,-1,-1
192,5,1086,482,36,116,1,-1,-1,-1
192,9,1094,435,45,118,1,-1,-1,-1
192,12,947,444,106,308,1,-1,-1,-1
192,42,405,466,53,106,1,-1,-1,-1
192,48,463,463,36,111,1,-1,-1,-1
192,67,1001,436,93,271,1,-1,-1,-1
192,72,509,455,34,108,1,-1,-1,-1
192,94,580,423,17,38,1,-1,-1,-1
192,96,568,454,54,158,1,-1,-1,-1
192,75,544,455,26,65,1,-1,-1,-1
192,92,592,424,20,36,1,-1,-1,-1
192,105,1169,451,40,94,1,-1,-1,-1
192,106,494,457,30,103,1,-1,-1,-1
192,10,1147,453,37,93,1,-1,-1,-1
192,107,1155,449,39,98,1,-1,-1,-1
192,104,578,426,21,39,1,-1,-1,-1
193,3,802,429,117,377,1,-1,-1,-1
193,4,620,420,189,524,1,-1,-1,-1
193,5,1085,480,37,118,1,-1,-1,-1
193,9,1094,435,45,119,1,-1,-1,-1
193,12,948,444,108,311,1,-1,-1,-1
193,42,405,466,53,106,1,-1,-1,-1
193,48,462,464,35,110,1,-1,-1,-1
193,67,1006,436,92,270,1,-1,-1,-1
193,72,509,454,34,108,1,-1,-1,-1
193,94,580,424,17,37,1,-1,-1,-1
193,96,568,452,55,161,1,-1,-1,-1
193,75,544,454,27,67,1,-1,-1,-1
193,92,592,424,20,37,1,-1,-1,-1
193,105,1171,451,39,94,1,-1,-1,-1
193,106,490,456,30,101,1,-1,-1,-1
193,10,1145,454,36,92,1,-1,-1,-1
193,107,1152,450,38,96,1,-1,-1,-1
193,104,577,427,22,38,1,-1,-1,-1
194,3,805,429,118,378,1,-1,-1,-1
194,4,624,421,188,529,1,-1,-1,-1
194,5,1084,476,38,122,1,-1,-1,-1
194,9,1094,435,45,121,1,-1,-1,-1
194,12,950,444,109,313,1,-1,-1,-1
194,42,405,466,52,106,1,-1,-1,-1
194,48,461,463,36,111,1,-1,-1,-1
194,67,1009,435,92,274,1,-1,-1,-1
194,72,510,456,33,107,1,-1,-1,-1
194,94,581,424,17,38,1,-1,-1,-1
194,96,569,453,54,160,1,-1,-1,-1
194,75,545,454,28,69,1,-1,-1,-1
194,92,592,425,21,37,1,-1,-1,-1
194,105,1172,450,39,95,1,-1,-1,-1
194,106,490,456,30,102,1,-1,-1,-1
194,10,1144,455,36,92,1,-1,-1,-1
194,104,578,428,21,38,1,-1,-1,-1
195,3,810,428,119,379,1,-1,-1,-1
195,4,628,422,188,533,1,-1,-1,-1
195,5,1082,475,39,121,1,-1,-1,-1
195,9,1094,437,46,120,1,-1,-1,-1
195,12,951,444,110,314,1,-1,-1,-1
195,42,406,465,52,107,1,-1,-1,-1
195,48,461,464,35,110,1,-1,-1,-1
195,67,1014,434,93,276,1,-1,-1,-1
195,72,510,456,34,107,1,-1,-1,-1
195,96,569,452,56,162,1,-1,-1,-1
195,92,593,424,20,38,1,-1,-1,-1
195,105,1172,448,41,97,1,-1,-1,-1
195,106,488,456,30,101,1,-1,-1,-1
195,10,1142,455,37,92,1,-1,-1,-1
195,104,577,427,22,40,1,-1,-1,-1
196,3,816,428,120,378,1,-1,-1,-1
196,4,633,420,185,531,1,-1,-1,-1
196,9,1095,438,45,120,1,-1,-1,-1
196,12,953,443,112,316,1,-1,-1,-1
196,42,406,466,52,106,1,-1,-1,-1
196,48,460,465,35,109,1,-1,-1,-1
196,67,1017,428,95,283,1,-1,-1,-1
196,72,510,457,33,107,1,-1,-1,-1
196,96,569,452,56,163,1,-1,-1,-1
196,92,592,424,20,38,1,-1,-1,-1
196,105,1172,447,41,98,1,-1,-1,-1
196,106,486,457,30,101,1,-1,-1,-1
196,10,1141,455,36,93,1,-1,-1,-1
196,104,577,427,22,41,1,-1,-1,-1
196,85,471,465,37,105,1,-1,-1,-1
196,94,579,424,18,39,1,-1,-1,-1
197,3,823,430,123,375,1,-1,-1,-1
197,4,638,421,183,530,1,-1,-1,-1
197,9,1095,437,45,121,1,-1,-1,-1
197,12,956,443,112,316,1,-1,-1,-1
197,42,405,465,53,108,1,-1,-1,-1
197,48,459,465,35,109,1,-1,-1,-1
197,67,1022,428,95,284,1,-1,-1,-1
197,72,510,458,33,105,1,-1,-1,-1
197,96,571,452,56,163,1,-1,-1,-1
197,92,592,424,20,38,1,-1,-1,-1
197,105,1174,449,40,97,1,-1,-1,-1
197,106,486,458,30,101,1,-1,-1,-1
197,10,1141,457,36,91,1,-1,-1,-1
197,104,575,427,23,41,1,-1,-1,-1
197,94,579,424,18,39,1,-1,-1,-1
198,3,827,430,125,376,1,-1,-1,-1
198,4,642,421,182,530,1,-1,-1,-1
198,9,1096,438,45,117,1,-1,-1,-1
198,12,960,444,112,315,1,-1,-1,-1
198,42,406,466,52,107,1,-1,-1,-1
198,48,458,467,35,107,1,-1,-1,-1
198,67,1028,429,95,283,1,-1,-1,-1
198,72,512,456,33,107,1,-1,-1,-1
198,96,572,453,57,162,1,-1,-1,-1
198,92,592,424,20,38,1,-1,-1,-1
198,105,1177,450,40,95,1,-1,-1,-1
198,106,486,459,30,100,1,-1,-1,-1
198,10,1141,457,36,91,1,-1,-1,-1
198,104,574,428,23,42,1,-1,-1,-1
198,94,579,425,18,39,1,-1,-1,-1
198,75,541,454,28,69,1,-1,-1,-1
199,3,830,430,129,377,1,-1,-1,-1
199,4,646,421,181,530,1,-1,-1,-1
199,9,1097,438,44,116,1,-1,-1,-1
199,12,963,445,112,315,1,-1,-1,-1
199,42,406,466,52,107,1,-1,-1,-1
199,48,457,467,35,107,1,-1,-1,-1
199,67,1033,431,95,280,1,-1,-1,-1
199,72,512,455,33,107,1,-1,-1,-1
199,96,573,453,57,162,1,-1,-1,-1
199,92,592,424,20,38,1,-1,-1,-1
199,105,1179,450,39,94,1,-1,-1,-1
199,106,486,462,30,102,1,-1,-1,-1
199,10,1141,457,36,90,1,-1,-1,-1
199,104,574,428,22,42,1,-1,-1,-1
199,94,580,425,18,40,1,-1,-1,-1
199,75,541,454,27,68,1,-1,-1,-1
200,3,831,429,131,379,1,-1,-1,-1
200,4,652,420,181,533,1,-1,-1,-1
200,9,1097,439,45,115,1,-1,-1,-1
200,12,967,445,111,316,1,-1,-1,-1
200,42,406,466,52,107,1,-1,-1,-1
200,48,456,467,35,107,1,-1,-1,-1
200,67,1037,432,95,280,1,-1,-1,-1
200,72,512,455,33,108,1,-1,-1,-1
200,96,574,455,56,160,1,-1,-1,-1
200,92,592,425,20,37,1,-1,-1,-1
200,105,1181,450,38,93,1,-1,-1,-1
200,106,485,462,30,105,1,-1,-1,-1
200,10,1141,456,35,91,1,-1,-1,-1
200,104,576,428,22,41,1,-1,-1,-1
200,94,580,425,18,39,1,-1,-1,-1
200,75,541,454,27,66,1,-1,-1,-1
201,3,833,430,134,378,1,-1,-1,-1
201,4,658,421,179,534,1,-1,-1,-1
201,9,1096,438,46,118,1,-1,-1,-1
201,12,971,445,111,317,1,-1,-1,-1
201,42,406,467,51,107,1,-1,-1,-1
201,48,455,467,35,107,1,-1,-1,-1
201,67,1041,435,96,280,1,-1,-1,-1
201,72,511,454,34,109,1,-1,-1,-1
201,96,575,455,57,161,1,-1,-1,-1
201,92,592,425,20,37,1,-1,-1,-1
201,105,1181,450,39,94,1,-1,-1,-1
201,106,483,461,31,108,1,-1,-1,-1
201,10,1139,456,36,92,1,-1,-1,-1
201,104,577,428,21,40,1,-1,-1,-1
201,94,581,424,18,40,1,-1,-1,-1
201,75,542,455,25,64,1,-1,-1,-1
201,85,474,464,36,105,1,-1,-1,-1
202,3,834,429,136,379,1,-1,-1,-1
202,4,662,422,178,535,1,-1,-1,-1
202,12,976,445,110,318,1,-1,-1,-1
202,42,406,467,51,107,1,-1,-1,-1
202,48,453,468,36,107,1,-1,-1,-1
202,67,1045,435,96,281,1,-1,-1,-1
202,72,512,454,33,108,1,-1,-1,-1
202,96,576,454,57,162,1,-1,-1,-1
202,92,592,425,20,37,1,-1,-1,-1
202,105,1182,450,39,94,1,-1,-1,-1
202,106,480,461,32,109,1,-1,-1,-1
202,10,1137,456,36,92,1,-1,-1,-1
202,104,579,428,21,40,1,-1,-1,-1
202,94,580,424,18,39,1,-1,-1,-1
202,75,542,455,26,64,1,-1,-1,-1
202,85,471,463,36,106,1,-1,-1,-1
203,3,835,429,138,380,1,-1,-1,-1
203,4,664,423,178,539,1,-1,-1,-1
203,12,981,445,109,318,1,-1,-1,-1
203,42,406,468,50,106,1,-1,-1,-1
203,48,452,467,36,108,1,-1,-1,-1
203,67,1047,434,98,283,1,-1,-1,-1
203,72,511,454,33,109,1,-1,-1,-1
203,96,577,455,58,162,1,-1,-1,-1
203,92,592,425,20,38,1,-1,-1,-1
203,105,1183,450,39,95,1,-1,-1,-1
203,106,477,462,32,109,1,-1,-1,-1
203,10,1136,456,35,91,1,-1,-1,-1
203,104,581,427,21,41,1,-1,-1,-1
203,94,580,424,18,39,1,-1,-1,-1
203,75,543,456,25,63,1,-1,-1,-1
203,85,469,463,35,106,1,-1,-1,-1
204,3,836,429,140,380,1,-1,-1,-1
204,4,667,423,179,543,1,-1,-1,-1
204,12,985,447,109,318,1,-1,-1,-1
204,42,405,468,50,105,1,-1,-1,-1
204,48,452,467,36,107,1,-1,-1,-1
204,67,1048,434,98,285,1,-1,-1,-1
204,72,511,454,33,108,1,-1,-1,-1
204,96,578,455,58,162,1,-1,-1,-1
204,92,592,426,20,38,1,-1,-1,-1
204,105,1184,450,39,95,1,-1,-1,-1
204,106,477,462,32,109,1,-1,-1,-1
204,10,1135,456,35,91,1,-1,-1,-1
204,104,581,428,22,41,1,-1,-1,-1
204,94,580,424,18,39,1,-1,-1,-1
204,75,543,455,26,63,1,-1,-1,-1
205,3,837,429,141,381,1,-1,-1,-1
205,4,671,422,176,542,1,-1,-1,-1
205,12,989,448,108,315,1,-1,-1,-1
205,42,406,468,49,105,1,-1,-1,-1
205,48,451,468,36,105,1,-1,-1,-1
205,67,1050,437,98,283,1,-1,-1,-1
205,72,511,454,33,108,1,-1,-1,-1
205,96,577,452,59,166,1,-1,-1,-1
205,92,592,425,20,38,1,-1,-1,-1
205,105,1185,452,38,94,1,-1,-1,-1
205,106,478,462,31,108,1,-1,-1,-1
205,10,1134,457,35,89,1,-1,-1,-1
205,104,581,428,21,40,1,-1,-1,-1
205,94,579,423,18,39,1,-1,-1,-1
205,75,545,455,26,63,1,-1,-1,-1
206,3,838,430,143,380,1,-1,-1,-1
206,4,675,421,178,551,1,-1,-1,-1
206,12,996,448,107,314,1,-1,-1,-1
206,42,405,468,49,105,1,-1,-1,-1
206,48,450,468,36,105,1,-1,-1,-1
206,67,1052,438,97,281,1,-1,-1,-1
206,72,511,453,33,110,1,-1,-1,-1
206,96,578,451,60,168,1,-1,-1,-1
206,92,592,425,20,37,1,-1,-1,-1
206,105,1186,453,38,93,1,-1,-1,-1
206,106,480,462,31,106,1,-1,-1,-1
206,10,1133,456,35,90,1,-1,-1,-1
206,104,579,428,21,40,1,-1,-1,-1
206,94,578,423,18,39,1,-1,-1,-1
206,75,547,456,25,63,1,-1,-1,-1
207,3,839,430,144,380,1,-1,-1,-1
207,4,680,420,179,558,1,-1,-1,-1
207,12,1003,447,108,315,1,-1,-1,-1
207,42,406,468,49,105,1,-1,-1,-1
207,48,449,467,37,106,1,-1,-1,-1
207,67,1055,435,98,285,1,-1,-1,-1
207,72,512,454,32,109,1,-1,-1,-1
207,96,579,451,60,168,1,-1,-1,-1
207,92,592,425,20,37,1,-1,-1,-1
207,105,1188,452,38,95,1,-1,-1,-1
207,106,482,462,30,104,1,-1,-1,-1
207,10,1133,453,35,93,1,-1,-1,-1
207,104,580,428,20,39,1,-1,-1,-1
207,94,580,423,17,38,1,-1,-1,-1
207,75,549,457,25,62,1,-1,-1,-1
208,3,840,430,146,380,1,-1,-1,-1
208,4,684,420,178,559,1,-1,-1,-1
208,12,1013,445,109,317,1,-1,-1,-1
208,42,406,467,49,106,1,-1,-1,-1
208,48,448,466,37,108,1,-1,-1,-1
208,67,1054,432,102,296,1,-1,-1,-1
208,72,512,453,33,110,1,-1,-1,-1
208,96,580,449,60,170,1,-1,-1,-1
208,92,592,425,20,37,1,-1,-1,-1
208,105,1189,451,38,96,1,-1,-1,-1
208,106,482,461,31,103,1,-1,-1,-1
208,10,1133,452,35,94,1,-1,-1,-1
208,94,581,423,18,39,1,-1,-1,-1
208,75,547,455,25,64,1,-1,-1,-1
209,3,842,431,146,380,1,-1,-1,-1
209,4,690,417,176,561,1,-1,-1,-1
209,12,1022,444,113,317,1,-1,-1,-1
209,42,406,467,49,106,1,-1,-1,-1
209,48,447,466,37,108,1,-1,-1,-1
209,67,1059,430,105,307,1,-1,-1,-1
209,72,513,454,32,109,1,-1,-1,-1
209,96,582,450,60,170,1,-1,-1,-1
209,92,592,425,20,37,1,-1,-1,-1
209,105,1189,450,39,97,1,-1,-1,-1
209,106,483,461,30,102,1,-1,-1,-1
209,94,581,423,18,39,1,-1,-1,-1
209,75,546,455,25,64,1,-1,-1,-1
209,117,555,456,25,64,1,-1,-1,-1
210,3,845,430,147,381,1,-1,-1,-1
210,4,693,416,175,562,1,-1,-1,-1
210,12,1028,444,117,318,1,-1,-1,-1
210,42,407,468,49,105,1,-1,-1,-1
210,48,445,467,36,106,1,-1,-1,-1
210,67,1062,429,108,315,1,-1,-1,-1
210,72,513,455,32,108,1,-1,-1,-1
210,96,584,450,59,171,1,-1,-1,-1
210,92,593,425,19,36,1,-1,-1,-1
210,105,1191,450,39,96,1,-1,-1,-1
210,106,485,462,30,100,1,-1,-1,-1
210,94,581,423,18,38,1,-1,-1,-1
210,75,546,455,25,64,1,-1,-1,-1
210,117,556,457,25,63,1,-1,-1,-1
211,3,849,430,148,381,1,-1,-1,-1
211,4,696,413,174,564,1,-1,-1,-1
211,12,1033,443,121,322,1,-1,-1,-1
211,42,409,467,49,106,1,-1,-1,-1
211,48,444,466,37,107,1,-1,-1,-1
211,67,1066,430,110,321,1,-1,-1,-1
211,72,513,455,32,108,1,-1,-1,-1
211,96,586,449,59,172,1,-1,-1,-1
211,92,593,425,19,36,1,-1,-1,-1
211,105,1193,449,38,96,1,-1,-1,-1
211,106,485,462,30,99,1,-1,-1,-1
211,94,582,423,17,38,1,-1,-1,-1
211,75,545,454,25,66,1,-1,-1,-1
211,117,556,456,25,65,1,-1,-1,-1
211,121,503,457,34,107,1,-1,-1,-1
212,3,853,428,148,383,1,-1,-1,-1
212,4,697,412,174,568,1,-1,-1,-1
212,12,1034,444,125,322,1,-1,-1,-1
212,42,409,467,49,105,1,-1,-1,-1
212,48,444,466,37,107,1,-1,-1,-1
212,67,1072,430,110,325,1,-1,-1,-1
212,72,513,455,32,108,1,-1,-1,-1
212,96,587,448,58,172,1,-1,-1,-1
212,92,593,425,19,36,1,-1,-1,-1
212,105,1195,449,39,98,1,-1,-1,-1
212,106,484,459,30,101,1,-1,-1,-1
212,94,581,423,17,38,1,-1,-1,-1
212,75,545,454,25,65,1,-1,-1,-1
213,3,857,428,148,385,1,-1,-1,-1
213,4,700,411,173,571,1,-1,-1,-1
213,12,1035,445,128,323,1,-1,-1,-1
213,42,410,467,48,106,1,-1,-1,-1
213,48,444,467,36,106,1,-1,-1,-1
213,67,1082,428,103,305,1,-1,-1,-1
213,72,513,455,32,108,1,-1,-1,-1
213,96,589,448,58,172,1,-1,-1,-1
213,92,592,425,21,37,1,-1,-1,-1
213,105,1197,449,40,99,1,-1,-1,-1
213,106,484,460,30,100,1,-1,-1,-1
213,94,581,423,17,37,1,-1,-1,-1
213,75,545,453,25,66,1,-1,-1,-1
214,3,862,427,148,388,1,-1,-1,-1
214,4,703,412,173,572,1,-1,-1,-1
214,12,1036,446,130,322,1,-1,-1,-1
214,42,410,467,48,106,1,-1,-1,-1
214,48,444,468,36,105,1,-1,-1,-1
214,72,513,455,32,108,1,-1,-1,-1
214,96,590,447,58,174,1,-1,-1,-1
214,92,592,425,21,37,1,-1,-1,-1
214,105,1199,450,40,98,1,-1,-1,-1
214,106,484,460,30,100,1,-1,-1,-1
214,94,581,423,17,37,1,-1,-1,-1
214,75,545,453,25,67,1,-1,-1,-1
214,117,557,454,26,69,1,-1,-1,-1
215,3,867,427,147,391,1,-1,-1,-1
215,4,707,411,173,574,1,-1,-1,-1
215,12,1035,446,134,322,1,-1,-1,-1
215,42,412,468,46,105,1,-1,-1,-1
215,48,443,468,37,105,1,-1,-1,-1
215,72,514,455,31,108,1,-1,-1,-1
215,96,592,448,57,173,1,-1,-1,-1
215,92,593,425,20,38,1,-1,-1,-1
215,105,1201,450,40,98,1,-1,-1,-1
215,106,482,460,31,101,1,-1,-1,-1
215,94,581,423,17,37,1,-1,-1,-1
215,75,546,454,25,67,1,-1,-1,-1
215,126,569,461,21,64,1,-1,-1,-1
215,117,556,454,27,69,1,-1,-1,-1
215,67,1087,433,105,301,1,-1,-1,-1
216,3,871,426,145,392,1,-1,-1,-1
216,4,711,411,172,574,1,-1,-1,-1
216,12,1036,445,137,324,1,-1,-1,-1
216,42,413,468,46,104,1,-1,-1,-1
216,48,443,468,36,105,1,-1,-1,-1
216,72,514,455,31,108,1,-1,-1,-1
216,96,594,450,57,172,1,-1,-1,-1
216,92,593,425,20,38,1,-1,-1,-1
216,105,1203,451,40,99,1,-1,-1,-1
216,106,482,459,30,101,1,-1,-1,-1
216,94,580,423,18,37,1,-1,-1,-1
216,75,546,455,25,66,1,-1,-1,-1
216,126,570,462,20,62,1,-1,-1,-1
216,117,557,455,25,67,1,-1,-1,-1
216,67,1093,434,107,297,1,-1,-1,-1
217,3,873,425,145,396,1,-1,-1,-1
217,4,713,408,173,576,1,-1,-1,-1
217,12,1038,445,139,325,1,-1,-1,-1
217,42,415,468,46,105,1,-1,-1,-1
217,48,442,467,37,107,1,-1,-1,-1
217,72,514,454,32,109,1,-1,-1,-1
217,96,596,451,56,172,1,-1,-1,-1
217,92,593,425,21,38,1,-1,-1,-1
217,105,1204,451,41,100,1,-1,-1,-1
217,106,482,460,30,101,1,-1,-1,-1
217,94,580,423,18,37,1,-1,-1,-1
217,75,546,455,25,65,1,-1,-1,-1
217,126,571,463,20,60,1,-1,-1,-1
217,117,555,455,26,67,1,-1,-1,-1
217,67,1101,432,110,294,1,-1,-1,-1
217,127,1031,440,48,116,1,-1,-1,-1
218,3,875,425,145,398,1,-1,-1,-1
218,4,716,408,175,580,1,-1,-1,-1
218,12,1042,444,141,328,1,-1,-1,-1
218,42,416,469,45,105,1,-1,-1,-1
218,48,441,468,36,105,1,-1,-1,-1
218,72,514,454,32,109,1,-1,-1,-1
218,96,598,450,56,172,1,-1,-1,-1
218,92,593,425,20,39,1,-1,-1,-1
218,105,1204,449,42,103,1,-1,-1,-1
218,106,481,459,31,102,1,-1,-1,-1
218,94,579,423,18,38,1,-1,-1,-1
218,75,545,455,25,65,1,-1,-1,-1
218,126,571,462,20,61,1,-1,-1,-1
218,117,554,455,26,66,1,-1,-1,-1
218,67,1105,431,114,295,1,-1,-1,-1
218,127,1034,438,48,119,1,-1,-1,-1
218,128,409,465,44,105,1,-1,-1,-1
218,129,595,428,19,43,1,-1,-1,-1
219,3,879,425,143,402,1,-1,-1,-1
219,4,722,408,177,582,1,-1,-1,-1
219,12,1045,443,143,330,1,-1,-1,-1
219,42,415,469,45,105,1,-1,-1,-1
219,48,441,468,37,105,1,-1,-1,-1
219,72,514,454,32,109,1,-1,-1,-1
219,96,599,452,55,171,1,-1,-1,-1
219,92,593,425,21,39,1,-1,-1,-1
219,105,1203,447,43,105,1,-1,-1,-1
219,106,481,460,31,101,1,-1,-1,-1
219,94,578,423,19,38,1,-1,-1,-1
219,75,545,455,25,65,1,-1,-1,-1
219,126,571,461,20,62,1,-1,-1,-1
219,117,555,455,26,66,1,-1,-1,-1
219,67,1108,430,117,296,1,-1,-1,-1
219,127,1035,438,53,131,1,-1,-1,-1
219,129,595,427,20,44,1,-1,-1,-1
220,3,882,425,144,406,1,-1,-1,-1
220,4,728,407,180,585,1,-1,-1,-1
220,12,1049,443,143,331,1,-1,-1,-1
220,42,415,469,44,105,1,-1,-1,-1
220,48,441,468,36,105,1,-1,-1,-1
220,72,514,453,32,110,1,-1,-1,-1
220,96,601,454,54,169,1,-1,-1,-1
220,92,592,425,22,41,1,-1,-1,-1
220,105,1204,447,43,106,1,-1,-1,-1
220,106,481,460,30,101,1,-1,-1,-1
220,94,577,424,19,39,1,-1,-1,-1
220,75,545,455,25,65,1,-1,-1,-1
220,126,571,462,20,61,1,-1,-1,-1
220,117,557,455,25,66,1,-1,-1,-1
220,67,1108,436,118,291,1,-1,-1,-1
220,127,1037,439,52,128,1,-1,-1,-1
220,129,596,427,21,45,1,-1,-1,-1
220,128,408,466,43,103,1,-1,-1,-1
221,3,885,426,144,409,1,-1,-1,-1
221,4,732,403,182,583,1,-1,-1,-1
221,12,1053,443,143,330,1,-1,-1,-1
221,42,414,467,44,106,1,-1,-1,-1
221,48,440,467,37,105,1,-1,-1,-1
221,72,514,453,32,110,1,-1,-1,-1
221,96,601,455,54,168,1,-1,-1,-1
221,92,592,425,22,41,1,-1,-1,-1
221,105,1206,448,43,104,1,-1,-1,-1
221,106,480,460,31,100,1,-1,-1,-1
221,94,577,424,20,39,1,-1,-1,-1
221,75,545,456,25,65,1,-1,-1,-1
221,126,570,463,20,58,1,-1,-1,-1
221,117,559,456,25,66,1,-1,-1,-1
221,67,1116,436,119,293,1,-1,-1,-1
221,127,1040,440,49,122,1,-1,-1,-1
221,129,596,427,21,45,1,-1,-1,-1
222,3,887,426,143,410,1,-1,-1,-1
222,4,738,405,184,578,1,-1,-1,-1
222,12,1062,445,141,329,1,-1,-1,-1
222,42,416,467,44,107,1,-1,-1,-1
222,48,437,466,38,106,1,-1,-1,-1
222,72,514,453,32,110,1,-1,-1,-1
222,96,602,456,53,168,1,-1,-1,-1
222,92,592,426,22,40,1,-1,-1,-1
222,105,1210,449,42,104,1,-1,-1,-1
222,106,479,459,32,101,1,-1,-1,-1
222,94,577,424,20,40,1,-1,-1,-1
222,75,545,457,24,63,1,-1,-1,-1
222,126,570,463,19,58,1,-1,-1,-1
222,117,559,456,25,66,1,-1,-1,-1
222,67,1119,435,120,296,1,-1,-1,-1
222,127,1041,439,50,124,1,-1,-1,-1
222,129,596,428,20,44,1,-1,-1,-1
222,128,408,465,44,106,1,-1,-1,-1
223,3,890,426,143,411,1,-1,-1,-1
223,4,748,401,190,583,1,-1,-1,-1
223,12,1069,444,140,332,1,-1,-1,-1
223,42,421,468,44,106,1,-1,-1,-1
223,48,435,466,38,107,1,-1,-1,-1
223,72,514,453,32,111,1,-1,-1,-1
223,96,603,454,54,170,1,-1,-1,-1
223,92,593,425,21,40,1,-1,-1,-1
223,105,1212,449,42,103,1,-1,-1,-1
223,106,479,458,31,101,1,-1,-1,-1
223,94,578,424,19,39,1,-1,-1,-1
223,75,544,457,25,64,1,-1,-1,-1
223,126,571,463,19,58,1,-1,-1,-1
223,117,557,456,25,65,1,-1,-1,-1
223,67,1124,433,121,298,1,-1,-1,-1
223,127,1041,439,51,127,1,-1,-1,-1
223,129,596,429,19,41,1,-1,-1,-1
223,131,1047,476,40,114,1,-1,-1,-1
223,128,411,466,45,107,1,-1,-1,-1
224,3,893,426,142,413,1,-1,-1,-1
224,4,755,401,195,586,1,-1,-1,-1
224,12,1076,442,138,336,1,-1,-1,-1
224,48,434,465,38,108,1,-1,-1,-1
224,72,514,453,32,111,1,-1,-1,-1
224,96,603,453,54,171,1,-1,-1,-1
224,92,593,425,21,40,1,-1,-1,-1
224,105,1214,448,43,104,1,-1,-1,-1
224,106,479,457,31,103,1,-1,-1,-1
224,94,579,423,20,40,1,-1,-1,-1
224,75,544,457,25,64,1,-1,-1,-1
224,126,571,462,19,59,1,-1,-1,-1
224,117,557,455,25,67,1,-1,-1,-1
224,67,1129,432,120,298,1,-1,-1,-1
224,127,1043,440,49,123,1,-1,-1,-1
224,131,1048,485,39,108,1,-1,-1,-1
224,128,409,467,46,108,1,-1,-1,-1
225,3,895,426,141,415,1,-1,-1,-1
225,4,760,402,201,589,1,-1,-1,-1
225,12,1083,441,136,339,1,-1,-1,-1
225,72,515,453,32,110,1,-1,-1,-1
225,96,605,453,54,173,1,-1,-1,-1
225,92,593,425,21,41,1,-1,-1,-1
225,105,1218,450,42,100,1,-1,-1,-1
225,106,480,457,32,103,1,-1,-1,-1
225,94,580,423,20,40,1,-1,-1,-1
225,75,544,456,25,65,1,-1,-1,-1
225,126,570,462,20,59,1,-1,-1,-1
225,117,557,455,24,67,1,-1,-1,-1
225,67,1131,433,119,297,1,-1,-1,-1
225,127,1044,441,48,120,1,-1,-1,-1
225,131,1049,485,39,109,1,-1,-1,-1
225,128,408,467,45,108,1,-1,-1,-1
225,42,426,468,43,106,1,-1,-1,-1
226,3,897,426,141,416,1,-1,-1,-1
226,4,762,403,206,589,1,-1,-1,-1
226,12,1089,443,133,338,1,-1,-1,-1
226,72,514,453,32,110,1,-1,-1,-1
226,96,606,453,54,176,1,-1,-1,-1
226,92,592,425,21,40,1,-1,-1,-1
226,105,1221,452,41,98,1,-1,-1,-1
226,106,480,457,32,103,1,-1,-1,-1
226,94,579,423,21,40,1,-1,-1,-1
226,75,544,456,26,66,1,-1,-1,-1
226,126,570,463,20,59,1,-1,-1,-1
226,117,556,455,25,67,1,-1,-1,-1
226,67,1133,431,119,301,1,-1,-1,-1
226,127,1046,442,46,117,1,-1,-1,-1
226,131,1049,484,40,110,1,-1,-1,-1
226,128,406,467,45,107,1,-1,-1,-1
226,42,426,468,44,106,1,-1,-1,-1
226,5,1080,470,41,126,1,-1,-1,-1
226,129,595,429,19,42,1,-1,-1,-1
227,3,898,427,141,419,1,-1,-1,-1
227,4,764,403,210,591,1,-1,-1,-1
227,12,1095,444,130,338,1,-1,-1,-1
227,72,513,453,32,110,1,-1,-1,-1
227,96,606,451,55,179,1,-1,-1,-1
227,92,593,426,20,39,1,-1,-1,-1
227,105,1222,452,41,97,1,-1,-1,-1
227,106,479,457,32,104,1,-1,-1,-1
227,94,579,424,20,39,1,-1,-1,-1
227,75,544,455,26,67,1,-1,-1,-1
227,126,570,465,20,58,1,-1,-1,-1
227,117,553,455,25,67,1,-1,-1,-1
227,67,1136,429,119,305,1,-1,-1,-1
227,127,1046,442,47,118,1,-1,-1,-1
227,131,1048,484,39,111,1,-1,-1,-1
227,128,404,468,45,106,1,-1,-1,-1
227,42,425,468,44,106,1,-1,-1,-1
227,5,1079,475,40,121,1,-1,-1,-1
227,129,595,430,19,42,1,-1,-1,-1
228,3,900,425,140,421,1,-1,-1,-1
228,4,766,407,214,590,1,-1,-1,-1
228,12,1101,444,128,340,1,-1,-1,-1
228,72,513,453,32,110,1,-1,-1,-1
228,96,608,451,54,179,1,-1,-1,-1
228,92,593,427,20,39,1,-1,-1,-1
228,105,1221,450,43,101,1,-1,-1,-1
228,106,479,457,31,103,1,-1,-1,-1
228,94,579,424,19,39,1,-1,-1,-1
228,75,543,455,26,67,1,-1,-1,-1
228,126,571,467,19,56,1,-1,-1,-1
228,117,552,455,25,67,1,-1,-1,-1
228,67,1141,429,119,304,1,-1,-1,-1
228,127,1048,441,47,121,1,-1,-1,-1
228,131,1048,485,39,110,1,-1,-1,-1
228,128,398,468,43,101,1,-1,-1,-1
228,42,424,469,44,106,1,-1,-1,-1
228,5,1080,478,39,118,1,-1,-1,-1
228,129,595,430,19,43,1,-1,-1,-1
229,3,901,425,140,423,1,-1,-1,-1
229,4,768,408,218,591,1,-1,-1,-1
229,12,1107,443,127,343,1,-1,-1,-1
229,72,513,453,32,110,1,-1,-1,-1
229,96,609,450,55,182,1,-1,-1,-1
229,92,593,427,20,39,1,-1,-1,-1
229,106,478,456,31,104,1,-1,-1,-1
229,94,578,425,20,38,1,-1,-1,-1
229,75,544,456,26,66,1,-1,-1,-1
229,126,572,467,19,57,1,-1,-1,-1
229,117,553,455,25,66,1,-1,-1,-1
229,67,1144,428,119,305,1,-1,-1,-1
229,127,1049,441,48,124,1,-1,-1,-1
229,131,1048,486,39,109,1,-1,-1,-1
229,128,395,468,42,100,1,-1,-1,-1
229,42,423,469,44,106,1,-1,-1,-1
229,5,1079,481,39,115,1,-1,-1,-1
229,129,595,431,19,43,1,-1,-1,-1
230,3,902,426,140,423,1,-1,-1,-1
230,4,771,408,221,590,1,-1,-1,-1
230,12,1116,443,128,345,1,-1,-1,-1
230,72,513,453,32,110,1,-1,-1,-1
230,96,610,449,55,184,1,-1,-1,-1
230,92,593,427,20,39,1,-1,-1,-1
230,106,478,457,32,103,1,-1,-1,-1
230,94,579,425,20,39,1,-1,-1,-1
230,75,545,457,25,64,1,-1,-1,-1
230,126,570,467,19,58,1,-1,-1,-1
230,117,555,456,24,65,1,-1,-1,-1
230,67,1152,427,122,316,1,-1,-1,-1
230,127,1050,441,49,126,1,-1,-1,-1
230,131,1047,485,40,110,1,-1,-1,-1
230,128,395,469,42,99,1,-1,-1,-1
230,42,424,470,43,105,1,-1,-1,-1
230,5,1079,481,39,116,1,-1,-1,-1
230,129,595,431,20,43,1,-1,-1,-1
231,3,904,427,139,421,1,-1,-1,-1
231,4,775,405,225,593,1,-1,-1,-1
231,12,1124,442,128,348,1,-1,-1,-1
231,72,514,454,31,109,1,-1,-1,-1
231,96,612,449,55,183,1,-1,-1,-1
231,92,594,427,19,39,1,-1,-1,-1
231,106,478,457,31,103,1,-1,-1,-1
231,94,580,425,20,39,1,-1,-1,-1
231,75,546,457,25,65,1,-1,-1,-1
231,126,570,468,19,56,1,-1,-1,-1
231,117,557,457,24,65,1,-1,-1,-1
231,127,1052,441,49,127,1,-1,-1,-1
231,131,1047,486,39,109,1,-1,-1,-1
231,128,394,468,43,101,1,-1,-1,-1
231,42,423,469,43,106,1,-1,-1,-1
231,5,1081,484,37,113,1,-1,-1,-1
231,129,596,432,19,42,1,-1,-1,-1
232,3,907,427,137,419,1,-1,-1,-1
232,4,780,406,227,593,1,-1,-1,-1
232,12,1130,443,129,349,1,-1,-1,-1
232,72,514,455,31,109,1,-1,-1,-1
232,96,615,449,54,182,1,-1,-1,-1
232,92,594,427,19,39,1,-1,-1,-1
232,106,478,457,31,103,1,-1,-1,-1
232,94,581,425,20,40,1,-1,-1,-1
232,75,547,458,24,63,1,-1,-1,-1
232,126,569,467,20,57,1,-1,-1,-1
232,117,559,458,23,64,1,-1,-1,-1
232,127,1054,441,50,128,1,-1,-1,-1
232,131,1046,485,40,112,1,-1,-1,-1
232,42,422,469,43,106,1,-1,-1,-1
232,5,1082,487,37,111,1,-1,-1,-1
232,67,1160,429,123,322,1,-1,-1,-1
233,3,910,428,136,416,1,-1,-1,-1
233,4,784,405,231,595,1,-1,-1,-1
233,12,1133,442,131,352,1,-1,-1,-1
233,72,514,455,31,108,1,-1,-1,-1
233,96,616,450,54,180,1,-1,-1,-1
233,92,593,427,21,40,1,-1,-1,-1
233,106,478,457,31,103,1,-1,-1,-1
233,94,581,426,20,40,1,-1,-1,-1
233,75,547,459,25,62,1,-1,-1,-1
233,126,569,467,20,58,1,-1,-1,-1
233,117,560,459,24,63,1,-1,-1,-1
233,127,1057,441,49,127,1,-1,-1,-1
233,131,1045,484,42,114,1,-1,-1,-1
233,42,421,469,43,105,1,-1,-1,-1
233,5,1083,488,37,110,1,-1,-1,-1
233,67,1164,427,122,323,1,-1,-1,-1
233,128,396,468,44,104,1,-1,-1,-1
234,3,913,427,137,419,1,-1,-1,-1
234,4,787,405,234,595,1,-1,-1,-1
234,12,1136,442,132,353,1,-1,-1,-1
234,72,513,455,32,108,1,-1,-1,-1
234,96,618,450,54,179,1,-1,-1,-1
234,92,593,427,21,41,1,-1,-1,-1
234,106,478,457,31,102,1,-1,-1,-1
234,94,581,426,20,41,1,-1,-1,-1
234,75,548,458,25,63,1,-1,-1,-1
234,126,569,465,20,60,1,-1,-1,-1
234,127,1059,441,50,127,1,-1,-1,-1
234,131,1046,485,42,113,1,-1,-1,-1
234,42,420,469,43,106,1,-1,-1,-1
234,5,1084,489,37,110,1,-1,-1,-1
234,67,1170,425,123,329,1,-1,-1,-1
234,137,593,461,24,60,1,-1,-1,-1
234,128,395,468,43,102,1,-1,-1,-1
234,129,596,432,19,43,1,-1,-1,-1
235,3,914,427,136,421,1,-1,-1,-1
235,4,789,409,234,591,1,-1,-1,-1
235,12,1139,443,133,353,1,-1,-1,-1
235,72,513,455,31,108,1,-1,-1,-1
235,96,620,451,54,178,1,-1,-1,-1
235,92,593,428,20,40,1,-1,-1,-1
235,106,478,458,30,101,1,-1,-1,-1
235,94,582,426,20,41,1,-1,-1,-1
235,75,547,458,25,63,1,-1,-1,-1
235,126,569,464,20,60,1,-1,-1,-1
235,127,1060,442,50,127,1,-1,-1,-1
235,131,1046,486,42,114,1,-1,-1,-1
235,42,420,468,43,106,1,-1,-1,-1
235,5,1084,490,36,109,1,-1,-1,-1
235,137,593,460,24,61,1,-1,-1,-1
236,3,914,426,138,425,1,-1,-1,-1
236,4,790,411,235,588,1,-1,-1,-1
236,12,1142,444,134,352,1,-1,-1,-1
236,72,511,453,32,110,1,-1,-1,-1
236,96,622,451,54,179,1,-1,-1,-1
236,92,593,428,20,41,1,-1,-1,-1
236,106,478,458,30,101,1,-1,-1,-1
236,94,581,426,20,41,1,-1,-1,-1
236,75,547,457,26,64,1,-1,-1,-1
236,126,569,463,20,61,1,-1,-1,-1
236,131,1045,487,43,114,1,-1,-1,-1
236,42,420,468,43,106,1,-1,-1,-1
236,5,1083,492,37,109,1,-1,-1,-1
236,137,592,460,24,61,1,-1,-1,-1
236,138,749,427,136,444,1,-1,-1,-1
236,117,559,457,24,65,1,-1,-1,-1
236,67,1182,425,125,336,1,-1,-1,-1
236,128,394,468,42,99,1,-1,-1,-1
236,129,595,431,20,44,1,-1,-1,-1
237,4,793,411,236,586,1,-1,-1,-1
237,12,1143,443,136,353,1,-1,-1,-1
237,72,511,453,32,109,1,-1,-1,-1
237,96,622,451,55,179,1,-1,-1,-1
237,92,593,428,20,41,1,-1,-1,-1
237,106,477,457,30,102,1,-1,-1,-1
237,94,581,426,19,40,1,-1,-1,-1
237,75,549,457,25,64,1,-1,-1,-1
237,126,568,462,21,62,1,-1,-1,-1
237,131,1046,488,42,111,1,-1,-1,-1
237,42,420,467,42,107,1,-1,-1,-1
237,5,1082,493,37,108,1,-1,-1,-1
237,137,592,459,24,60,1,-1,-1,-1
237,138,752,430,138,449,1,-1,-1,-1
237,140,458,457,31,100,1,-1,-1,-1
237,117,560,457,24,65,1,-1,-1,-1
237,128,396,467,41,99,1,-1,-1,-1
237,129,595,431,19,45,1,-1,-1,-1
237,10,1114,452,39,99,1,-1,-1,-1
238,4,796,410,235,584,1,-1,-1,-1
238,12,1145,442,137,356,1,-1,-1,-1
238,72,511,452,32,110,1,-1,-1,-1
238,96,624,451,55,179,1,-1,-1,-1
238,92,592,428,21,42,1,-1,-1,-1
238,106,475,457,31,102,1,-1,-1,-1
238,94,580,426,20,41,1,-1,-1,-1
238,75,551,458,25,63,1,-1,-1,-1
238,126,568,462,21,61,1,-1,-1,-1
238,131,1047,486,41,111,1,-1,-1,-1
238,42,420,466,42,109,1,-1,-1,-1
238,5,1083,493,37,108,1,-1,-1,-1
238,138,759,430,137,447,1,-1,-1,-1
238,140,459,457,31,101,1,-1,-1,-1
238,117,560,457,23,66,1,-1,-1,-1
238,128,395,467,41,99,1,-1,-1,-1
238,129,595,431,19,45,1,-1,-1,-1
238,141,546,447,24,74,1,-1,-1,-1
238,10,1114,452,40,99,1,-1,-1,-1
238,127,1068,441,49,124,1,-1,-1,-1
238,67,1193,431,122,324,1,-1,-1,-1
239,4,804,405,237,589,1,-1,-1,-1
239,12,1150,440,138,361,1,-1,-1,-1
239,72,511,452,32,110,1,-1,-1,-1
239,96,628,452,56,178,1,-1,-1,-1
239,92,592,428,21,42,1,-1,-1,-1
239,106,476,456,30,103,1,-1,-1,-1
239,94,580,426,21,41,1,-1,-1,-1
239,75,551,457,25,64,1,-1,-1,-1
239,126,569,462,21,61,1,-1,-1,-1
239,131,1047,487,42,109,1,-1,-1,-1
239,42,419,465,43,110,1,-1,-1,-1
239,5,1083,493,37,108,1,-1,-1,-1
239,138,761,431,137,445,1,-1,-1,-1
239,140,459,456,31,102,1,-1,-1,-1
239,117,559,457,23,65,1,-1,-1,-1
239,128,396,466,40,101,1,-1,-1,-1
239,141,546,447,24,73,1,-1,-1,-1
239,10,1114,452,41,99,1,-1,-1,-1
239,127,1069,442,48,123,1,-1,-1,-1
239,67,1196,433,120,316,1,-1,-1,-1
240,4,808,408,234,585,1,-1,-1,-1
240,12,1154,439,138,363,1,-1,-1,-1
240,72,510,451,33,111,1,-1,-1,-1
240,96,630,452,57,178,1,-1,-1,-1
240,92,592,428,21,42,1,-1,-1,-1
240,106,475,456,30,103,1,-1,-1,-1
240,94,581,426,20,41,1,-1,-1,-1
240,75,550,457,25,64,1,-1,-1,-1
240,126,569,462,20,60,1,-1,-1,-1
240,131,1047,489,41,108,1,-1,-1,-1
240,42,418,464,43,111,1,-1,-1,-1
240,5,1081,496,37,105,1,-1,-1,-1
240,138,763,434,135,437,1,-1,-1,-1
240,140,456,456,32,101,1,-1,-1,-1
240,117,558,456,24,66,1,-1,-1,-1
240,128,396,465,40,100,1,-1,-1,-1
240,141,546,447,24,73,1,-1,-1,-1
240,10,1116,454,39,97,1,-1,-1,-1
240,127,1072,442,48,121,1,-1,-1,-1
240,67,1203,434,119,313,1,-1,-1,-1
241,4,811,406,233,587,1,-1,-1,-1
241,12,1161,442,136,361,1,-1,-1,-1
241,72,510,450,32,112,1,-1,-1,-1
241,96,631,453,58,179,1,-1,-1,-1
241,92,593,428,20,41,1,-1,-1,-1
241,106,474,456,31,103,1,-1,-1,-1
241,94,581,426,20,41,1,-1,-1,-1
241,75,551,457,25,64,1,-1,-1,-1
241,126,568,461,21,61,1,-1,-1,-1
241,131,1048,489,41,107,1,-1,-1,-1
241,42,417,465,42,110,1,-1,-1,-1
241,5,1081,497,36,104,1,-1,-1,-1
241,138,765,435,135,434,1,-1,-1,-1
241,140,455,457,31,99,1,-1,-1,-1
241,117,559,456,23,66,1,-1,-1,-1
241,141,546,447,24,73,1,-1,-1,-1
241,10,1116,455,39,96,1,-1,-1,-1
241,127,1075,442,48,121,1,-1,-1,-1
241,67,1211,434,119,315,1,-1,-1,-1
242,4,816,405,230,588,1,-1,-1,-1
242,12,1168,441,134,361,1,-1,-1,-1
242,72,510,451,33,111,1,-1,-1,-1
242,96,632,453,60,179,1,-1,-1,-1
242,92,593,428,20,41,1,-1,-1,-1
242,106,472,455,31,104,1,-1,-1,-1
242,94,581,426,19,41,1,-1,-1,-1
242,75,549,454,26,67,1,-1,-1,-1
242,126,568,461,21,60,1,-1,-1,-1
242,131,1048,488,40,106,1,-1,-1,-1
242,42,416,466,42,109,1,-1,-1,-1
242,5,1081,497,36,103,1,-1,-1,-1
242,138,767,435,135,434,1,-1,-1,-1
242,140,457,457,31,100,1,-1,-1,-1
242,117,556,455,24,67,1,-1,-1,-1
242,141,546,447,24,73,1,-1,-1,-1
242,10,1117,455,39,95,1,-1,-1,-1
242,127,1074,443,49,121,1,-1,-1,-1
242,67,1215,435,118,320,1,-1,-1,-1
243,4,825,404,230,596,1,-1,-1,-1
243,12,1175,440,132,362,1,-1,-1,-1
243,72,510,452,33,110,1,-1,-1,-1
243,96,633,455,61,177,1,-1,-1,-1
243,92,593,427,21,42,1,-1,-1,-1
243,106,470,455,31,105,1,-1,-1,-1
243,94,581,425,20,42,1,-1,-1,-1
243,75,549,454,26,67,1,-1,-1,-1
243,126,569,461,20,60,1,-1,-1,-1
243,131,1048,488,41,106,1,-1,-1,-1
243,42,416,466,41,109,1,-1,-1,-1
243,5,1081,494,38,106,1,-1,-1,-1
243,138,770,434,136,434,1,-1,-1,-1
243,140,459,456,32,102,1,-1,-1,-1
243,117,557,454,24,68,1,-1,-1,-1
243,141,545,447,24,73,1,-1,-1,-1
243,10,1116,455,40,95,1,-1,-1,-1
243,127,1078,446,48,118,1,-1,-1,-1
243,67,1217,432,119,322,1,-1,-1,-1
243,137,587,459,24,63,1,-1,-1,-1
244,4,831,406,227,596,1,-1,-1,-1
244,12,1181,440,130,362,1,-1,-1,-1
244,72,511,452,32,110,1,-1,-1,-1
244,96,633,454,62,178,1,-1,-1,-1
244,92,593,427,21,42,1,-1,-1,-1
244,106,470,456,30,104,1,-1,-1,-1
244,94,580,426,20,41,1,-1,-1,-1
244,75,548,455,26,66,1,-1,-1,-1
244,126,568,461,21,60,1,-1,-1,-1
244,131,1048,487,42,108,1,-1,-1,-1
244,42,416,467,40,108,1,-1,-1,-1
244,5,1081,491,39,108,1,-1,-1,-1
244,138,774,434,139,436,1,-1,-1,-1
244,140,461,456,32,102,1,-1,-1,-1
244,117,557,455,24,67,1,-1,-1,-1
244,141,545,447,24,73,1,-1,-1,-1
244,10,1116,453,40,97,1,-1,-1,-1
244,127,1082,445,48,119,1,-1,-1,-1
244,67,1220,428,118,326,1,-1,-1,-1
244,137,586,459,25,63,1,-1,-1,-1
245,4,838,407,223,596,1,-1,-1,-1
245,12,1189,440,129,364,1,-1,-1,-1
245,72,511,452,32,110,1,-1,-1,-1
245,96,634,454,62,178,1,-1,-1,-1
245,92,593,427,21,42,1,-1,-1,-1
245,106,471,457,29,100,1,-1,-1,-1
245,94,579,426,20,41,1,-1,-1,-1
245,75,548,455,26,66,1,-1,-1,-1
245,126,569,462,20,59,1,-1,-1,-1
245,42,415,465,40,109,1,-1,-1,-1
245,5,1079,487,40,111,1,-1,-1,-1
245,138,777,435,140,437,1,-1,-1,-1
245,117,557,455,24,67,1,-1,-1,-1
245,141,545,447,24,73,1,-1,-1,-1
245,10,1116,454,40,96,1,-1,-1,-1
245,127,1084,444,48,116,1,-1,-1,-1
245,67,1222,431,116,323,1,-1,-1,-1
245,137,586,460,24,63,1,-1,-1,-1
245,146,594,461,22,59,1,-1,-1,-1
246,4,848,406,221,603,1,-1,-1,-1
246,12,1195,440,128,365,1,-1,-1,-1
246,72,511,452,32,110,1,-1,-1,-1
246,96,635,455,63,178,1,-1,-1,-1
246,92,593,427,21,42,1,-1,-1,-1
246,106,468,455,32,105,1,-1,-1,-1
246,94,578,426,19,41,1,-1,-1,-1
246,75,548,456,26,65,1,-1,-1,-1
246,126,569,462,20,59,1,-1,-1,-1
246,42,415,463,41,111,1,-1,-1,-1
246,5,1079,483,41,114,1,-1,-1,-1
246,138,778,436,141,439,1,-1,-1,-1
246,117,556,455,25,67,1,-1,-1,-1
246,141,544,447,24,73,1,-1,-1,-1
246,10,1117,456,39,93,1,-1,-1,-1
246,127,1084,445,47,115,1,-1,-1,-1
246,67,1224,428,117,329,1,-1,-1,-1
246,137,586,461,25,63,1,-1,-1,-1
246,150,580,432,22,43,1,-1,-1,-1
247,4,855,404,220,615,1,-1,-1,-1
247,12,1202,439,129,367,1,-1,-1,-1
247,72,510,452,33,110,1,-1,-1,-1
247,96,635,454,65,181,1,-1,-1,-1
247,92,594,428,20,42,1,-1,-1,-1
247,106,468,455,31,107,1,-1,-1,-1
247,94,578,426,19,40,1,-1,-1,-1
247,75,551,457,25,64,1,-1,-1,-1
247,126,569,462,20,59,1,-1,-1,-1
247,42,414,461,41,113,1,-1,-1,-1
247,5,1078,483,42,114,1,-1,-1,-1
247,138,780,434,144,443,1,-1,-1,-1
247,117,558,456,23,65,1,-1,-1,-1
247,141,545,447,23,72,1,-1,-1,-1
247,10,1116,456,39,93,1,-1,-1,-1
247,127,1086,444,47,114,1,-1,-1,-1
247,137,586,461,24,62,1,-1,-1,-1
247,150,581,432,21,41,1,-1,-1,-1
247,3,947,412,143,435,1,-1,-1,-1
247,146,592,463,22,58,1,-1,-1,-1
248,4,862,402,218,627,1,-1,-1,-1
248,12,1213,436,130,368,1,-1,-1,-1
248,72,510,451,33,111,1,-1,-1,-1
248,96,636,453,65,182,1,-1,-1,-1
248,92,594,428,20,42,1,-1,-1,-1
248,106,468,455,32,107,1,-1,-1,-1
248,94,578,426,19,40,1,-1,-1,-1
248,75,549,458,25,62,1,-1,-1,-1
248,126,568,462,21,60,1,-1,-1,-1
248,42,412,460,41,114,1,-1,-1,-1
248,5,1081,485,41,112,1,-1,-1,-1
248,138,781,434,143,443,1,-1,-1,-1
248,117,558,457,23,64,1,-1,-1,-1
248,141,544,447,24,71,1,-1,-1,-1
248,10,1114,454,39,95,1,-1,-1,-1
248,127,1089,443,49,115,1,-1,-1,-1
248,137,587,460,24,64,1,-1,-1,-1
248,3,943,417,147,432,1,-1,-1,-1
249,4,870,400,216,634,1,-1,-1,-1
249,12,1225,434,133,371,1,-1,-1,-1
249,72,511,452,32,110,1,-1,-1,-1
249,96,637,452,66,183,1,-1,-1,-1
249,92,594,428,20,42,1,-1,-1,-1
249,106,468,456,31,107,1,-1,-1,-1
249,94,578,426,19,40,1,-1,-1,-1
249,75,550,458,24,62,1,-1,-1,-1
249,126,569,461,20,60,1,-1,-1,-1
249,42,412,460,41,114,1,-1,-1,-1
249,5,1083,480,42,117,1,-1,-1,-1
249,138,782,431,146,447,1,-1,-1,-1
249,117,558,457,23,64,1,-1,-1,-1
249,141,544,448,24,70,1,-1,-1,-1
249,10,1113,452,40,97,1,-1,-1,-1
249,127,1092,442,49,116,1,-1,-1,-1
249,137,587,461,24,63,1,-1,-1,-1
249,3,942,425,151,425,1,-1,-1,-1
249,155,1075,480,39,116,1,-1,-1,-1
249,146,592,463,22,58,1,-1,-1,-1
250,4,878,402,210,634,1,-1,-1,-1
250,12,1235,434,138,373,1,-1,-1,-1
250,72,512,453,32,109,1,-1,-1,-1
250,96,640,451,66,184,1,-1,-1,-1
250,106,467,456,31,107,1,-1,-1,-1
250,94,578,427,20,40,1,-1,-1,-1
250,75,548,458,25,62,1,-1,-1,-1
250,126,568,462,21,59,1,-1,-1,-1
250,42,412,460,41,114,1,-1,-1,-1
250,5,1085,477,43,118,1,-1,-1,-1
250,138,785,430,146,451,1,-1,-1,-1
250,117,557,457,24,64,1,-1,-1,-1
250,141,545,449,23,71,1,-1,-1,-1
250,10,1107,449,42,100,1,-1,-1,-1
250,127,1094,441,50,117,1,-1,-1,-1
250,137,588,463,23,61,1,-1,-1,-1
250,3,942,422,158,433,1,-1,-1,-1
250,157,1866,424,49,363,1,-1,-1,-1
250,146,593,464,21,56,1,-1,-1,-1
250,129,596,431,19,44,1,-1,-1,-1
251,4,885,406,204,625,1,-1,-1,-1
251,12,1240,433,144,375,1,-1,-1,-1
251,72,512,453,32,109,1,-1,-1,-1
251,96,643,451,66,184,1,-1,-1,-1
251,106,467,456,31,107,1,-1,-1,-1
251,94,579,432,20,41,1,-1,-1,-1
251,75,547,458,24,62,1,-1,-1,-1
251,126,569,463,20,58,1,-1,-1,-1
251,42,412,460,41,115,1,-1,-1,-1
251,138,788,429,146,453,1,-1,-1,-1
251,117,557,456,24,65,1,-1,-1,-1
251,127,1096,441,50,117,1,-1,-1,-1
251,137,588,463,24,62,1,-1,-1,-1
251,3,945,421,161,434,1,-1,-1,-1
251,157,1861,408,50,374,1,-1,-1,-1
251,146,594,465,21,55,1,-1,-1,-1
251,129,597,431,18,44,1,-1,-1,-1
251,150,579,428,22,42,1,-1,-1,-1
251,92,594,428,20,43,1,-1,-1,-1
252,4,895,403,200,632,1,-1,-1,-1
252,12,1242,434,150,377,1,-1,-1,-1
252,72,512,455,32,108,1,-1,-1,-1
252,96,646,450,66,185,1,-1,-1,-1
252,106,466,456,31,107,1,-1,-1,-1
252,94,581,434,19,40,1,-1,-1,-1
252,75,547,459,23,60,1,-1,-1,-1
252,126,569,464,20,57,1,-1,-1,-1
252,42,412,461,41,114,1,-1,-1,-1
252,138,791,429,147,455,1,-1,-1,-1
252,117,558,458,23,62,1,-1,-1,-1
252,127,1097,441,50,117,1,-1,-1,-1
252,137,589,463,23,61,1,-1,-1,-1
252,157,1855,394,53,387,1,-1,-1,-1
252,146,595,465,22,55,1,-1,-1,-1
252,129,597,431,18,44,1,-1,-1,-1
252,160,769,450,28,80,1,-1,-1,-1
252,161,616,464,19,54,1,-1,-1,-1
252,150,579,428,21,40,1,-1,-1,-1
252,92,594,428,20,43,1,-1,-1,-1
252,141,544,450,23,71,1,-1,-1,-1
253,4,902,404,197,632,1,-1,-1,-1
253,12,1244,436,155,376,1,-1,-1,-1
253,72,512,455,32,109,1,-1,-1,-1
253,96,649,449,65,187,1,-1,-1,-1
253,106,467,455,31,108,1,-1,-1,-1
253,94,579,436,19,39,1,-1,-1,-1
253,75,549,460,23,59,1,-1,-1,-1
253,126,570,465,19,55,1,-1,-1,-1
253,42,412,461,40,114,1,-1,-1,-1
253,138,795,431,145,455,1,-1,-1,-1
253,117,559,459,22,61,1,-1,-1,-1
253,127,1097,441,52,118,1,-1,-1,-1
253,137,588,464,23,60,1,-1,-1,-1
253,157,1850,388,55,393,1,-1,-1,-1
253,146,595,465,21,55,1,-1,-1,-1
253,129,596,432,18,44,1,-1,-1,-1
253,160,769,450,28,80,1,-1,-1,-1
253,161,616,463,20,55,1,-1,-1,-1
253,150,576,427,20,40,1,-1,-1,-1
253,92,593,428,20,44,1,-1,-1,-1
254,4,910,405,195,635,1,-1,-1,-1
254,12,1247,435,160,377,1,-1,-1,-1
254,72,512,455,32,109,1,-1,-1,-1
254,96,651,449,65,188,1,-1,-1,-1
254,106,467,454,31,108,1,-1,-1,-1
254,94,579,436,19,39,1,-1,-1,-1
254,75,550,460,23,59,1,-1,-1,-1
254,126,569,465,20,55,1,-1,-1,-1
254,42,411,461,41,114,1,-1,-1,-1
254,138,797,432,144,454,1,-1,-1,-1
254,117,559,459,23,62,1,-1,-1,-1
254,127,1098,442,52,118,1,-1,-1,-1
254,137,589,464,22,60,1,-1,-1,-1
254,157,1844,386,57,396,1,-1,-1,-1
254,146,594,465,22,56,1,-1,-1,-1
254,129,596,432,18,44,1,-1,-1,-1
254,160,770,450,28,79,1,-1,-1,-1
254,161,615,463,21,56,1,-1,-1,-1
254,150,576,427,20,40,1,-1,-1,-1
254,92,593,428,20,43,1,-1,-1,-1
254,162,573,464,22,56,1,-1,-1,-1
255,4,916,406,194,635,1,-1,-1,-1
255,12,1248,433,166,379,1,-1,-1,-1
255,72,512,456,32,108,1,-1,-1,-1
255,96,654,448,64,190,1,-1,-1,-1
255,106,466,455,31,107,1,-1,-1,-1
255,75,550,460,23,59,1,-1,-1,-1
255,126,569,464,20,56,1,-1,-1,-1
255,42,410,462,40,113,1,-1,-1,-1
255,138,799,434,143,453,1,-1,-1,-1
255,117,561,460,22,61,1,-1,-1,-1
255,127,1098,441,53,120,1,-1,-1,-1
255,137,589,464,23,60,1,-1,-1,-1
255,157,1837,386,60,398,1,-1,-1,-1
255,146,594,465,22,56,1,-1,-1,-1
255,129,595,432,19,45,1,-1,-1,-1
255,160,770,450,27,78,1,-1,-1,-1
255,161,615,462,21,56,1,-1,-1,-1
255,150,576,427,20,41,1,-1,-1,-1
255,92,592,429,21,43,1,-1,-1,-1
255,141,544,450,23,70,1,-1,-1,-1
256,4,921,405,193,636,1,-1,-1,-1
256,12,1251,434,169,378,1,-1,-1,-1
256,72,513,456,31,108,1,-1,-1,-1
256,96,656,448,64,190,1,-1,-1,-1
256,106,466,455,31,107,1,-1,-1,-1
256,75,550,460,23,60,1,-1,-1,-1
256,126,568,464,21,56,1,-1,-1,-1
256,42,409,462,40,113,1,-1,-1,-1
256,138,801,434,142,457,1,-1,-1,-1
256,117,561,460,22,61,1,-1,-1,-1
256,127,1099,441,53,120,1,-1,-1,-1
256,137,591,464,21,58,1,-1,-1,-1
256,157,1829,393,63,392,1,-1,-1,-1
256,160,772,450,27,78,1,-1,-1,-1
256,161,615,462,21,57,1,-1,-1,-1
256,150,576,427,20,41,1,-1,-1,-1
256,92,592,429,21,43,1,-1,-1,-1
256,141,545,451,23,69,1,-1,-1,-1
257,4,924,408,191,633,1,-1,-1,-1
257,12,1252,435,173,379,1,-1,-1,-1
257,72,513,456,31,108,1,-1,-1,-1
257,96,658,449,63,189,1,-1,-1,-1
257,106,466,455,30,107,1,-1,-1,-1
257,75,550,460,23,59,1,-1,-1,-1
257,126,569,463,20,56,1,-1,-1,-1
257,42,408,463,40,112,1,-1,-1,-1
257,138,803,435,142,460,1,-1,-1,-1
257,117,561,460,22,60,1,-1,-1,-1
257,127,1100,440,54,120,1,-1,-1,-1
257,137,591,463,22,57,1,-1,-1,-1
257,157,1825,395,66,389,1,-1,-1,-1
257,160,774,450,27,79,1,-1,-1,-1
257,161,616,461,21,57,1,-1,-1,-1
257,150,576,427,20,41,1,-1,-1,-1
257,92,592,429,21,44,1,-1,-1,-1
257,141,545,451,23,69,1,-1,-1,-1
257,146,597,463,22,56,1,-1,-1,-1
258,4,926,406,190,635,1,-1,-1,-1
258,12,1252,436,177,381,1,-1,-1,-1
258,72,512,456,32,108,1,-1,-1,-1
258,96,660,448,63,191,1,-1,-1,-1
258,106,466,457,30,104,1,-1,-1,-1
258,75,550,460,23,59,1,-1,-1,-1
258,126,568,462,21,57,1,-1,-1,-1
258,42,407,464,39,111,1,-1,-1,-1
258,138,804,433,143,466,1,-1,-1,-1
258,117,561,459,22,61,1,-1,-1,-1
258,127,1101,440,55,121,1,-1,-1,-1
258,137,592,462,22,58,1,-1,-1,-1
258,157,1818,395,70,384,1,-1,-1,-1
258,160,772,451,27,77,1,-1,-1,-1
258,161,617,459,21,58,1,-1,-1,-1
258,150,575,427,20,41,1,-1,-1,-1
258,92,592,429,21,44,1,-1,-1,-1
259,4,928,405,189,636,1,-1,-1,-1
259,12,1257,435,178,383,1,-1,-1,-1
259,72,512,456,32,108,1,-1,-1,-1
259,96,661,448,63,191,1,-1,-1,-1
259,106,466,458,29,103,1,-1,-1,-1
259,75,552,460,23,60,1,-1,-1,-1
259,126,568,462,20,57,1,-1,-1,-1
259,42,406,464,39,111,1,-1,-1,-1
259,138,806,433,141,468,1,-1,-1,-1
259,117,562,459,22,62,1,-1,-1,-1
259,127,1103,441,54,119,1,-1,-1,-1
259,137,592,461,22,58,1,-1,-1,-1
259,157,1808,398,75,379,1,-1,-1,-1
259,160,774,453,26,75,1,-1,-1,-1
259,161,619,459,21,57,1,-1,-1,-1
259,150,575,427,20,41,1,-1,-1,-1
259,92,592,428,21,45,1,-1,-1,-1
259,165,418,465,38,107,1,-1,-1,-1
259,141,546,451,23,69,1,-1,-1,-1
260,4,930,403,187,638,1,-1,-1,-1
260,12,1264,435,178,383,1,-1,-1,-1
260,72,512,456,32,108,1,-1,-1,-1
260,96,663,450,62,188,1,-1,-1,-1
260,106,465,458,30,104,1,-1,-1,-1
260,75,554,460,23,59,1,-1,-1,-1
260,126,567,462,21,56,1,-1,-1,-1
260,42,406,465,38,109,1,-1,-1,-1
260,138,808,433,141,474,1,-1,-1,-1
260,117,562,459,22,62,1,-1,-1,-1
260,127,1104,441,53,116,1,-1,-1,-1
260,137,592,462,22,58,1,-1,-1,-1
260,157,1794,398,83,377,1,-1,-1,-1
260,160,774,455,25,73,1,-1,-1,-1
260,161,621,460,20,57,1,-1,-1,-1
260,150,576,427,19,42,1,-1,-1,-1
260,92,592,428,21,44,1,-1,-1,-1
260,165,415,466,38,107,1,-1,-1,-1
260,166,627,460,21,56,1,-1,-1,-1
261,4,932,403,185,637,1,-1,-1,-1
261,12,1272,433,177,384,1,-1,-1,-1
261,72,512,454,33,110,1,-1,-1,-1
261,96,667,451,61,188,1,-1,-1,-1
261,106,465,458,30,104,1,-1,-1,-1
261,75,552,459,23,60,1,-1,-1,-1
261,126,568,462,21,57,1,-1,-1,-1
261,42,404,465,39,109,1,-1,-1,-1
261,138,809,434,141,480,1,-1,-1,-1
261,117,561,458,22,63,1,-1,-1,-1
261,127,1105,441,53,116,1,-1,-1,-1
261,137,593,462,21,58,1,-1,-1,-1
261,157,1775,397,92,376,1,-1,-1,-1
261,160,775,458,24,71,1,-1,-1,-1
261,161,622,460,21,57,1,-1,-1,-1
261,150,576,427,20,43,1,-1,-1,-1
261,92,593,429,20,44,1,-1,-1,-1
261,165,413,466,38,107,1,-1,-1,-1
261,166,627,460,21,57,1,-1,-1,-1
261,162,572,463,23,57,1,-1,-1,-1
261,146,597,463,22,56,1,-1,-1,-1
261,141,546,451,23,69,1,-1,-1,-1
262,4,933,402,184,638,1,-1,-1,-1
262,12,1280,431,176,387,1,-1,-1,-1
262,72,512,454,33,109,1,-1,-1,-1
262,96,669,451,61,188,1,-1,-1,-1
262,106,464,458,30,104,1,-1,-1,-1
262,75,550,458,23,62,1,-1,-1,-1
262,126,569,461,21,58,1,-1,-1,-1
262,42,404,465,39,109,1,-1,-1,-1
262,138,810,435,142,482,1,-1,-1,-1
262,117,558,458,23,62,1,-1,-1,-1
262,127,1104,440,55,118,1,-1,-1,-1
262,137,593,462,22,58,1,-1,-1,-1
262,157,1759,405,101,369,1,-1,-1,-1
262,160,775,459,24,70,1,-1,-1,-1
262,150,576,427,20,43,1,-1,-1,-1
262,92,592,429,21,44,1,-1,-1,-1
262,166,628,461,21,56,1,-1,-1,-1
262,167,1284,443,48,108,1,-1,-1,-1
262,162,575,462,24,58,1,-1,-1,-1
262,146,597,463,22,56,1,-1,-1,-1
262,129,598,433,18,45,1,-1,-1,-1
263,4,935,401,182,639,1,-1,-1,-1
263,12,1291,431,172,388,1,-1,-1,-1
263,72,512,454,32,109,1,-1,-1,-1
263,96,671,453,62,186,1,-1,-1,-1
263,106,464,456,30,106,1,-1,-1,-1
263,75,549,458,23,61,1,-1,-1,-1
263,126,571,461,22,59,1,-1,-1,-1
263,42,403,465,39,109,1,-1,-1,-1
263,138,811,436,141,482,1,-1,-1,-1
263,117,555,457,23,63,1,-1,-1,-1
263,127,1104,439,55,119,1,-1,-1,-1
263,137,594,463,22,57,1,-1,-1,-1
263,157,1743,410,111,364,1,-1,-1,-1
263,150,576,428,20,43,1,-1,-1,-1
263,92,593,429,21,44,1,-1,-1,-1
263,166,630,462,20,54,1,-1,-1,-1
263,167,1286,443,49,108,1,-1,-1,-1
263,162,578,463,24,57,1,-1,-1,-1
263,146,600,464,22,55,1,-1,-1,-1
263,129,599,434,18,44,1,-1,-1,-1
263,94,575,440,20,42,1,-1,-1,-1
263,161,625,461,21,56,1,-1,-1,-1
263,165,411,465,38,106,1,-1,-1,-1
264,4,937,402,180,638,1,-1,-1,-1
264,12,1302,429,170,391,1,-1,-1,-1
264,72,512,453,32,110,1,-1,-1,-1
264,96,673,453,62,187,1,-1,-1,-1
264,106,464,458,30,102,1,-1,-1,-1
264,75,549,457,24,62,1,-1,-1,-1
264,126,573,461,21,58,1,-1,-1,-1
264,42,402,465,39,109,1,-1,-1,-1
264,138,814,435,140,483,1,-1,-1,-1
264,117,555,457,23,63,1,-1,-1,-1
264,127,1106,439,54,116,1,-1,-1,-1
264,137,595,462,22,59,1,-1,-1,-1
264,157,1730,413,122,360,1,-1,-1,-1
264,150,575,428,20,42,1,-1,-1,-1
264,92,593,429,21,43,1,-1,-1,-1
264,166,630,462,21,54,1,-1,-1,-1
264,167,1289,445,48,105,1,-1,-1,-1
264,162,580,462,24,58,1,-1,-1,-1
264,146,601,464,22,55,1,-1,-1,-1
264,94,574,439,21,43,1,-1,-1,-1
264,165,411,465,38,106,1,-1,-1,-1
264,141,547,451,23,69,1,-1,-1,-1
264,160,777,455,25,73,1,-1,-1,-1
265,4,939,403,179,638,1,-1,-1,-1
265,12,1314,429,168,394,1,-1,-1,-1
265,72,512,453,33,110,1,-1,-1,-1
265,96,674,453,63,187,1,-1,-1,-1
265,106,464,458,29,102,1,-1,-1,-1
265,75,549,457,23,61,1,-1,-1,-1
265,126,574,461,21,58,1,-1,-1,-1
265,42,401,465,38,108,1,-1,-1,-1
265,138,816,433,140,484,1,-1,-1,-1
265,117,555,457,23,62,1,-1,-1,-1
265,127,1107,440,55,115,1,-1,-1,-1
265,137,595,462,21,59,1,-1,-1,-1
265,157,1716,418,130,353,1,-1,-1,-1
265,150,574,428,20,43,1,-1,-1,-1
265,92,593,428,21,44,1,-1,-1,-1
265,166,630,461,21,56,1,-1,-1,-1
265,167,1293,447,45,100,1,-1,-1,-1
265,162,581,462,23,58,1,-1,-1,-1
265,146,601,463,23,56,1,-1,-1,-1
265,94,573,438,21,43,1,-1,-1,-1
265,165,410,465,38,105,1,-1,-1,-1
266,4,943,403,177,638,1,-1,-1,-1
266,12,1322,429,167,399,1,-1,-1,-1
266,72,512,453,33,110,1,-1,-1,-1
266,96,676,452,64,189,1,-1,-1,-1
266,106,463,458,30,101,1,-1,-1,-1
266,75,549,457,24,61,1,-1,-1,-1
266,126,574,461,22,59,1,-1,-1,-1
266,42,400,465,39,109,1,-1,-1,-1
266,138,817,433,140,484,1,-1,-1,-1
266,117,554,457,23,62,1,-1,-1,-1
266,127,1109,440,53,114,1,-1,-1,-1
266,137,595,462,21,59,1,-1,-1,-1
266,157,1702,418,138,351,1,-1,-1,-1
266,150,575,427,20,43,1,-1,-1,-1
266,92,593,427,22,45,1,-1,-1,-1
266,166,631,460,22,58,1,-1,-1,-1
266,167,1298,451,44,98,1,-1,-1,-1
266,162,580,462,24,59,1,-1,-1,-1
266,146,603,463,22,56,1,-1,-1,-1
266,165,409,465,39,106,1,-1,-1,-1
266,129,601,432,19,46,1,-1,-1,-1
267,4,946,403,176,638,1,-1,-1,-1
267,12,1331,431,164,400,1,-1,-1,-1
267,72,512,453,32,110,1,-1,-1,-1
267,96,677,450,65,192,1,-1,-1,-1
267,106,462,458,30,102,1,-1,-1,-1
267,75,550,458,23,60,1,-1,-1,-1
267,126,575,462,21,57,1,-1,-1,-1
267,42,400,465,39,109,1,-1,-1,-1
267,138,817,431,140,486,1,-1,-1,-1
267,117,555,458,23,61,1,-1,-1,-1
267,127,1112,442,52,112,1,-1,-1,-1
267,137,594,462,21,58,1,-1,-1,-1
267,157,1691,419,142,342,1,-1,-1,-1
267,150,575,427,19,43,1,-1,-1,-1
267,92,592,427,22,45,1,-1,-1,-1
267,166,631,460,22,59,1,-1,-1,-1
267,167,1299,450,45,101,1,-1,-1,-1
267,162,581,463,23,57,1,-1,-1,-1
267,165,410,465,38,106,1,-1,-1,-1
267,129,599,433,19,46,1,-1,-1,-1
267,161,625,461,21,58,1,-1,-1,-1
267,160,781,457,25,73,1,-1,-1,-1
268,4,947,404,175,638,1,-1,-1,-1
268,12,1341,432,164,400,1,-1,-1,-1
268,72,511,453,33,110,1,-1,-1,-1
268,96,677,449,66,194,1,-1,-1,-1
268,106,460,458,30,102,1,-1,-1,-1
268,75,551,458,23,61,1,-1,-1,-1
268,126,574,461,22,59,1,-1,-1,-1
268,42,397,463,40,111,1,-1,-1,-1
268,138,817,431,140,485,1,-1,-1,-1
268,117,557,458,23,62,1,-1,-1,-1
268,127,1115,444,51,109,1,-1,-1,-1
268,157,1676,417,147,341,1,-1,-1,-1
268,150,575,426,19,42,1,-1,-1,-1
268,92,592,427,22,45,1,-1,-1,-1
268,166,631,459,22,60,1,-1,-1,-1
268,167,1302,452,43,99,1,-1,-1,-1
268,162,581,462,23,59,1,-1,-1,-1
268,165,410,464,39,106,1,-1,-1,-1
268,161,624,460,23,59,1,-1,-1,-1
268,160,781,452,27,78,1,-1,-1,-1
268,141,546,452,23,67,1,-1,-1,-1
269,4,948,404,174,639,1,-1,-1,-1
269,12,1351,432,163,399,1,-1,-1,-1
269,72,511,453,32,110,1,-1,-1,-1
269,96,678,448,66,195,1,-1,-1,-1
269,106,459,458,30,102,1,-1,-1,-1
269,75,551,458,24,61,1,-1,-1,-1
269,126,573,460,23,60,1,-1,-1,-1
269,42,395,461,40,113,1,-1,-1,-1
269,138,817,430,140,487,1,-1,-1,-1
269,117,558,458,23,62,1,-1,-1,-1
269,127,1116,444,51,111,1,-1,-1,-1
269,157,1664,417,150,340,1,-1,-1,-1
269,150,576,426,19,42,1,-1,-1,-1
269,92,593,427,21,44,1,-1,-1,-1
269,166,630,457,23,62,1,-1,-1,-1
269,167,1304,452,43,99,1,-1,-1,-1
269,162,580,462,24,59,1,-1,-1,-1
269,165,410,462,39,108,1,-1,-1,-1
269,161,626,458,22,60,1,-1,-1,-1
269,160,782,451,27,77,1,-1,-1,-1
269,141,546,452,22,67,1,-1,-1,-1
270,4,950,403,173,640,1,-1,-1,-1
270,12,1362,432,165,400,1,-1,-1,-1
270,72,510,454,33,109,1,-1,-1,-1
270,96,679,446,67,196,1,-1,-1,-1
270,106,459,459,30,102,1,-1,-1,-1
270,75,552,458,23,61,1,-1,-1,-1
270,126,573,460,23,59,1,-1,-1,-1
270,42,394,461,40,114,1,-1,-1,-1
270,138,817,429,140,489,1,-1,-1,-1
270,117,559,458,22,62,1,-1,-1,-1
270,127,1116,444,51,111,1,-1,-1,-1
270,157,1650,416,149,338,1,-1,-1,-1
270,150,575,425,19,42,1,-1,-1,-1
270,92,592,427,22,43,1,-1,-1,-1
270,166,630,456,23,63,1,-1,-1,-1
270,167,1306,452,43,99,1,-1,-1,-1
270,162,581,461,23,59,1,-1,-1,-1
270,165,410,462,40,108,1,-1,-1,-1
270,161,625,457,22,61,1,-1,-1,-1
270,160,783,449,28,80,1,-1,-1,-1
270,141,545,452,23,66,1,-1,-1,-1
270,137,594,459,20,58,1,-1,-1,-1
271,4,952,401,173,642,1,-1,-1,-1
271,12,1370,432,169,402,1,-1,-1,-1
271,72,510,454,33,109,1,-1,-1,-1
271,96,683,444,67,199,1,-1,-1,-1
271,106,458,459,30,101,1,-1,-1,-1
271,75,551,458,24,61,1,-1,-1,-1
271,126,573,460,23,59,1,-1,-1,-1
271,42,393,460,40,114,1,-1,-1,-1
271,138,819,429,140,489,1,-1,-1,-1
271,117,558,458,23,62,1,-1,-1,-1
271,127,1118,445,50,111,1,-1,-1,-1
271,157,1636,413,148,340,1,-1,-1,-1
271,150,574,425,20,42,1,-1,-1,-1
271,92,591,427,22,43,1,-1,-1,-1
271,166,629,455,24,63,1,-1,-1,-1
271,167,1307,451,44,100,1,-1,-1,-1
271,162,582,461,23,59,1,-1,-1,-1
271,165,411,461,39,108,1,-1,-1,-1
271,161,620,456,23,61,1,-1,-1,-1
271,160,784,450,26,78,1,-1,-1,-1
271,141,546,453,22,65,1,-1,-1,-1
271,137,593,459,20,58,1,-1,-1,-1
272,4,955,401,172,641,1,-1,-1,-1
272,12,1375,433,171,402,1,-1,-1,-1
272,72,510,454,33,109,1,-1,-1,-1
272,96,686,443,68,201,1,-1,-1,-1
272,106,457,459,30,101,1,-1,-1,-1
272,75,551,458,23,60,1,-1,-1,-1
272,126,572,460,22,59,1,-1,-1,-1
272,42,393,461,40,114,1,-1,-1,-1
272,138,820,428,140,492,1,-1,-1,-1
272,117,559,458,23,61,1,-1,-1,-1
272,157,1623,412,145,339,1,-1,-1,-1
272,150,574,426,19,43,1,-1,-1,-1
272,92,591,427,23,45,1,-1,-1,-1
272,166,629,455,23,62,1,-1,-1,-1
272,162,581,461,23,59,1,-1,-1,-1
272,165,413,462,39,107,1,-1,-1,-1
272,161,619,456,23,61,1,-1,-1,-1
272,160,785,451,25,75,1,-1,-1,-1
272,141,546,453,22,65,1,-1,-1,-1
272,137,593,459,20,57,1,-1,-1,-1
272,94,571,441,22,49,1,-1,-1,-1
273,4,956,401,171,640,1,-1,-1,-1
273,12,1378,434,174,404,1,-1,-1,-1
273,72,510,454,33,109,1,-1,-1,-1
273,96,690,444,67,200,1,-1,-1,-1
273,106,458,460,30,101,1,-1,-1,-1
273,75,552,458,23,59,1,-1,-1,-1
273,126,572,460,22,59,1,-1,-1,-1
273,42,392,461,40,114,1,-1,-1,-1
273,138,821,427,140,493,1,-1,-1,-1
273,117,559,458,22,60,1,-1,-1,-1
273,157,1610,414,143,337,1,-1,-1,-1
273,150,574,427,19,43,1,-1,-1,-1
273,92,591,428,23,45,1,-1,-1,-1
273,166,630,456,24,62,1,-1,-1,-1
273,162,581,461,23,59,1,-1,-1,-1
273,165,412,462,40,107,1,-1,-1,-1
273,161,618,457,22,60,1,-1,-1,-1
273,160,786,450,25,75,1,-1,-1,-1
273,141,546,452,22,65,1,-1,-1,-1
273,137,593,459,20,57,1,-1,-1,-1
273,167,1311,449,46,105,1,-1,-1,-1
274,4,959,404,169,636,1,-1,-1,-1
274,12,1382,435,178,407,1,-1,-1,-1
274,72,510,454,33,109,1,-1,-1,-1
274,96,693,445,67,198,1,-1,-1,-1
274,106,458,460,30,101,1,-1,-1,-1
274,75,554,458,22,58,1,-1,-1,-1
274,126,571,460,22,59,1,-1,-1,-1
274,42,392,460,40,115,1,-1,-1,-1
274,138,822,427,141,493,1,-1,-1,-1
274,117,560,458,22,60,1,-1,-1,-1
274,157,1599,418,140,333,1,-1,-1,-1
274,150,574,426,19,43,1,-1,-1,-1
274,92,590,428,24,45,1,-1,-1,-1
274,166,635,456,24,63,1,-1,-1,-1
274,162,581,461,23,59,1,-1,-1,-1
274,165,412,462,40,108,1,-1,-1,-1
274,161,616,457,23,60,1,-1,-1,-1
274,160,786,452,25,73,1,-1,-1,-1
274,137,593,459,21,57,1,-1,-1,-1
274,167,1314,448,47,106,1,-1,-1,-1
275,4,961,401,170,644,1,-1,-1,-1
275,12,1386,435,182,410,1,-1,-1,-1
275,72,510,455,33,108,1,-1,-1,-1
275,96,698,446,66,196,1,-1,-1,-1
275,106,457,460,31,101,1,-1,-1,-1
275,75,554,459,22,58,1,-1,-1,-1
275,126,571,460,22,58,1,-1,-1,-1
275,42,392,461,40,114,1,-1,-1,-1
275,138,825,427,140,491,1,-1,-1,-1
275,117,560,458,22,60,1,-1,-1,-1
275,157,1587,416,140,333,1,-1,-1,-1
275,150,574,427,20,43,1,-1,-1,-1
275,92,590,428,23,44,1,-1,-1,-1
275,166,638,456,23,63,1,-1,-1,-1
275,162,581,461,23,58,1,-1,-1,-1
275,165,411,463,41,108,1,-1,-1,-1
275,161,617,457,22,61,1,-1,-1,-1
275,160,787,454,24,72,1,-1,-1,-1
275,167,1312,447,48,107,1,-1,-1,-1
275,146,613,459,24,58,1,-1,-1,-1
275,127,1130,443,56,123,1,-1,-1,-1
275,141,546,454,22,63,1,-1,-1,-1
276,4,964,401,168,641,1,-1,-1,-1
276,12,1389,435,185,411,1,-1,-1,-1
276,72,510,455,33,108,1,-1,-1,-1
276,96,703,446,65,195,1,-1,-1,-1
276,106,456,460,31,101,1,-1,-1,-1
276,75,555,459,22,58,1,-1,-1,-1
276,126,572,460,22,58,1,-1,-1,-1
276,42,391,461,40,114,1,-1,-1,-1
276,138,825,426,141,494,1,-1,-1,-1
276,117,560,458,22,61,1,-1,-1,-1
276,157,1574,415,142,335,1,-1,-1,-1
276,150,575,426,20,44,1,-1,-1,-1
276,92,590,428,23,44,1,-1,-1,-1
276,166,639,457,23,62,1,-1,-1,-1
276,162,581,461,23,57,1,-1,-1,-1
276,165,411,463,41,108,1,-1,-1,-1
276,160,787,452,25,73,1,-1,-1,-1
276,167,1315,447,47,106,1,-1,-1,-1
276,146,613,458,23,58,1,-1,-1,-1
276,127,1133,443,55,120,1,-1,-1,-1
276,141,547,454,21,62,1,-1,-1,-1
276,94,572,441,22,48,1,-1,-1,-1
277,4,966,400,167,642,1,-1,-1,-1
277,12,1393,432,188,417,1,-1,-1,-1
277,72,510,455,33,108,1,-1,-1,-1
277,96,706,447,65,194,1,-1,-1,-1
277,106,455,461,30,99,1,-1,-1,-1
277,75,556,459,22,58,1,-1,-1,-1
277,126,572,460,22,58,1,-1,-1,-1
277,42,391,462,39,113,1,-1,-1,-1
277,138,827,426,141,493,1,-1,-1,-1
277,117,561,459,21,59,1,-1,-1,-1
277,157,1565,416,143,332,1,-1,-1,-1
277,150,575,426,19,44,1,-1,-1,-1
277,92,589,428,24,45,1,-1,-1,-1
277,166,640,458,22,62,1,-1,-1,-1
277,162,580,461,23,57,1,-1,-1,-1
277,165,410,464,41,107,1,-1,-1,-1
277,160,788,451,26,76,1,-1,-1,-1
277,167,1317,446,48,106,1,-1,-1,-1
277,146,614,459,23,57,1,-1,-1,-1
277,94,573,440,20,46,1,-1,-1,-1
278,4,968,398,166,644,1,-1,-1,-1
278,12,1398,428,190,421,1,-1,-1,-1
278,72,509,455,33,108,1,-1,-1,-1
278,96,708,446,67,196,1,-1,-1,-1
278,106,453,462,30,98,1,-1,-1,-1
278,75,555,459,22,58,1,-1,-1,-1
278,126,572,460,22,57,1,-1,-1,-1
278,42,390,463,39,111,1,-1,-1,-1
278,138,829,426,142,493,1,-1,-1,-1
278,117,560,459,21,60,1,-1,-1,-1
278,157,1558,418,144,329,1,-1,-1,-1
278,150,576,426,19,43,1,-1,-1,-1
278,92,588,428,24,45,1,-1,-1,-1
278,166,641,458,23,63,1,-1,-1,-1
278,162,579,461,22,56,1,-1,-1,-1
278,165,409,466,40,105,1,-1,-1,-1
278,160,785,449,26,75,1,-1,-1,-1
278,167,1322,445,48,107,1,-1,-1,-1
278,146,614,459,22,57,1,-1,-1,-1
278,141,547,454,22,63,1,-1,-1,-1
279,4,970,397,165,645,1,-1,-1,-1
279,12,1405,426,189,422,1,-1,-1,-1
279,72,509,454,33,109,1,-1,-1,-1
279,96,713,446,68,195,1,-1,-1,-1
279,106,453,463,31,99,1,-1,-1,-1
279,75,556,459,23,58,1,-1,-1,-1
279,42,389,463,39,112,1,-1,-1,-1
279,138,831,427,142,492,1,-1,-1,-1
279,157,1549,420,145,325,1,-1,-1,-1
279,150,575,426,19,42,1,-1,-1,-1
279,92,588,429,24,44,1,-1,-1,-1
279,166,641,458,24,65,1,-1,-1,-1
279,162,580,462,22,56,1,-1,-1,-1
279,165,409,466,40,105,1,-1,-1,-1
279,160,785,449,26,74,1,-1,-1,-1
279,167,1326,444,47,106,1,-1,-1,-1
279,146,614,459,23,58,1,-1,-1,-1
279,176,606,460,21,54,1,-1,-1,-1
279,141,547,453,22,63,1,-1,-1,-1
279,94,575,436,20,46,1,-1,-1,-1
280,4,973,394,165,647,1,-1,-1,-1
280,12,1415,427,186,421,1,-1,-1,-1
280,72,509,454,33,109,1,-1,-1,-1
280,96,717,446,69,195,1,-1,-1,-1
280,106,453,463,31,98,1,-1,-1,-1
280,75,556,458,23,59,1,-1,-1,-1
280,42,389,462,39,113,1,-1,-1,-1
280,138,832,427,142,492,1,-1,-1,-1
280,157,1540,420,147,324,1,-1,-1,-1
280,150,575,426,19,42,1,-1,-1,-1
280,92,588,429,24,44,1,-1,-1,-1
280,166,643,458,24,67,1,-1,-1,-1
280,162,580,462,22,55,1,-1,-1,-1
280,165,408,466,41,105,1,-1,-1,-1
280,167,1328,443,47,107,1,-1,-1,-1
280,146,614,459,24,59,1,-1,-1,-1
280,141,547,453,21,63,1,-1,-1,-1
280,94,575,436,20,47,1,-1,-1,-1
280,126,576,460,21,57,1,-1,-1,-1
281,4,975,392,165,649,1,-1,-1,-1
281,12,1428,425,184,423,1,-1,-1,-1
281,72,509,455,33,107,1,-1,-1,-1
281,96,719,447,70,195,1,-1,-1,-1
281,106,453,462,31,98,1,-1,-1,-1
281,75,557,459,22,59,1,-1,-1,-1
281,42,388,462,39,113,1,-1,-1,-1
281,138,833,427,143,492,1,-1,-1,-1
281,157,1529,418,150,325,1,-1,-1,-1
281,150,575,426,19,41,1,-1,-1,-1
281,92,588,429,25,43,1,-1,-1,-1
281,162,581,462,22,55,1,-1,-1,-1
281,165,409,467,40,104,1,-1,-1,-1
281,167,1331,443,46,106,1,-1,-1,-1
281,146,615,460,23,57,1,-1,-1,-1
281,141,547,455,21,61,1,-1,-1,-1
281,94,575,434,21,49,1,-1,-1,-1
281,126,576,461,21,56,1,-1,-1,-1
281,127,1143,446,47,104,1,-1,-1,-1
282,4,978,392,164,649,1,-1,-1,-1
282,12,1439,426,179,421,1,-1,-1,-1
282,72,509,455,33,108,1,-1,-1,-1
282,96,720,447,72,196,1,-1,-1,-1
282,106,452,462,31,98,1,-1,-1,-1
282,75,556,459,23,59,1,-1,-1,-1
282,42,387,462,39,112,1,-1,-1,-1
282,138,836,429,144,489,1,-1,-1,-1
282,157,1516,420,149,316,1,-1,-1,-1
282,150,575,427,19,40,1,-1,-1,-1
282,92,588,429,25,44,1,-1,-1,-1
282,162,582,463,21,55,1,-1,-1,-1
282,165,410,467,40,104,1,-1,-1,-1
282,167,1333,443,46,106,1,-1,-1,-1
282,146,615,460,23,58,1,-1,-1,-1
282,141,546,455,21,62,1,-1,-1,-1
282,94,575,433,21,49,1,-1,-1,-1
282,126,576,461,21,56,1,-1,-1,-1
282,179,445,465,30,97,1,-1,-1,-1
282,127,1143,446,47,102,1,-1,-1,-1
282,166,646,459,25,67,1,-1,-1,-1
283,4,981,391,163,650,1,-1,-1,-1
283,12,1447,425,176,424,1,-1,-1,-1
283,72,509,455,33,108,1,-1,-1,-1
283,96,720,448,74,195,1,-1,-1,-1
283,106,451,461,31,100,1,-1,-1,-1
283,75,556,460,23,59,1,-1,-1,-1
283,42,387,462,39,113,1,-1,-1,-1
283,138,840,429,146,491,1,-1,-1,-1
283,157,1508,421,145,303,1,-1,-1,-1
283,150,575,426,19,42,1,-1,-1,-1
283,92,588,429,26,44,1,-1,-1,-1
283,162,582,463,21,55,1,-1,-1,-1
283,165,410,468,40,103,1,-1,-1,-1
283,167,1335,444,45,105,1,-1,-1,-1
283,146,615,459,23,59,1,-1,-1,-1
283,141,546,455,21,62,1,-1,-1,-1
283,94,576,432,21,49,1,-1,-1,-1
283,126,576,461,22,57,1,-1,-1,-1
283,127,1144,446,48,103,1,-1,-1,-1
283,166,648,459,24,67,1,-1,-1,-1
283,129,600,434,20,48,1,-1,-1,-1
284,4,983,392,162,649,1,-1,-1,-1
284,12,1458,425,175,426,1,-1,-1,-1
284,72,509,456,33,107,1,-1,-1,-1
284,96,721,448,74,196,1,-1,-1,-1
284,106,451,462,32,100,1,-1,-1,-1
284,75,557,460,22,59,1,-1,-1,-1
284,42,387,462,39,113,1,-1,-1,-1
284,138,846,431,148,491,1,-1,-1,-1
284,150,575,426,19,41,1,-1,-1,-1
284,92,588,429,26,44,1,-1,-1,-1
284,162,581,463,22,56,1,-1,-1,-1
284,165,410,467,41,103,1,-1,-1,-1
284,167,1337,443,46,107,1,-1,-1,-1
284,146,616,459,22,59,1,-1,-1,-1
284,141,546,455,21,63,1,-1,-1,-1
284,94,576,432,21,49,1,-1,-1,-1
284,126,576,461,22,57,1,-1,-1,-1
284,127,1144,444,50,107,1,-1,-1,-1
284,129,601,434,18,47,1,-1,-1,-1
285,4,985,394,160,646,1,-1,-1,-1
285,12,1470,426,174,425,1,-1,-1,-1
285,72,509,456,33,107,1,-1,-1,-1
285,96,721,447,76,197,1,-1,-1,-1
285,106,451,460,31,101,1,-1,-1,-1
285,75,557,460,23,60,1,-1,-1,-1
285,42,387,463,39,112,1,-1,-1,-1
285,138,850,432,150,490,1,-1,-1,-1
285,150,574,426,19,41,1,-1,-1,-1
285,92,587,429,26,44,1,-1,-1,-1
285,162,582,463,22,56,1,-1,-1,-1
285,165,411,466,41,104,1,-1,-1,-1
285,167,1339,444,46,107,1,-1,-1,-1
285,146,615,459,22,59,1,-1,-1,-1
285,141,545,456,22,62,1,-1,-1,-1
285,94,577,432,21,49,1,-1,-1,-1
285,126,577,461,22,58,1,-1,-1,-1
285,127,1145,445,50,107,1,-1,-1,-1
286,4,987,396,159,644,1,-1,-1,-1
286,12,1484,428,173,424,1,-1,-1,-1
286,72,509,456,33,107,1,-1,-1,-1
286,96,723,446,77,198,1,-1,-1,-1
286,106,451,459,32,102,1,-1,-1,-1
286,75,556,460,23,61,1,-1,-1,-1
286,42,386,462,39,112,1,-1,-1,-1
286,138,851,432,153,490,1,-1,-1,-1
286,150,574,426,19,41,1,-1,-1,-1
286,92,586,429,26,45,1,-1,-1,-1
286,162,582,462,22,57,1,-1,-1,-1
286,165,411,465,41,105,1,-1,-1,-1
286,167,1342,443,46,108,1,-1,-1,-1
286,146,615,459,22,59,1,-1,-1,-1
286,141,545,456,22,62,1,-1,-1,-1
286,94,577,431,21,50,1,-1,-1,-1
286,126,578,461,22,58,1,-1,-1,-1
286,127,1145,445,51,108,1,-1,-1,-1
287,4,990,398,157,642,1,-1,-1,-1
287,12,1496,429,176,424,1,-1,-1,-1
287,72,509,456,33,107,1,-1,-1,-1
287,96,724,444,78,200,1,-1,-1,-1
287,106,450,460,32,101,1,-1,-1,-1
287,75,556,459,23,62,1,-1,-1,-1
287,42,385,463,39,111,1,-1,-1,-1
287,138,853,433,154,488,1,-1,-1,-1
287,150,574,427,19,41,1,-1,-1,-1
287,92,586,429,27,46,1,-1,-1,-1
287,162,582,462,22,57,1,-1,-1,-1
287,165,410,466,41,104,1,-1,-1,-1
287,167,1344,443,45,109,1,-1,-1,-1
287,146,615,459,22,59,1,-1,-1,-1
287,141,547,456,21,63,1,-1,-1,-1
287,94,577,433,21,50,1,-1,-1,-1
287,127,1146,445,51,109,1,-1,-1,-1
287,181,393,464,41,109,1,-1,-1,-1
288,4,992,399,156,640,1,-1,-1,-1
288,12,1507,433,179,425,1,-1,-1,-1
288,72,509,456,33,107,1,-1,-1,-1
288,96,726,442,79,203,1,-1,-1,-1
288,106,449,461,32,101,1,-1,-1,-1
288,75,556,459,23,61,1,-1,-1,-1
288,42,385,462,38,112,1,-1,-1,-1
288,138,855,433,155,487,1,-1,-1,-1
288,150,574,426,19,42,1,-1,-1,-1
288,92,586,429,27,46,1,-1,-1,-1
288,162,582,461,22,58,1,-1,-1,-1
288,165,409,467,41,103,1,-1,-1,-1
288,167,1347,443,46,108,1,-1,-1,-1
288,146,616,459,22,60,1,-1,-1,-1
288,141,547,456,22,63,1,-1,-1,-1
288,94,577,434,22,52,1,-1,-1,-1
288,127,1148,444,51,109,1,-1,-1,-1
288,181,398,464,41,108,1,-1,-1,-1
288,126,577,460,22,58,1,-1,-1,-1
289,4,994,398,156,642,1,-1,-1,-1
289,12,1520,433,185,426,1,-1,-1,-1
289,72,509,456,33,107,1,-1,-1,-1
289,96,729,442,79,202,1,-1,-1,-1
289,106,449,461,31,100,1,-1,-1,-1
289,75,556,459,23,61,1,-1,-1,-1
289,42,384,462,39,112,1,-1,-1,-1
289,138,855,434,157,488,1,-1,-1,-1
289,150,573,426,20,41,1,-1,-1,-1
289,92,586,429,27,46,1,-1,-1,-1
289,162,582,461,22,58,1,-1,-1,-1
289,165,409,467,41,103,1,-1,-1,-1
289,167,1350,443,47,108,1,-1,-1,-1
289,146,618,458,22,61,1,-1,-1,-1
289,141,547,456,22,63,1,-1,-1,-1
289,94,577,434,22,51,1,-1,-1,-1
289,127,1150,445,50,107,1,-1,-1,-1
289,126,577,460,22,58,1,-1,-1,-1
289,137,593,459,20,56,1,-1,-1,-1
290,4,997,398,155,642,1,-1,-1,-1
290,12,1524,430,194,435,1,-1,-1,-1
290,72,509,456,32,107,1,-1,-1,-1
290,96,732,441,79,205,1,-1,-1,-1
290,106,449,461,31,100,1,-1,-1,-1
290,75,557,461,23,59,1,-1,-1,-1
290,42,384,462,39,111,1,-1,-1,-1
290,138,857,434,157,487,1,-1,-1,-1
290,150,574,426,19,41,1,-1,-1,-1
290,162,582,462,22,56,1,-1,-1,-1
290,165,409,467,41,103,1,-1,-1,-1
290,167,1354,443,47,109,1,-1,-1,-1
290,146,618,458,22,61,1,-1,-1,-1
290,141,547,457,21,61,1,-1,-1,-1
290,94,578,433,21,49,1,-1,-1,-1
290,127,1151,445,50,107,1,-1,-1,-1
290,126,575,461,22,56,1,-1,-1,-1
290,137,593,459,20,55,1,-1,-1,-1
290,157,1440,416,144,297,1,-1,-1,-1
291,4,1000,399,154,641,1,-1,-1,-1
291,12,1524,430,201,439,1,-1,-1,-1
291,72,509,456,32,106,1,-1,-1,-1
291,96,735,441,78,206,1,-1,-1,-1
291,106,449,464,31,97,1,-1,-1,-1
291,75,557,461,21,57,1,-1,-1,-1
291,42,384,462,38,112,1,-1,-1,-1
291,138,858,434,159,487,1,-1,-1,-1
291,150,574,427,19,40,1,-1,-1,-1
291,162,583,463,21,54,1,-1,-1,-1
291,165,410,468,41,102,1,-1,-1,-1
291,167,1356,442,48,110,1,-1,-1,-1
291,146,621,457,23,62,1,-1,-1,-1
291,94,579,433,19,46,1,-1,-1,-1
291,127,1153,445,50,108,1,-1,-1,-1
291,126,574,462,21,55,1,-1,-1,-1
291,137,593,459,20,55,1,-1,-1,-1
291,157,1429,414,147,299,1,-1,-1,-1
291,117,560,462,20,57,1,-1,-1,-1
291,176,604,460,21,54,1,-1,-1,-1
292,4,1002,399,153,639,1,-1,-1,-1
292,12,1525,434,204,437,1,-1,-1,-1
292,72,510,456,31,106,1,-1,-1,-1
292,96,739,440,78,207,1,-1,-1,-1
292,106,449,464,31,96,1,-1,-1,-1
292,75,556,461,21,56,1,-1,-1,-1
292,42,383,462,39,112,1,-1,-1,-1
292,138,858,430,161,493,1,-1,-1,-1
292,150,574,427,18,40,1,-1,-1,-1
292,162,582,464,21,53,1,-1,-1,-1
292,165,410,468,41,103,1,-1,-1,-1
292,167,1357,443,48,108,1,-1,-1,-1
292,146,620,458,22,61,1,-1,-1,-1
292,94,579,433,19,45,1,-1,-1,-1
292,127,1153,445,51,109,1,-1,-1,-1
292,126,574,463,21,54,1,-1,-1,-1
292,137,593,460,20,54,1,-1,-1,-1
292,157,1416,414,150,299,1,-1,-1,-1
292,117,561,462,19,57,1,-1,-1,-1
293,4,1003,400,152,637,1,-1,-1,-1
293,12,1528,434,211,441,1,-1,-1,-1
293,72,509,455,32,106,1,-1,-1,-1
293,96,742,440,76,207,1,-1,-1,-1
293,106,449,465,30,96,1,-1,-1,-1
293,42,383,462,39,112,1,-1,-1,-1
293,138,859,428,162,495,1,-1,-1,-1
293,150,574,427,18,40,1,-1,-1,-1
293,162,581,463,22,55,1,-1,-1,-1
293,165,410,468,42,103,1,-1,-1,-1
293,167,1359,444,49,107,1,-1,-1,-1
293,146,622,457,23,62,1,-1,-1,-1
293,94,578,434,19,44,1,-1,-1,-1
293,127,1154,445,51,109,1,-1,-1,-1
293,126,574,462,22,56,1,-1,-1,-1
293,137,593,459,20,55,1,-1,-1,-1
293,157,1408,419,147,292,1,-1,-1,-1
293,117,561,462,20,58,1,-1,-1,-1
294,4,1005,401,152,640,1,-1,-1,-1
294,12,1531,431,217,446,1,-1,-1,-1
294,72,510,455,31,106,1,-1,-1,-1
294,96,746,441,75,206,1,-1,-1,-1
294,106,448,465,30,96,1,-1,-1,-1
294,42,383,462,38,112,1,-1,-1,-1
294,138,860,425,163,497,1,-1,-1,-1
294,150,574,427,18,39,1,-1,-1,-1
294,162,581,464,21,53,1,-1,-1,-1
294,165,410,468,42,103,1,-1,-1,-1
294,167,1361,444,49,107,1,-1,-1,-1
294,146,623,456,23,63,1,-1,-1,-1
294,94,578,433,18,44,1,-1,-1,-1
294,127,1155,445,50,108,1,-1,-1,-1
294,126,574,463,22,55,1,-1,-1,-1
294,137,593,459,20,54,1,-1,-1,-1
294,157,1401,421,146,288,1,-1,-1,-1
294,117,561,462,20,58,1,-1,-1,-1
294,182,829,456,23,68,1,-1,-1,-1
294,92,586,429,27,45,1,-1,-1,-1
294,75,557,461,21,57,1,-1,-1,-1
295,4,1006,400,152,643,1,-1,-1,-1
295,12,1534,428,221,450,1,-1,-1,-1
295,72,510,455,32,106,1,-1,-1,-1
295,96,750,441,75,207,1,-1,-1,-1
295,106,448,466,30,95,1,-1,-1,-1
295,42,382,462,39,112,1,-1,-1,-1
295,138,860,424,164,499,1,-1,-1,-1
295,150,574,427,18,40,1,-1,-1,-1
295,162,580,464,22,54,1,-1,-1,-1
295,165,411,469,41,102,1,-1,-1,-1
295,167,1363,443,50,108,1,-1,-1,-1
295,146,624,456,23,63,1,-1,-1,-1
295,94,577,433,18,43,1,-1,-1,-1
295,127,1156,445,50,108,1,-1,-1,-1
295,126,573,463,22,55,1,-1,-1,-1
295,137,593,459,20,54,1,-1,-1,-1
295,157,1397,423,147,287,1,-1,-1,-1
295,117,562,463,20,58,1,-1,-1,-1
295,182,830,456,22,65,1,-1,-1,-1
295,75,557,462,22,57,1,-1,-1,-1
295,179,442,467,29,95,1,-1,-1,-1
295,176,605,459,21,53,1,-1,-1,-1
296,4,1007,401,151,642,1,-1,-1,-1
296,12,1540,429,222,449,1,-1,-1,-1
296,72,510,456,31,104,1,-1,-1,-1
296,96,752,441,74,206,1,-1,-1,-1
296,106,448,465,30,95,1,-1,-1,-1
296,42,382,461,40,114,1,-1,-1,-1
296,138,863,424,164,501,1,-1,-1,-1
296,162,580,464,22,54,1,-1,-1,-1
296,165,410,469,42,102,1,-1,-1,-1
296,167,1367,443,49,107,1,-1,-1,-1
296,146,623,457,22,61,1,-1,-1,-1
296,94,577,433,18,45,1,-1,-1,-1
296,127,1158,445,50,107,1,-1,-1,-1
296,126,573,463,22,55,1,-1,-1,-1
296,137,593,459,21,55,1,-1,-1,-1
296,157,1394,424,147,286,1,-1,-1,-1
296,117,561,462,20,58,1,-1,-1,-1
296,182,830,456,22,66,1,-1,-1,-1
296,75,556,461,22,57,1,-1,-1,-1
296,179,441,466,30,96,1,-1,-1,-1
296,176,605,460,20,52,1,-1,-1,-1
297,4,1007,401,150,638,1,-1,-1,-1
297,12,1544,429,225,451,1,-1,-1,-1
297,72,510,456,31,104,1,-1,-1,-1
297,96,754,442,73,206,1,-1,-1,-1
297,106,444,464,31,97,1,-1,-1,-1
297,42,382,461,39,114,1,-1,-1,-1
297,138,865,422,165,504,1,-1,-1,-1
297,162,579,464,21,54,1,-1,-1,-1
297,165,411,469,41,102,1,-1,-1,-1
297,167,1371,445,50,106,1,-1,-1,-1
297,146,625,457,22,60,1,-1,-1,-1
297,94,575,436,19,45,1,-1,-1,-1
297,127,1160,445,49,106,1,-1,-1,-1
297,126,572,463,22,55,1,-1,-1,-1
297,137,594,459,20,55,1,-1,-1,-1
297,157,1391,426,146,285,1,-1,-1,-1
297,117,562,463,19,57,1,-1,-1,-1
297,182,830,454,23,67,1,-1,-1,-1
297,75,556,462,21,56,1,-1,-1,-1
297,179,438,466,31,96,1,-1,-1,-1
297,176,605,460,20,53,1,-1,-1,-1
297,150,574,427,19,41,1,-1,-1,-1
298,4,1008,402,149,635,1,-1,-1,-1
298,12,1552,430,225,451,1,-1,-1,-1
298,72,510,456,31,104,1,-1,-1,-1
298,96,757,444,71,205,1,-1,-1,-1
298,106,443,464,30,96,1,-1,-1,-1
298,42,382,462,39,113,1,-1,-1,-1
298,138,867,422,165,504,1,-1,-1,-1
298,162,578,464,22,55,1,-1,-1,-1
298,165,410,468,41,103,1,-1,-1,-1
298,146,626,457,22,60,1,-1,-1,-1
298,94,575,437,19,44,1,-1,-1,-1
298,127,1161,444,50,107,1,-1,-1,-1
298,126,572,463,22,56,1,-1,-1,-1
298,137,595,459,20,55,1,-1,-1,-1
298,157,1386,425,145,284,1,-1,-1,-1
298,117,562,463,19,57,1,-1,-1,-1
298,182,830,452,23,67,1,-1,-1,-1
298,75,554,462,22,57,1,-1,-1,-1
298,179,436,467,32,98,1,-1,-1,-1
298,176,604,459,20,53,1,-1,-1,-1
298,183,622,458,22,58,1,-1,-1,-1
298,150,574,427,19,40,1,-1,-1,-1
299,4,1010,403,148,632,1,-1,-1,-1
299,12,1562,428,224,455,1,-1,-1,-1
299,72,510,456,31,103,1,-1,-1,-1
299,96,759,444,72,205,1,-1,-1,-1
299,106,444,461,32,100,1,-1,-1,-1
299,42,382,462,40,113,1,-1,-1,-1
299,138,871,421,165,506,1,-1,-1,-1
299,162,578,463,22,56,1,-1,-1,-1
299,165,410,468,42,103,1,-1,-1,-1
299,146,627,457,22,59,1,-1,-1,-1
299,94,575,436,19,45,1,-1,-1,-1
299,127,1163,444,50,107,1,-1,-1,-1
299,126,572,463,23,56,1,-1,-1,-1
299,137,595,460,21,54,1,-1,-1,-1
299,157,1377,426,140,282,1,-1,-1,-1
299,117,561,463,20,57,1,-1,-1,-1
299,182,830,451,24,68,1,-1,-1,-1
299,75,554,461,21,57,1,-1,-1,-1
299,179,431,467,33,100,1,-1,-1,-1
299,176,604,460,21,52,1,-1,-1,-1
299,183,623,458,22,58,1,-1,-1,-1
299,150,574,427,19,41,1,-1,-1,-1
300,4,1011,402,148,630,1,-1,-1,-1
300,12,1570,425,224,460,1,-1,-1,-1
300,72,510,456,31,103,1,-1,-1,-1
300,96,764,444,71,206,1,-1,-1,-1
300,106,444,460,32,101,1,-1,-1,-1
300,42,383,462,39,113,1,-1,-1,-1
300,138,874,420,164,507,1,-1,-1,-1
300,162,579,463,22,56,1,-1,-1,-1
300,165,409,468,43,104,1,-1,-1,-1
300,146,627,457,22,58,1,-1,-1,-1
300,94,574,436,18,44,1,-1,-1,-1
300,127,1166,445,49,106,1,-1,-1,-1
300,126,573,462,22,56,1,-1,-1,-1
300,137,595,460,20,54,1,-1,-1,-1
300,157,1367,425,137,282,1,-1,-1,-1
300,117,560,462,20,58,1,-1,-1,-1
300,182,831,452,24,69,1,-1,-1,-1
300,75,554,461,21,57,1,-1,-1,-1
300,179,431,467,34,101,1,-1,-1,-1
300,176,604,461,20,52,1,-1,-1,-1
300,183,622,458,21,57,1,-1,-1,-1
300,150,573,428,19,40,1,-1,-1,-1
300,185,6,400,78,479,1,-1,-1,-1
300,186,1539,412,186,390,1,-1,-1,-1
301,4,1014,403,147,625,1,-1,-1,-1
301,12,1584,423,220,462,1,-1,-1,-1
301,72,509,455,31,104,1,-1,-1,-1
301,96,767,444,71,206,1,-1,-1,-1
301,106,445,460,33,101,1,-1,-1,-1
301,42,383,462,40,113,1,-1,-1,-1
301,138,878,420,161,508,1,-1,-1,-1
301,162,579,463,22,55,1,-1,-1,-1
301,165,409,467,43,105,1,-1,-1,-1
301,146,627,458,21,58,1,-1,-1,-1
301,94,573,438,18,43,1,-1,-1,-1
301,127,1167,447,49,104,1,-1,-1,-1
301,126,572,462,23,56,1,-1,-1,-1
301,137,595,460,20,54,1,-1,-1,-1
301,157,1359,425,133,281,1,-1,-1,-1
301,117,561,462,20,58,1,-1,-1,-1
301,182,831,452,25,71,1,-1,-1,-1
301,75,555,461,21,57,1,-1,-1,-1
301,179,426,467,35,101,1,-1,-1,-1
301,176,604,461,20,52,1,-1,-1,-1
301,150,573,428,19,42,1,-1,-1,-1
301,185,9,393,81,500,1,-1,-1,-1
301,186,1546,414,181,381,1,-1,-1,-1
302,4,1016,403,147,622,1,-1,-1,-1
302,12,1598,423,215,462,1,-1,-1,-1
302,72,509,455,31,105,1,-1,-1,-1
302,96,770,444,71,206,1,-1,-1,-1
302,106,446,460,32,100,1,-1,-1,-1
302,42,383,461,39,114,1,-1,-1,-1
302,138,881,420,160,510,1,-1,-1,-1
302,162,580,463,21,55,1,-1,-1,-1
302,165,410,466,42,105,1,-1,-1,-1
302,146,628,458,21,58,1,-1,-1,-1
302,94,573,437,18,43,1,-1,-1,-1
302,127,1169,449,48,101,1,-1,-1,-1
302,126,572,461,23,57,1,-1,-1,-1
302,137,594,460,20,54,1,-1,-1,-1
302,157,1349,426,129,278,1,-1,-1,-1
302,117,562,462,20,58,1,-1,-1,-1
302,182,832,452,25,70,1,-1,-1,-1
302,75,557,460,21,58,1,-1,-1,-1
302,179,424,466,36,100,1,-1,-1,-1
302,176,601,461,20,52,1,-1,-1,-1
302,185,12,400,80,487,1,-1,-1,-1
302,186,1558,413,185,389,1,-1,-1,-1
302,183,623,459,21,56,1,-1,-1,-1
303,4,1018,402,148,621,1,-1,-1,-1
303,12,1615,420,213,468,1,-1,-1,-1
303,72,509,455,31,106,1,-1,-1,-1
303,96,772,443,71,207,1,-1,-1,-1
303,106,446,461,32,100,1,-1,-1,-1
303,42,383,461,39,114,1,-1,-1,-1
303,138,883,420,160,516,1,-1,-1,-1
303,162,579,463,22,55,1,-1,-1,-1
303,165,410,466,43,106,1,-1,-1,-1
303,146,628,458,22,58,1,-1,-1,-1
303,94,572,436,19,43,1,-1,-1,-1
303,127,1173,449,48,101,1,-1,-1,-1
303,126,572,461,23,57,1,-1,-1,-1
303,137,594,460,20,54,1,-1,-1,-1
303,157,1341,426,126,278,1,-1,-1,-1
303,117,561,462,20,58,1,-1,-1,-1
303,75,556,460,21,58,1,-1,-1,-1
303,179,424,465,36,100,1,-1,-1,-1
303,176,603,461,20,52,1,-1,-1,-1
303,185,14,405,79,479,1,-1,-1,-1
303,186,1561,414,183,388,1,-1,-1,-1
303,183,624,459,21,57,1,-1,-1,-1
304,4,1020,404,150,624,1,-1,-1,-1
304,12,1625,421,211,475,1,-1,-1,-1
304,72,509,455,31,106,1,-1,-1,-1
304,96,774,443,71,207,1,-1,-1,-1
304,106,444,461,32,99,1,-1,-1,-1
304,42,382,461,40,115,1,-1,-1,-1
304,138,885,420,159,521,1,-1,-1,-1
304,162,580,463,21,55,1,-1,-1,-1
304,165,411,465,43,106,1,-1,-1,-1
304,146,629,459,22,58,1,-1,-1,-1
304,94,573,435,19,44,1,-1,-1,-1
304,127,1176,448,48,102,1,-1,-1,-1
304,126,572,462,23,56,1,-1,-1,-1
304,137,594,461,20,53,1,-1,-1,-1
304,157,1332,424,125,279,1,-1,-1,-1
304,117,561,462,21,59,1,-1,-1,-1
304,75,556,461,22,58,1,-1,-1,-1
304,176,603,462,20,50,1,-1,-1,-1
304,185,15,410,79,461,1,-1,-1,-1
304,186,1567,413,183,392,1,-1,-1,-1
304,183,624,459,22,58,1,-1,-1,-1
305,4,1024,407,151,617,1,-1,-1,-1
305,12,1639,422,209,480,1,-1,-1,-1
305,72,509,456,31,105,1,-1,-1,-1
305,96,776,442,72,208,1,-1,-1,-1
305,42,382,461,40,114,1,-1,-1,-1
305,138,887,420,158,524,1,-1,-1,-1
305,162,581,463,21,54,1,-1,-1,-1
305,165,412,465,43,106,1,-1,-1,-1
305,146,629,459,22,60,1,-1,-1,-1
305,94,573,435,19,44,1,-1,-1,-1
305,127,1178,447,48,104,1,-1,-1,-1
305,126,572,462,23,55,1,-1,-1,-1
305,137,595,461,20,53,1,-1,-1,-1
305,157,1325,422,125,281,1,-1,-1,-1
305,117,562,462,20,59,1,-1,-1,-1
305,176,603,462,20,51,1,-1,-1,-1
305,185,15,397,81,466,1,-1,-1,-1
305,186,1576,411,185,400,1,-1,-1,-1
305,179,421,465,38,103,1,-1,-1,-1
306,4,1029,406,153,614,1,-1,-1,-1
306,12,1653,419,210,487,1,-1,-1,-1
306,72,508,456,31,106,1,-1,-1,-1
306,96,778,441,72,210,1,-1,-1,-1
306,42,382,462,40,113,1,-1,-1,-1
306,138,887,420,157,525,1,-1,-1,-1
306,162,581,464,21,53,1,-1,-1,-1
306,165,411,464,44,107,1,-1,-1,-1
306,94,574,434,19,45,1,-1,-1,-1
306,127,1180,447,48,104,1,-1,-1,-1
306,126,573,463,23,54,1,-1,-1,-1
306,137,595,461,20,54,1,-1,-1,-1
306,157,1320,422,125,281,1,-1,-1,-1
306,117,561,462,20,58,1,-1,-1,-1
306,176,603,463,20,50,1,-1,-1,-1
306,185,17,397,83,463,1,-1,-1,-1
306,186,1585,407,186,406,1,-1,-1,-1
306,183,625,460,22,57,1,-1,-1,-1
307,4,1033,406,156,611,1,-1,-1,-1
307,12,1669,422,209,486,1,-1,-1,-1
307,72,507,455,32,107,1,-1,-1,-1
307,96,781,442,72,211,1,-1,-1,-1
307,42,382,462,40,114,1,-1,-1,-1
307,138,888,419,156,527,1,-1,-1,-1
307,162,580,463,22,54,1,-1,-1,-1
307,165,411,464,44,107,1,-1,-1,-1
307,94,575,435,19,45,1,-1,-1,-1
307,127,1182,445,48,106,1,-1,-1,-1
307,126,573,462,23,55,1,-1,-1,-1
307,137,595,461,20,53,1,-1,-1,-1
307,157,1314,426,123,275,1,-1,-1,-1
307,176,603,463,20,50,1,-1,-1,-1
307,185,18,397,85,461,1,-1,-1,-1
307,186,1595,409,182,402,1,-1,-1,-1
307,183,625,460,22,56,1,-1,-1,-1
307,75,557,461,21,57,1,-1,-1,-1
308,4,1037,403,160,612,1,-1,-1,-1
308,12,1682,424,208,479,1,-1,-1,-1
308,72,507,455,32,108,1,-1,-1,-1
308,96,784,440,72,213,1,-1,-1,-1
308,42,382,461,40,115,1,-1,-1,-1
308,138,889,419,154,527,1,-1,-1,-1
308,162,581,464,21,53,1,-1,-1,-1
308,165,410,464,44,107,1,-1,-1,-1
308,94,575,436,19,45,1,-1,-1,-1
308,127,1184,444,49,107,1,-1,-1,-1
308,126,574,463,23,54,1,-1,-1,-1
308,137,595,461,20,53,1,-1,-1,-1
308,157,1309,427,123,273,1,-1,-1,-1
308,176,603,462,20,51,1,-1,-1,-1
308,185,17,397,87,461,1,-1,-1,-1
308,186,1604,409,180,400,1,-1,-1,-1
308,183,625,460,22,56,1,-1,-1,-1
308,189,458,461,28,94,1,-1,-1,-1
308,75,558,461,21,56,1,-1,-1,-1
309,4,1039,402,163,611,1,-1,-1,-1
309,12,1687,426,211,482,1,-1,-1,-1
309,72,506,455,32,108,1,-1,-1,-1
309,96,787,441,72,212,1,-1,-1,-1
309,42,381,462,41,114,1,-1,-1,-1
309,138,889,419,153,527,1,-1,-1,-1
309,162,582,463,21,53,1,-1,-1,-1
309,165,411,464,44,107,1,-1,-1,-1
309,94,574,436,19,45,1,-1,-1,-1
309,127,1186,444,49,107,1,-1,-1,-1
309,126,575,462,22,54,1,-1,-1,-1
309,137,594,461,20,53,1,-1,-1,-1
309,157,1303,427,123,271,1,-1,-1,-1
309,176,602,463,20,49,1,-1,-1,-1
309,185,17,398,89,459,1,-1,-1,-1
309,186,1608,411,178,398,1,-1,-1,-1
309,183,625,460,22,56,1,-1,-1,-1
309,189,457,462,28,94,1,-1,-1,-1
309,75,557,460,21,57,1,-1,-1,-1
309,167,1396,432,59,125,1,-1,-1,-1
309,146,629,459,22,58,1,-1,-1,-1
310,4,1042,400,169,613,1,-1,-1,-1
310,12,1690,426,219,496,1,-1,-1,-1
310,72,504,455,33,108,1,-1,-1,-1
310,96,790,440,71,213,1,-1,-1,-1
310,42,380,462,41,114,1,-1,-1,-1
310,138,889,419,152,527,1,-1,-1,-1
310,162,584,463,20,53,1,-1,-1,-1
310,165,410,464,44,107,1,-1,-1,-1
310,94,574,435,19,45,1,-1,-1,-1
310,127,1187,444,49,107,1,-1,-1,-1
310,126,576,462,23,54,1,-1,-1,-1
310,137,594,461,19,53,1,-1,-1,-1
310,157,1294,427,124,271,1,-1,-1,-1
310,176,601,463,20,49,1,-1,-1,-1
310,185,17,396,92,459,1,-1,-1,-1
310,186,1615,411,179,399,1,-1,-1,-1
310,183,625,460,21,55,1,-1,-1,-1
310,189,457,462,28,95,1,-1,-1,-1
310,75,558,460,21,58,1,-1,-1,-1
310,167,1400,434,58,122,1,-1,-1,-1
310,146,630,460,21,56,1,-1,-1,-1
311,4,1046,399,173,612,1,-1,-1,-1
311,12,1690,425,226,507,1,-1,-1,-1
311,72,502,453,33,110,1,-1,-1,-1
311,96,793,439,71,216,1,-1,-1,-1
311,42,380,462,41,113,1,-1,-1,-1
311,138,889,419,150,527,1,-1,-1,-1
311,162,583,463,20,53,1,-1,-1,-1
311,165,410,462,44,109,1,-1,-1,-1
311,94,574,435,19,46,1,-1,-1,-1
311,127,1189,444,48,108,1,-1,-1,-1
311,126,577,462,22,54,1,-1,-1,-1
311,137,594,461,20,52,1,-1,-1,-1
311,157,1284,428,124,268,1,-1,-1,-1
311,185,17,396,96,462,1,-1,-1,-1
311,186,1625,413,179,398,1,-1,-1,-1
311,183,624,460,22,56,1,-1,-1,-1
311,75,557,460,21,57,1,-1,-1,-1
311,167,1401,439,56,115,1,-1,-1,-1
311,146,629,459,21,58,1,-1,-1,-1
311,150,574,428,18,40,1,-1,-1,-1
312,4,1047,400,177,610,1,-1,-1,-1
312,12,1690,428,228,509,1,-1,-1,-1
312,72,500,453,33,110,1,-1,-1,-1
312,96,796,439,71,216,1,-1,-1,-1
312,42,380,461,41,114,1,-1,-1,-1
312,138,889,420,149,526,1,-1,-1,-1
312,162,583,463,21,52,1,-1,-1,-1
312,165,410,462,44,109,1,-1,-1,-1
312,94,575,435,19,47,1,-1,-1,-1
312,127,1190,443,48,109,1,-1,-1,-1
312,126,578,462,22,53,1,-1,-1,-1
312,137,595,461,19,52,1,-1,-1,-1
312,157,1275,428,122,264,1,-1,-1,-1
312,185,17,395,99,463,1,-1,-1,-1
312,186,1631,416,181,396,1,-1,-1,-1
312,75,556,460,21,56,1,-1,-1,-1
312,167,1402,441,55,111,1,-1,-1,-1
312,146,628,459,23,59,1,-1,-1,-1
312,190,535,456,18,61,1,-1,-1,-1
312,150,574,428,18,40,1,-1,-1,-1
313,4,1047,400,181,609,1,-1,-1,-1
313,12,1691,428,229,510,1,-1,-1,-1
313,72,499,452,34,111,1,-1,-1,-1
313,96,800,441,71,213,1,-1,-1,-1
313,42,380,461,41,114,1,-1,-1,-1
313,138,889,420,148,525,1,-1,-1,-1
313,165,410,462,44,109,1,-1,-1,-1
313,94,576,435,19,47,1,-1,-1,-1
313,127,1192,443,49,110,1,-1,-1,-1
313,126,579,462,22,54,1,-1,-1,-1
313,137,595,460,19,52,1,-1,-1,-1
313,157,1267,427,121,264,1,-1,-1,-1
313,185,20,395,104,462,1,-1,-1,-1
313,186,1636,415,187,404,1,-1,-1,-1
313,75,556,461,21,55,1,-1,-1,-1
313,167,1407,439,55,112,1,-1,-1,-1
313,146,629,459,22,59,1,-1,-1,-1
313,190,534,457,18,61,1,-1,-1,-1
313,150,574,428,18,40,1,-1,-1,-1
314,4,1047,399,185,609,1,-1,-1,-1
314,12,1695,424,225,515,1,-1,-1,-1
314,72,498,451,35,112,1,-1,-1,-1
314,96,803,441,71,214,1,-1,-1,-1
314,42,380,461,41,114,1,-1,-1,-1
314,138,890,420,147,524,1,-1,-1,-1
314,165,411,462,43,109,1,-1,-1,-1
314,94,576,436,18,47,1,-1,-1,-1
314,127,1192,443,50,111,1,-1,-1,-1
314,126,580,462,21,53,1,-1,-1,-1
314,137,595,460,19,52,1,-1,-1,-1
314,157,1262,426,119,264,1,-1,-1,-1
314,185,30,397,108,458,1,-1,-1,-1
314,186,1642,418,187,400,1,-1,-1,-1
314,75,556,460,21,56,1,-1,-1,-1
314,167,1410,439,54,112,1,-1,-1,-1
314,146,630,458,23,60,1,-1,-1,-1
314,190,532,457,19,61,1,-1,-1,-1
314,150,573,428,19,40,1,-1,-1,-1
314,183,626,460,23,57,1,-1,-1,-1
314,162,584,463,20,52,1,-1,-1,-1
315,4,1047,398,187,611,1,-1,-1,-1
315,12,1702,425,218,517,1,-1,-1,-1
315,72,498,451,34,112,1,-1,-1,-1
315,96,807,440,71,215,1,-1,-1,-1
315,42,380,461,41,114,1,-1,-1,-1
315,138,890,419,147,525,1,-1,-1,-1
315,165,410,462,44,109,1,-1,-1,-1
315,94,575,437,19,47,1,-1,-1,-1
315,127,1193,443,49,111,1,-1,-1,-1
315,126,580,462,22,53,1,-1,-1,-1
315,137,595,460,19,52,1,-1,-1,-1
315,157,1256,427,116,262,1,-1,-1,-1
315,185,45,398,114,454,1,-1,-1,-1
315,186,1643,423,186,398,1,-1,-1,-1
315,75,555,460,21,56,1,-1,-1,-1
315,167,1413,439,53,111,1,-1,-1,-1
315,146,631,458,23,61,1,-1,-1,-1
315,190,531,457,19,62,1,-1,-1,-1
315,150,573,428,19,40,1,-1,-1,-1
315,183,627,459,23,58,1,-1,-1,-1
316,4,1047,398,190,611,1,-1,-1,-1
316,12,1708,424,212,522,1,-1,-1,-1
316,72,497,451,35,112,1,-1,-1,-1
316,96,810,438,70,216,1,-1,-1,-1
316,42,380,461,41,114,1,-1,-1,-1
316,138,889,419,147,526,1,-1,-1,-1
316,165,410,462,44,109,1,-1,-1,-1
316,94,575,438,19,47,1,-1,-1,-1
316,127,1195,444,48,109,1,-1,-1,-1
316,126,580,462,22,53,1,-1,-1,-1
316,137,595,460,19,52,1,-1,-1,-1
316,157,1252,428,112,260,1,-1,-1,-1
316,185,55,402,122,451,1,-1,-1,-1
316,186,1650,421,191,405,1,-1,-1,-1
316,75,555,460,21,56,1,-1,-1,-1
316,167,1416,438,53,113,1,-1,-1,-1
316,146,632,458,23,60,1,-1,-1,-1
316,190,532,457,19,62,1,-1,-1,-1
316,183,627,459,23,58,1,-1,-1,-1
316,162,583,463,22,54,1,-1,-1,-1
317,4,1049,397,193,614,1,-1,-1,-1
317,12,1722,428,198,519,1,-1,-1,-1
317,72,497,451,35,113,1,-1,-1,-1
317,96,812,438,70,216,1,-1,-1,-1
317,42,380,462,42,114,1,-1,-1,-1
317,138,890,420,146,525,1,-1,-1,-1
317,165,410,462,44,109,1,-1,-1,-1
317,94,576,440,19,49,1,-1,-1,-1
317,127,1196,444,47,108,1,-1,-1,-1
317,126,580,461,22,54,1,-1,-1,-1
317,137,595,459,19,53,1,-1,-1,-1
317,157,1247,429,109,259,1,-1,-1,-1
317,185,66,401,132,453,1,-1,-1,-1
317,186,1656,409,199,421,1,-1,-1,-1
317,75,554,460,21,56,1,-1,-1,-1
317,167,1420,438,52,112,1,-1,-1,-1
317,146,632,457,23,62,1,-1,-1,-1
317,190,531,457,20,63,1,-1,-1,-1
317,183,627,459,23,59,1,-1,-1,-1
317,162,584,460,21,56,1,-1,-1,-1
318,4,1050,399,194,614,1,-1,-1,-1
318,12,1734,423,186,523,1,-1,-1,-1
318,72,496,451,36,113,1,-1,-1,-1
318,96,815,438,71,216,1,-1,-1,-1
318,42,380,461,42,115,1,-1,-1,-1
318,138,890,421,146,524,1,-1,-1,-1
318,165,411,462,43,109,1,-1,-1,-1
318,126,580,461,21,54,1,-1,-1,-1
318,137,596,459,19,53,1,-1,-1,-1
318,157,1240,426,108,260,1,-1,-1,-1
318,185,74,403,143,453,1,-1,-1,-1
318,186,1665,412,196,416,1,-1,-1,-1
318,75,554,460,21,56,1,-1,-1,-1
318,167,1425,437,52,113,1,-1,-1,-1
318,146,631,458,24,61,1,-1,-1,-1
318,190,531,457,20,63,1,-1,-1,-1
318,183,625,459,24,59,1,-1,-1,-1
318,162,583,460,22,56,1,-1,-1,-1
319,4,1050,400,196,613,1,-1,-1,-1
319,12,1751,424,169,518,1,-1,-1,-1
319,72,495,451,36,112,1,-1,-1,-1
319,96,818,441,70,215,1,-1,-1,-1
319,42,380,461,42,115,1,-1,-1,-1
319,138,891,421,145,524,1,-1,-1,-1
319,165,411,461,44,110,1,-1,-1,-1
319,126,580,461,21,54,1,-1,-1,-1
319,137,596,459,20,53,1,-1,-1,-1
319,157,1233,423,108,261,1,-1,-1,-1
319,185,75,401,154,456,1,-1,-1,-1
319,186,1671,409,199,426,1,-1,-1,-1
319,75,555,460,20,55,1,-1,-1,-1
319,167,1429,436,52,114,1,-1,-1,-1
319,146,632,459,23,60,1,-1,-1,-1
319,190,529,458,20,63,1,-1,-1,-1
319,183,625,460,23,58,1,-1,-1,-1
319,162,583,460,22,56,1,-1,-1,-1
320,4,1051,401,197,612,1,-1,-1,-1
320,12,1766,423,154,518,1,-1,-1,-1
320,72,494,450,37,113,1,-1,-1,-1
320,96,822,443,70,213,1,-1,-1,-1
320,42,380,461,42,114,1,-1,-1,-1
320,138,892,421,145,524,1,-1,-1,-1
320,165,411,461,44,110,1,-1,-1,-1
320,126,580,461,21,54,1,-1,-1,-1
320,137,596,460,19,52,1,-1,-1,-1
320,157,1228,424,108,260,1,-1,-1,-1
320,185,80,402,164,454,1,-1,-1,-1
320,186,1680,407,198,432,1,-1,-1,-1
320,75,555,460,21,55,1,-1,-1,-1
320,167,1432,436,52,114,1,-1,-1,-1
320,146,631,458,24,62,1,-1,-1,-1
320,190,528,458,21,64,1,-1,-1,-1
320,183,625,460,24,59,1,-1,-1,-1
320,162,583,461,21,54,1,-1,-1,-1
321,4,1052,401,198,612,1,-1,-1,-1
321,12,1778,414,142,524,1,-1,-1,-1
321,72,493,451,37,112,1,-1,-1,-1
321,96,827,443,71,213,1,-1,-1,-1
321,42,380,462,42,113,1,-1,-1,-1
321,138,892,420,145,525,1,-1,-1,-1
321,165,411,461,44,110,1,-1,-1,-1
321,126,579,461,21,54,1,-1,-1,-1
321,137,595,460,20,53,1,-1,-1,-1
321,157,1225,426,107,256,1,-1,-1,-1
321,185,81,404,173,450,1,-1,-1,-1
321,186,1694,406,196,435,1,-1,-1,-1
321,75,554,460,21,55,1,-1,-1,-1
321,167,1435,436,51,115,1,-1,-1,-1
321,146,632,458,23,60,1,-1,-1,-1
321,190,529,458,21,64,1,-1,-1,-1
321,183,627,459,23,59,1,-1,-1,-1
321,162,583,462,20,53,1,-1,-1,-1
322,4,1053,403,197,610,1,-1,-1,-1
322,12,1789,417,131,525,1,-1,-1,-1
322,72,493,451,36,112,1,-1,-1,-1
322,96,830,442,72,214,1,-1,-1,-1
322,42,380,462,42,113,1,-1,-1,-1
322,138,893,420,145,525,1,-1,-1,-1
322,165,411,463,43,108,1,-1,-1,-1
322,126,579,461,21,55,1,-1,-1,-1
322,137,595,460,19,53,1,-1,-1,-1
322,157,1221,427,107,254,1,-1,-1,-1
322,185,82,405,182,447,1,-1,-1,-1
322,186,1709,404,194,440,1,-1,-1,-1
322,75,554,460,21,55,1,-1,-1,-1
322,167,1437,436,51,114,1,-1,-1,-1
322,146,632,459,23,59,1,-1,-1,-1
322,190,530,459,20,62,1,-1,-1,-1
322,162,583,462,21,54,1,-1,-1,-1
323,4,1053,404,197,609,1,-1,-1,-1
323,12,1802,422,118,515,1,-1,-1,-1
323,72,493,451,36,112,1,-1,-1,-1
323,96,832,440,74,215,1,-1,-1,-1
323,42,380,462,42,113,1,-1,-1,-1
323,138,893,419,145,526,1,-1,-1,-1
323,165,411,463,43,108,1,-1,-1,-1
323,126,579,462,21,54,1,-1,-1,-1
323,137,594,460,20,53,1,-1,-1,-1
323,157,1220,431,106,249,1,-1,-1,-1
323,185,83,408,188,441,1,-1,-1,-1
323,186,1720,403,192,445,1,-1,-1,-1
323,75,554,461,21,54,1,-1,-1,-1
323,167,1440,436,51,114,1,-1,-1,-1
323,190,530,459,20,61,1,-1,-1,-1
323,162,583,462,21,54,1,-1,-1,-1
323,192,535,458,19,61,1,-1,-1,-1
323,117,558,462,19,54,1,-1,-1,-1
324,4,1052,400,198,613,1,-1,-1,-1
324,12,1806,421,114,517,1,-1,-1,-1
324,72,492,452,37,111,1,-1,-1,-1
324,96,834,439,75,214,1,-1,-1,-1
324,42,380,462,42,113,1,-1,-1,-1
324,138,896,419,146,527,1,-1,-1,-1
324,165,411,462,44,109,1,-1,-1,-1
324,137,595,461,20,52,1,-1,-1,-1
324,157,1218,432,105,246,1,-1,-1,-1
324,185,83,408,195,437,1,-1,-1,-1
324,186,1730,404,188,444,1,-1,-1,-1
324,75,553,460,21,55,1,-1,-1,-1
324,167,1443,437,51,112,1,-1,-1,-1
324,190,531,459,20,60,1,-1,-1,-1
324,162,582,463,21,53,1,-1,-1,-1
324,192,537,458,18,60,1,-1,-1,-1
324,194,544,459,22,59,1,-1,-1,-1
324,117,558,461,19,54,1,-1,-1,-1
324,146,632,460,23,58,1,-1,-1,-1
325,4,1052,399,199,614,1,-1,-1,-1
325,72,492,451,37,112,1,-1,-1,-1
325,96,836,442,76,212,1,-1,-1,-1
325,42,380,462,42,113,1,-1,-1,-1
325,138,898,419,144,527,1,-1,-1,-1
325,165,411,461,44,110,1,-1,-1,-1
325,137,595,461,20,53,1,-1,-1,-1
325,157,1214,433,106,244,1,-1,-1,-1
325,185,86,407,200,435,1,-1,-1,-1
325,186,1740,404,180,446,1,-1,-1,-1
325,75,552,460,21,55,1,-1,-1,-1
325,167,1447,438,51,111,1,-1,-1,-1
325,190,530,459,20,59,1,-1,-1,-1
325,162,581,463,22,55,1,-1,-1,-1
325,192,537,458,19,59,1,-1,-1,-1
325,194,545,459,21,59,1,-1,-1,-1
325,117,557,461,20,54,1,-1,-1,-1
325,126,578,462,21,54,1,-1,-1,-1
326,4,1052,399,199,613,1,-1,-1,-1
326,72,492,451,36,112,1,-1,-1,-1
326,96,839,442,76,211,1,-1,-1,-1
326,42,380,462,42,113,1,-1,-1,-1
326,138,898,419,145,528,1,-1,-1,-1
326,165,411,461,44,110,1,-1,-1,-1
326,137,595,461,20,53,1,-1,-1,-1
326,157,1209,434,104,241,1,-1,-1,-1
326,185,95,405,202,431,1,-1,-1,-1
326,186,1747,404,173,445,1,-1,-1,-1
326,75,552,460,21,55,1,-1,-1,-1
326,167,1449,438,51,112,1,-1,-1,-1
326,190,529,459,20,59,1,-1,-1,-1
326,162,582,463,21,54,1,-1,-1,-1
326,192,538,458,18,58,1,-1,-1,-1
326,194,546,459,21,59,1,-1,-1,-1
326,117,557,461,20,55,1,-1,-1,-1
326,195,1860,385,59,566,1,-1,-1,-1
327,4,1053,399,198,613,1,-1,-1,-1
327,72,491,452,37,111,1,-1,-1,-1
327,96,841,441,77,213,1,-1,-1,-1
327,42,380,462,42,113,1,-1,-1,-1
327,138,898,420,144,527,1,-1,-1,-1
327,165,411,461,44,110,1,-1,-1,-1
327,137,595,461,20,53,1,-1,-1,-1
327,157,1201,434,105,241,1,-1,-1,-1
327,185,103,404,204,429,1,-1,-1,-1
327,186,1751,403,169,448,1,-1,-1,-1
327,75,553,460,21,55,1,-1,-1,-1
327,167,1451,437,51,112,1,-1,-1,-1
327,190,529,459,20,57,1,-1,-1,-1
327,162,582,462,21,54,1,-1,-1,-1
327,192,538,458,17,56,1,-1,-1,-1
327,194,547,459,21,58,1,-1,-1,-1
327,117,558,462,19,54,1,-1,-1,-1
327,195,1861,378,59,575,1,-1,-1,-1
327,126,578,461,21,55,1,-1,-1,-1
328,4,1053,399,197,612,1,-1,-1,-1
328,72,490,452,37,111,1,-1,-1,-1
328,96,844,440,78,213,1,-1,-1,-1
328,42,379,462,43,113,1,-1,-1,-1
328,138,897,420,144,526,1,-1,-1,-1
328,165,411,461,44,111,1,-1,-1,-1
328,157,1195,433,104,242,1,-1,-1,-1
328,185,114,401,206,431,1,-1,-1,-1
328,186,1752,402,168,458,1,-1,-1,-1
328,75,554,460,21,55,1,-1,-1,-1
328,167,1452,437,51,113,1,-1,-1,-1
328,190,527,459,19,56,1,-1,-1,-1
328,162,581,462,22,53,1,-1,-1,-1
328,192,537,459,17,54,1,-1,-1,-1
328,194,547,459,21,58,1,-1,-1,-1
328,195,1862,348,58,612,1,-1,-1,-1
328,126,577,460,22,56,1,-1,-1,-1
329,4,1054,400,196,611,1,-1,-1,-1
329,72,490,452,36,111,1,-1,-1,-1
329,96,848,439,78,212,1,-1,-1,-1
329,42,380,461,43,114,1,-1,-1,-1
329,138,898,420,143,525,1,-1,-1,-1
329,165,411,460,45,111,1,-1,-1,-1
329,185,128,404,203,425,1,-1,-1,-1
329,186,1748,401,172,490,1,-1,-1,-1
329,75,554,460,21,55,1,-1,-1,-1
329,167,1454,438,51,111,1,-1,-1,-1
329,190,529,459,19,55,1,-1,-1,-1
329,162,581,461,22,54,1,-1,-1,-1
329,192,538,459,17,54,1,-1,-1,-1
329,194,547,459,21,58,1,-1,-1,-1
329,195,1862,372,58,586,1,-1,-1,-1
329,126,577,460,22,56,1,-1,-1,-1
329,197,830,450,26,72,1,-1,-1,-1
329,137,595,460,19,53,1,-1,-1,-1
329,117,558,461,20,55,1,-1,-1,-1
330,4,1055,400,196,611,1,-1,-1,-1
330,72,490,452,36,111,1,-1,-1,-1
330,96,855,438,78,213,1,-1,-1,-1
330,42,380,461,43,113,1,-1,-1,-1
330,138,897,421,143,524,1,-1,-1,-1
330,165,412,460,44,111,1,-1,-1,-1
330,185,141,403,199,426,1,-1,-1,-1
330,186,1752,403,168,481,1,-1,-1,-1
330,75,554,460,20,55,1,-1,-1,-1
330,167,1456,437,50,112,1,-1,-1,-1
330,190,530,460,19,54,1,-1,-1,-1
330,162,582,461,21,54,1,-1,-1,-1
330,192,538,459,17,54,1,-1,-1,-1
330,194,546,459,21,57,1,-1,-1,-1
330,195,1855,381,59,572,1,-1,-1,-1
330,126,576,460,22,55,1,-1,-1,-1
330,197,831,449,25,71,1,-1,-1,-1
330,137,595,460,19,53,1,-1,-1,-1
330,117,558,462,20,53,1,-1,-1,-1
331,4,1057,399,196,612,1,-1,-1,-1
331,72,489,452,36,111,1,-1,-1,-1
331,96,861,437,78,214,1,-1,-1,-1
331,42,380,461,43,113,1,-1,-1,-1
331,138,898,420,143,525,1,-1,-1,-1
331,165,412,459,44,112,1,-1,-1,-1
331,185,158,403,195,424,1,-1,-1,-1
331,186,1758,404,162,462,1,-1,-1,-1
331,75,553,460,21,54,1,-1,-1,-1
331,167,1457,437,51,112,1,-1,-1,-1
331,190,533,459,19,54,1,-1,-1,-1
331,162,582,461,21,54,1,-1,-1,-1
331,192,539,459,17,54,1,-1,-1,-1
331,194,545,459,21,57,1,-1,-1,-1
331,126,576,460,22,55,1,-1,-1,-1
331,197,832,449,25,69,1,-1,-1,-1
331,137,594,459,20,54,1,-1,-1,-1
331,117,559,461,20,54,1,-1,-1,-1
332,4,1057,399,196,613,1,-1,-1,-1
332,72,489,452,36,111,1,-1,-1,-1
332,96,865,434,79,218,1,-1,-1,-1
332,42,381,462,42,112,1,-1,-1,-1
332,138,898,420,143,525,1,-1,-1,-1
332,165,411,459,45,112,1,-1,-1,-1
332,185,175,401,191,426,1,-1,-1,-1
332,186,1761,401,159,460,1,-1,-1,-1
332,75,553,460,20,55,1,-1,-1,-1
332,167,1460,436,50,113,1,-1,-1,-1
332,190,533,459,20,55,1,-1,-1,-1
332,162,581,460,22,55,1,-1,-1,-1
332,192,539,458,17,56,1,-1,-1,-1
332,194,545,458,21,59,1,-1,-1,-1
332,126,575,459,22,56,1,-1,-1,-1
332,197,833,446,25,72,1,-1,-1,-1
332,137,594,459,20,54,1,-1,-1,-1
332,117,560,461,20,54,1,-1,-1,-1
332,198,12,436,52,358,1,-1,-1,-1
332,146,632,460,23,59,1,-1,-1,-1
333,4,1059,398,195,613,1,-1,-1,-1
333,72,489,453,36,110,1,-1,-1,-1
333,96,869,437,77,213,1,-1,-1,-1
333,42,381,462,43,113,1,-1,-1,-1
333,138,899,420,143,525,1,-1,-1,-1
333,165,412,460,45,111,1,-1,-1,-1
333,185,190,400,187,428,1,-1,-1,-1
333,186,1764,397,156,461,1,-1,-1,-1
333,75,554,459,21,56,1,-1,-1,-1
333,167,1464,437,49,111,1,-1,-1,-1
333,190,534,459,20,54,1,-1,-1,-1
333,162,582,460,22,55,1,-1,-1,-1
333,194,545,458,21,58,1,-1,-1,-1
333,126,576,459,23,57,1,-1,-1,-1
333,197,835,445,26,72,1,-1,-1,-1
333,137,593,459,21,54,1,-1,-1,-1
333,117,559,461,21,54,1,-1,-1,-1
333,198,24,433,52,360,1,-1,-1,-1
334,4,1060,399,195,612,1,-1,-1,-1
334,72,490,453,35,110,1,-1,-1,-1
334,96,872,439,76,209,1,-1,-1,-1
334,42,381,462,43,113,1,-1,-1,-1
334,138,899,419,144,526,1,-1,-1,-1
334,165,413,460,45,110,1,-1,-1,-1
334,185,203,403,182,424,1,-1,-1,-1
334,186,1767,398,153,461,1,-1,-1,-1
334,75,554,459,21,56,1,-1,-1,-1
334,167,1466,437,49,112,1,-1,-1,-1
334,190,533,459,19,54,1,-1,-1,-1
334,162,582,460,22,56,1,-1,-1,-1
334,194,545,458,21,58,1,-1,-1,-1
334,126,577,459,22,57,1,-1,-1,-1
334,197,838,445,25,71,1,-1,-1,-1
334,137,594,459,20,55,1,-1,-1,-1
334,117,559,460,21,55,1,-1,-1,-1
334,198,33,433,55,362,1,-1,-1,-1
334,192,538,458,18,55,1,-1,-1,-1
335,4,1060,399,194,612,1,-1,-1,-1
335,72,489,452,36,112,1,-1,-1,-1
335,96,873,441,75,206,1,-1,-1,-1
335,42,380,462,43,114,1,-1,-1,-1
335,138,900,420,144,526,1,-1,-1,-1
335,165,413,461,45,109,1,-1,-1,-1
335,185,215,403,179,421,1,-1,-1,-1
335,186,1773,404,147,457,1,-1,-1,-1
335,75,555,459,21,55,1,-1,-1,-1
335,167,1468,438,48,111,1,-1,-1,-1
335,190,531,459,20,54,1,-1,-1,-1
335,162,582,460,22,56,1,-1,-1,-1
335,194,546,458,21,58,1,-1,-1,-1
335,126,577,459,22,57,1,-1,-1,-1
335,197,841,446,25,71,1,-1,-1,-1
335,137,593,459,20,55,1,-1,-1,-1
335,117,559,460,20,55,1,-1,-1,-1
335,198,41,437,58,361,1,-1,-1,-1
335,192,538,458,17,54,1,-1,-1,-1
335,146,632,460,23,59,1,-1,-1,-1
336,4,1060,400,193,611,1,-1,-1,-1
336,72,488,452,36,112,1,-1,-1,-1
336,96,874,442,76,208,1,-1,-1,-1
336,42,378,461,44,115,1,-1,-1,-1
336,138,901,420,144,526,1,-1,-1,-1
336,165,413,462,45,109,1,-1,-1,-1
336,185,228,403,178,420,1,-1,-1,-1
336,186,1779,405,141,459,1,-1,-1,-1
336,75,555,459,21,56,1,-1,-1,-1
336,167,1470,439,48,110,1,-1,-1,-1
336,190,532,459,20,54,1,-1,-1,-1
336,162,582,458,23,57,1,-1,-1,-1
336,194,546,458,21,58,1,-1,-1,-1
336,126,577,459,23,57,1,-1,-1,-1
336,197,842,447,25,72,1,-1,-1,-1
336,137,593,458,20,55,1,-1,-1,-1
336,117,559,460,20,55,1,-1,-1,-1
336,198,44,440,62,357,1,-1,-1,-1
336,192,538,458,18,55,1,-1,-1,-1
336,201,847,444,23,71,1,-1,-1,-1
336,202,1050,485,39,109,1,-1,-1,-1
336,146,632,459,23,62,1,-1,-1,-1
337,4,1060,401,193,609,1,-1,-1,-1
337,72,487,453,36,111,1,-1,-1,-1
337,96,875,441,77,209,1,-1,-1,-1
337,42,378,461,44,115,1,-1,-1,-1
337,138,902,419,144,527,1,-1,-1,-1
337,165,414,463,44,107,1,-1,-1,-1
337,185,237,402,178,421,1,-1,-1,-1
337,186,1783,378,137,487,1,-1,-1,-1
337,75,555,459,20,56,1,-1,-1,-1
337,167,1473,438,48,112,1,-1,-1,-1
337,190,529,459,20,54,1,-1,-1,-1
337,162,581,460,22,55,1,-1,-1,-1
337,194,546,458,21,58,1,-1,-1,-1
337,126,576,459,22,56,1,-1,-1,-1
337,137,594,459,19,52,1,-1,-1,-1
337,117,559,461,20,54,1,-1,-1,-1
337,198,43,441,65,348,1,-1,-1,-1
337,192,538,458,17,55,1,-1,-1,-1
337,201,847,444,24,73,1,-1,-1,-1
337,202,1050,484,39,110,1,-1,-1,-1
337,146,631,460,24,62,1,-1,-1,-1
338,4,1061,402,192,608,1,-1,-1,-1
338,72,487,452,36,113,1,-1,-1,-1
338,96,876,439,77,210,1,-1,-1,-1
338,42,377,461,45,115,1,-1,-1,-1
338,138,902,420,144,526,1,-1,-1,-1
338,165,414,463,44,107,1,-1,-1,-1
338,185,244,404,180,420,1,-1,-1,-1
338,75,554,459,21,55,1,-1,-1,-1
338,167,1476,437,49,112,1,-1,-1,-1
338,190,531,458,20,54,1,-1,-1,-1
338,162,580,460,22,55,1,-1,-1,-1
338,194,546,458,22,58,1,-1,-1,-1
338,126,576,460,22,55,1,-1,-1,-1
338,137,594,459,20,52,1,-1,-1,-1
338,117,559,461,20,54,1,-1,-1,-1
338,198,41,443,70,346,1,-1,-1,-1
338,192,538,458,18,54,1,-1,-1,-1
338,201,848,443,24,73,1,-1,-1,-1
338,202,1049,485,39,110,1,-1,-1,-1
338,195,1848,364,56,505,1,-1,-1,-1
339,4,1062,402,192,608,1,-1,-1,-1
339,72,487,452,35,113,1,-1,-1,-1
339,42,378,460,45,116,1,-1,-1,-1
339,138,902,421,143,525,1,-1,-1,-1
339,165,413,463,44,107,1,-1,-1,-1
339,185,251,403,182,419,1,-1,-1,-1
339,75,554,459,20,55,1,-1,-1,-1
339,167,1479,436,49,112,1,-1,-1,-1
339,190,531,459,19,53,1,-1,-1,-1
339,162,581,458,22,56,1,-1,-1,-1
339,194,546,458,21,57,1,-1,-1,-1
339,126,575,459,23,56,1,-1,-1,-1
339,137,594,459,19,52,1,-1,-1,-1
339,117,559,460,21,55,1,-1,-1,-1
339,198,39,444,74,342,1,-1,-1,-1
339,192,538,458,18,54,1,-1,-1,-1
339,202,1049,484,39,111,1,-1,-1,-1
339,195,1858,386,56,492,1,-1,-1,-1
339,146,630,461,24,62,1,-1,-1,-1
340,4,1063,404,191,605,1,-1,-1,-1
340,72,487,453,35,112,1,-1,-1,-1
340,138,902,422,144,523,1,-1,-1,-1
340,165,413,463,45,106,1,-1,-1,-1
340,185,255,405,184,417,1,-1,-1,-1
340,75,552,459,21,55,1,-1,-1,-1
340,167,1481,436,49,111,1,-1,-1,-1
340,190,529,459,20,53,1,-1,-1,-1
340,162,581,457,23,58,1,-1,-1,-1
340,194,546,458,22,58,1,-1,-1,-1
340,126,575,459,23,56,1,-1,-1,-1
340,137,594,459,19,52,1,-1,-1,-1
340,117,558,460,21,55,1,-1,-1,-1
340,198,37,442,79,342,1,-1,-1,-1
340,192,539,458,17,54,1,-1,-1,-1
340,202,1049,485,39,110,1,-1,-1,-1
340,195,1865,396,54,484,1,-1,-1,-1
340,146,630,460,25,64,1,-1,-1,-1
340,197,849,447,26,74,1,-1,-1,-1
341,4,1064,403,191,606,1,-1,-1,-1
341,72,487,452,35,112,1,-1,-1,-1
341,138,902,422,144,524,1,-1,-1,-1
341,165,413,463,44,106,1,-1,-1,-1
341,185,257,407,186,414,1,-1,-1,-1
341,75,551,459,21,55,1,-1,-1,-1
341,167,1483,435,49,109,1,-1,-1,-1
341,190,529,459,20,53,1,-1,-1,-1
341,162,581,458,23,57,1,-1,-1,-1
341,194,546,458,21,58,1,-1,-1,-1
341,126,576,459,22,56,1,-1,-1,-1
341,137,594,459,20,52,1,-1,-1,-1
341,117,558,459,20,56,1,-1,-1,-1
341,198,36,441,85,342,1,-1,-1,-1
341,192,539,458,18,55,1,-1,-1,-1
341,202,1050,483,39,112,1,-1,-1,-1
341,146,630,460,25,63,1,-1,-1,-1
341,197,851,445,25,71,1,-1,-1,-1
342,4,1066,404,191,606,1,-1,-1,-1
342,72,487,452,35,113,1,-1,-1,-1
342,138,902,423,144,523,1,-1,-1,-1
342,165,413,462,45,107,1,-1,-1,-1
342,185,260,409,187,411,1,-1,-1,-1
342,75,551,459,20,55,1,-1,-1,-1
342,167,1485,434,49,109,1,-1,-1,-1
342,190,527,459,19,53,1,-1,-1,-1
342,162,581,458,22,57,1,-1,-1,-1
342,194,546,458,21,58,1,-1,-1,-1
342,126,576,459,22,56,1,-1,-1,-1
342,117,558,460,20,54,1,-1,-1,-1
342,198,34,439,90,342,1,-1,-1,-1
342,192,539,458,17,55,1,-1,-1,-1
342,202,1049,483,40,112,1,-1,-1,-1
342,146,630,460,24,62,1,-1,-1,-1
342,197,853,445,25,71,1,-1,-1,-1
343,4,1067,403,191,608,1,-1,-1,-1
343,72,486,452,35,112,1,-1,-1,-1
343,138,902,424,144,522,1,-1,-1,-1
343,165,413,462,45,107,1,-1,-1,-1
343,185,263,409,188,410,1,-1,-1,-1
343,75,551,459,21,55,1,-1,-1,-1
343,167,1487,434,51,112,1,-1,-1,-1
343,190,526,458,20,54,1,-1,-1,-1
343,162,580,460,22,55,1,-1,-1,-1
343,194,546,459,21,57,1,-1,-1,-1
343,117,558,460,20,55,1,-1,-1,-1
343,198,32,438,96,345,1,-1,-1,-1
343,192,538,457,18,55,1,-1,-1,-1
343,202,1049,482,40,113,1,-1,-1,-1
343,146,631,460,23,61,1,-1,-1,-1
343,197,855,444,26,73,1,-1,-1,-1
343,137,593,459,20,53,1,-1,-1,-1
344,4,1068,404,192,607,1,-1,-1,-1
344,72,487,453,34,111,1,-1,-1,-1
344,138,903,424,143,522,1,-1,-1,-1
344,165,412,461,46,109,1,-1,-1,-1
344,185,264,407,191,411,1,-1,-1,-1
344,75,552,459,21,56,1,-1,-1,-1
344,167,1489,435,51,113,1,-1,-1,-1
344,190,524,458,21,54,1,-1,-1,-1
344,162,581,459,22,57,1,-1,-1,-1
344,194,547,459,21,57,1,-1,-1,-1
344,117,557,461,21,54,1,-1,-1,-1
344,198,31,438,102,346,1,-1,-1,-1
344,192,537,458,18,55,1,-1,-1,-1
344,202,1049,483,40,113,1,-1,-1,-1
344,146,630,460,24,62,1,-1,-1,-1
344,197,856,443,27,75,1,-1,-1,-1
344,126,577,460,22,56,1,-1,-1,-1
345,4,1070,406,191,605,1,-1,-1,-1
345,72,486,452,34,112,1,-1,-1,-1
345,138,903,424,143,522,1,-1,-1,-1
345,165,412,460,47,109,1,-1,-1,-1
345,185,266,406,193,412,1,-1,-1,-1
345,75,551,459,21,56,1,-1,-1,-1
345,167,1492,436,51,112,1,-1,-1,-1
345,190,525,458,21,54,1,-1,-1,-1
345,162,581,461,21,54,1,-1,-1,-1
345,194,547,459,21,57,1,-1,-1,-1
345,117,557,461,21,54,1,-1,-1,-1
345,198,36,437,106,346,1,-1,-1,-1
345,192,538,457,18,56,1,-1,-1,-1
345,202,1049,482,41,115,1,-1,-1,-1
345,146,631,460,24,62,1,-1,-1,-1
345,197,857,443,26,74,1,-1,-1,-1
345,126,576,460,22,55,1,-1,-1,-1
345,137,593,460,20,53,1,-1,-1,-1
346,4,1070,403,193,610,1,-1,-1,-1
346,72,486,452,35,112,1,-1,-1,-1
346,138,903,424,143,522,1,-1,-1,-1
346,185,273,409,190,405,1,-1,-1,-1
346,75,550,459,21,55,1,-1,-1,-1
346,167,1496,436,50,111,1,-1,-1,-1
346,190,526,457,21,56,1,-1,-1,-1
346,162,581,461,21,54,1,-1,-1,-1
346,117,557,460,20,55,1,-1,-1,-1
346,198,48,437,108,345,1,-1,-1,-1
346,192,539,457,18,56,1,-1,-1,-1
346,202,1049,484,40,114,1,-1,-1,-1
346,146,631,460,24,62,1,-1,-1,-1
346,197,859,442,27,74,1,-1,-1,-1
346,126,576,460,22,55,1,-1,-1,-1
346,137,593,460,20,52,1,-1,-1,-1
347,4,1071,402,194,611,1,-1,-1,-1
347,72,486,452,34,112,1,-1,-1,-1
347,138,903,424,144,521,1,-1,-1,-1
347,185,278,408,189,403,1,-1,-1,-1
347,75,549,459,21,55,1,-1,-1,-1
347,167,1498,438,49,109,1,-1,-1,-1
347,190,525,457,21,55,1,-1,-1,-1
347,162,582,462,21,52,1,-1,-1,-1
347,117,556,460,20,55,1,-1,-1,-1
347,198,59,437,111,344,1,-1,-1,-1
347,192,539,457,18,56,1,-1,-1,-1
347,202,1049,486,40,112,1,-1,-1,-1
347,146,631,460,24,64,1,-1,-1,-1
347,197,861,442,26,74,1,-1,-1,-1
347,126,577,460,21,54,1,-1,-1,-1
347,137,593,460,20,52,1,-1,-1,-1
347,204,0,428,34,436,1,-1,-1,-1
348,4,1072,401,194,612,1,-1,-1,-1
348,72,487,453,34,111,1,-1,-1,-1
348,138,904,424,144,521,1,-1,-1,-1
348,185,287,407,187,402,1,-1,-1,-1
348,75,550,459,21,56,1,-1,-1,-1
348,167,1500,437,49,111,1,-1,-1,-1
348,190,524,457,21,56,1,-1,-1,-1
348,162,583,461,21,52,1,-1,-1,-1
348,117,556,460,20,55,1,-1,-1,-1
348,198,67,439,111,341,1,-1,-1,-1
348,192,539,457,18,57,1,-1,-1,-1
348,202,1048,486,39,111,1,-1,-1,-1
348,146,630,461,24,65,1,-1,-1,-1
348,197,863,444,26,75,1,-1,-1,-1
348,126,576,460,22,54,1,-1,-1,-1
348,137,593,460,20,52,1,-1,-1,-1
348,204,1,433,33,428,1,-1,-1,-1
349,4,1071,400,195,613,1,-1,-1,-1
349,72,487,453,34,111,1,-1,-1,-1
349,138,904,424,144,521,1,-1,-1,-1
349,185,298,405,183,402,1,-1,-1,-1
349,75,551,459,21,56,1,-1,-1,-1
349,167,1502,438,49,110,1,-1,-1,-1
349,190,524,457,22,56,1,-1,-1,-1
349,162,584,461,21,52,1,-1,-1,-1
349,117,556,460,20,56,1,-1,-1,-1
349,198,75,441,113,338,1,-1,-1,-1
349,192,538,457,19,57,1,-1,-1,-1
349,202,1048,484,39,113,1,-1,-1,-1
349,146,630,461,24,65,1,-1,-1,-1
349,197,863,443,27,76,1,-1,-1,-1
349,126,577,460,22,54,1,-1,-1,-1
349,137,592,460,20,52,1,-1,-1,-1
349,204,2,428,34,433,1,-1,-1,-1
350,4,1070,399,196,614,1,-1,-1,-1
350,72,486,453,34,111,1,-1,-1,-1
350,138,905,423,144,522,1,-1,-1,-1
350,185,312,404,178,402,1,-1,-1,-1
350,75,553,459,21,56,1,-1,-1,-1
350,167,1506,438,48,110,1,-1,-1,-1
350,190,524,458,21,55,1,-1,-1,-1
350,162,584,461,21,52,1,-1,-1,-1
350,117,557,460,20,55,1,-1,-1,-1
350,198,85,438,117,342,1,-1,-1,-1
350,192,538,457,19,56,1,-1,-1,-1
350,146,630,461,24,65,1,-1,-1,-1
350,197,868,444,27,78,1,-1,-1,-1
350,126,578,460,22,53,1,-1,-1,-1
350,137,592,460,20,51,1,-1,-1,-1
350,204,8,424,34,434,1,-1,-1,-1
350,194,549,458,21,58,1,-1,-1,-1
351,4,1069,400,196,612,1,-1,-1,-1
351,72,486,454,34,110,1,-1,-1,-1
351,138,906,423,145,522,1,-1,-1,-1
351,185,324,404,172,399,1,-1,-1,-1
351,75,553,459,20,56,1,-1,-1,-1
351,167,1509,437,47,111,1,-1,-1,-1
351,162,584,461,21,52,1,-1,-1,-1
351,117,557,460,20,55,1,-1,-1,-1
351,198,97,438,121,341,1,-1,-1,-1
351,146,630,462,23,62,1,-1,-1,-1
351,197,869,445,28,79,1,-1,-1,-1
351,126,579,460,21,53,1,-1,-1,-1
351,137,592,460,20,51,1,-1,-1,-1
351,204,13,430,35,425,1,-1,-1,-1
351,207,625,461,24,63,1,-1,-1,-1
352,4,1068,399,198,613,1,-1,-1,-1
352,72,486,454,34,110,1,-1,-1,-1
352,138,909,423,144,521,1,-1,-1,-1
352,185,336,404,167,398,1,-1,-1,-1
352,75,553,459,20,55,1,-1,-1,-1
352,167,1513,438,46,109,1,-1,-1,-1
352,162,584,461,21,52,1,-1,-1,-1
352,117,557,459,20,56,1,-1,-1,-1
352,198,104,436,127,343,1,-1,-1,-1
352,146,629,462,23,61,1,-1,-1,-1
352,197,871,446,28,78,1,-1,-1,-1
352,126,580,460,21,53,1,-1,-1,-1
352,137,592,460,20,51,1,-1,-1,-1
352,204,17,430,37,423,1,-1,-1,-1
352,207,624,462,23,60,1,-1,-1,-1
352,190,522,458,22,55,1,-1,-1,-1
352,192,537,457,19,57,1,-1,-1,-1
352,194,548,458,22,58,1,-1,-1,-1
353,4,1068,398,198,615,1,-1,-1,-1
353,72,485,454,33,109,1,-1,-1,-1
353,138,911,423,144,521,1,-1,-1,-1
353,185,346,404,161,397,1,-1,-1,-1
353,75,553,459,21,56,1,-1,-1,-1
353,167,1516,437,47,111,1,-1,-1,-1
353,162,583,461,22,53,1,-1,-1,-1
353,117,557,459,21,56,1,-1,-1,-1
353,198,110,435,132,342,1,-1,-1,-1
353,146,630,461,23,61,1,-1,-1,-1
353,197,873,447,27,77,1,-1,-1,-1
353,126,579,460,22,54,1,-1,-1,-1
353,137,592,460,20,52,1,-1,-1,-1
353,204,22,441,39,411,1,-1,-1,-1
353,207,625,461,23,61,1,-1,-1,-1
353,190,523,458,23,57,1,-1,-1,-1
353,192,536,458,19,58,1,-1,-1,-1
353,194,548,458,21,58,1,-1,-1,-1
354,4,1069,399,198,614,1,-1,-1,-1
354,72,486,455,33,106,1,-1,-1,-1
354,138,913,424,143,519,1,-1,-1,-1
354,185,358,404,157,397,1,-1,-1,-1
354,75,554,459,21,56,1,-1,-1,-1
354,167,1518,434,48,114,1,-1,-1,-1
354,162,584,460,22,54,1,-1,-1,-1
354,198,115,437,138,340,1,-1,-1,-1
354,146,630,460,23,62,1,-1,-1,-1
354,197,874,447,27,80,1,-1,-1,-1
354,126,579,460,22,54,1,-1,-1,-1
354,137,591,460,21,52,1,-1,-1,-1
354,204,26,447,43,406,1,-1,-1,-1
354,207,625,460,23,63,1,-1,-1,-1
354,190,524,458,22,57,1,-1,-1,-1
354,192,536,458,19,58,1,-1,-1,-1
354,194,548,458,21,58,1,-1,-1,-1
355,4,1069,399,198,614,1,-1,-1,-1
355,72,485,455,33,104,1,-1,-1,-1
355,138,914,424,144,518,1,-1,-1,-1
355,185,368,403,154,395,1,-1,-1,-1
355,75,554,459,21,56,1,-1,-1,-1
355,167,1521,433,48,114,1,-1,-1,-1
355,162,584,460,22,55,1,-1,-1,-1
355,198,119,437,142,339,1,-1,-1,-1
355,146,629,459,24,63,1,-1,-1,-1
355,197,874,447,28,81,1,-1,-1,-1
355,126,580,460,22,55,1,-1,-1,-1
355,137,591,460,21,53,1,-1,-1,-1
355,204,33,450,47,402,1,-1,-1,-1
355,190,524,458,22,57,1,-1,-1,-1
355,192,535,458,19,58,1,-1,-1,-1
355,194,548,458,22,58,1,-1,-1,-1
356,4,1070,398,198,614,1,-1,-1,-1
356,138,916,423,143,517,1,-1,-1,-1
356,185,379,402,153,395,1,-1,-1,-1
356,75,554,459,21,56,1,-1,-1,-1
356,167,1523,432,48,116,1,-1,-1,-1
356,162,583,460,22,55,1,-1,-1,-1
356,198,121,436,148,339,1,-1,-1,-1
356,146,629,459,24,63,1,-1,-1,-1
356,197,875,446,28,82,1,-1,-1,-1
356,126,579,460,22,54,1,-1,-1,-1
356,137,591,460,21,52,1,-1,-1,-1
356,204,43,449,55,404,1,-1,-1,-1
356,190,522,458,23,58,1,-1,-1,-1
356,192,533,458,19,58,1,-1,-1,-1
356,194,548,458,21,58,1,-1,-1,-1
356,117,557,459,21,56,1,-1,-1,-1
357,4,1070,398,199,614,1,-1,-1,-1
357,138,918,423,142,517,1,-1,-1,-1
357,185,390,402,153,395,1,-1,-1,-1
357,75,554,459,21,56,1,-1,-1,-1
357,167,1526,433,46,114,1,-1,-1,-1
357,162,583,460,23,54,1,-1,-1,-1
357,198,125,437,151,339,1,-1,-1,-1
357,146,627,458,25,66,1,-1,-1,-1
357,197,877,444,28,82,1,-1,-1,-1
357,126,579,460,21,54,1,-1,-1,-1
357,137,592,459,21,53,1,-1,-1,-1
357,204,50,446,65,408,1,-1,-1,-1
357,190,522,458,23,57,1,-1,-1,-1
357,192,533,458,20,57,1,-1,-1,-1
357,117,558,459,21,57,1,-1,-1,-1
358,4,1070,398,199,615,1,-1,-1,-1
358,138,920,422,141,518,1,-1,-1,-1
358,185,398,401,154,395,1,-1,-1,-1
358,75,555,458,21,57,1,-1,-1,-1
358,167,1529,433,46,113,1,-1,-1,-1
358,162,583,459,23,55,1,-1,-1,-1
358,198,129,437,154,339,1,-1,-1,-1
358,146,627,458,25,66,1,-1,-1,-1
358,197,879,443,27,81,1,-1,-1,-1
358,126,578,459,22,55,1,-1,-1,-1
358,137,592,459,21,53,1,-1,-1,-1
358,204,58,449,75,407,1,-1,-1,-1
358,190,524,458,22,57,1,-1,-1,-1
358,192,535,458,20,57,1,-1,-1,-1
358,117,558,458,21,57,1,-1,-1,-1
359,4,1070,399,199,613,1,-1,-1,-1
359,138,921,422,142,520,1,-1,-1,-1
359,185,405,402,158,394,1,-1,-1,-1
359,75,553,458,21,57,1,-1,-1,-1
359,167,1532,433,45,112,1,-1,-1,-1
359,162,583,460,22,54,1,-1,-1,-1
359,198,135,439,152,331,1,-1,-1,-1
359,146,627,458,25,66,1,-1,-1,-1
359,197,879,442,28,80,1,-1,-1,-1
359,126,576,459,22,55,1,-1,-1,-1
359,137,592,459,21,53,1,-1,-1,-1
359,204,60,450,85,405,1,-1,-1,-1
359,117,558,458,22,58,1,-1,-1,-1
359,42,367,457,52,132,1,-1,-1,-1
360,4,1070,399,200,614,1,-1,-1,-1
360,138,924,423,142,520,1,-1,-1,-1
360,185,408,403,160,394,1,-1,-1,-1
360,167,1535,434,46,112,1,-1,-1,-1
360,162,583,459,23,55,1,-1,-1,-1
360,198,141,438,152,329,1,-1,-1,-1
360,146,627,458,25,67,1,-1,-1,-1
360,197,879,442,27,81,1,-1,-1,-1
360,126,576,459,22,55,1,-1,-1,-1
360,137,592,459,21,53,1,-1,-1,-1
360,204,58,450,95,405,1,-1,-1,-1
360,117,558,458,21,58,1,-1,-1,-1
360,42,370,455,52,133,1,-1,-1,-1
360,194,549,458,22,57,1,-1,-1,-1
361,4,1070,399,200,613,1,-1,-1,-1
361,138,927,422,141,517,1,-1,-1,-1
361,185,410,405,162,393,1,-1,-1,-1
361,167,1537,435,47,113,1,-1,-1,-1
361,162,582,460,22,54,1,-1,-1,-1
361,198,148,438,151,329,1,-1,-1,-1
361,146,627,459,25,68,1,-1,-1,-1
361,197,879,443,27,80,1,-1,-1,-1
361,126,574,459,22,55,1,-1,-1,-1
361,137,592,459,21,53,1,-1,-1,-1
361,204,56,451,105,404,1,-1,-1,-1
361,117,558,458,21,57,1,-1,-1,-1
361,42,374,455,51,131,1,-1,-1,-1
361,194,549,458,21,57,1,-1,-1,-1
362,4,1069,399,201,613,1,-1,-1,-1
362,138,929,422,140,514,1,-1,-1,-1
362,185,412,407,166,390,1,-1,-1,-1
362,167,1541,434,46,113,1,-1,-1,-1
362,162,581,459,23,55,1,-1,-1,-1
362,198,156,438,151,329,1,-1,-1,-1
362,146,628,459,25,67,1,-1,-1,-1
362,197,879,443,27,79,1,-1,-1,-1
362,126,574,459,23,55,1,-1,-1,-1
362,137,592,459,21,53,1,-1,-1,-1
362,204,53,448,116,407,1,-1,-1,-1
362,42,376,457,46,118,1,-1,-1,-1
362,194,548,458,21,56,1,-1,-1,-1
362,75,554,457,22,58,1,-1,-1,-1
363,4,1070,400,201,611,1,-1,-1,-1
363,138,930,421,141,512,1,-1,-1,-1
363,185,412,406,169,391,1,-1,-1,-1
363,167,1541,433,47,116,1,-1,-1,-1
363,162,581,458,23,56,1,-1,-1,-1
363,198,166,437,148,330,1,-1,-1,-1
363,197,879,443,27,78,1,-1,-1,-1
363,126,574,459,22,55,1,-1,-1,-1
363,137,592,459,22,54,1,-1,-1,-1
363,204,50,447,126,407,1,-1,-1,-1
363,42,376,459,46,114,1,-1,-1,-1
363,194,549,457,21,58,1,-1,-1,-1
363,75,555,457,21,58,1,-1,-1,-1
364,4,1069,398,203,615,1,-1,-1,-1
364,138,932,420,140,512,1,-1,-1,-1
364,185,412,407,171,389,1,-1,-1,-1
364,167,1543,433,46,115,1,-1,-1,-1
364,162,581,459,23,55,1,-1,-1,-1
364,198,179,438,146,328,1,-1,-1,-1
364,197,880,443,27,78,1,-1,-1,-1
364,126,573,459,22,55,1,-1,-1,-1
364,137,592,459,21,54,1,-1,-1,-1
364,204,48,446,135,408,1,-1,-1,-1
364,42,376,460,46,115,1,-1,-1,-1
364,194,548,457,21,58,1,-1,-1,-1
364,75,555,457,21,58,1,-1,-1,-1
364,146,629,459,25,66,1,-1,-1,-1
365,4,1070,400,202,612,1,-1,-1,-1
365,138,933,420,141,512,1,-1,-1,-1
365,185,413,409,172,384,1,-1,-1,-1
365,167,1545,431,46,115,1,-1,-1,-1
365,162,581,459,23,55,1,-1,-1,-1
365,198,191,439,142,326,1,-1,-1,-1
365,197,882,442,27,80,1,-1,-1,-1
365,126,572,459,23,56,1,-1,-1,-1
365,137,592,459,21,54,1,-1,-1,-1
365,204,49,444,143,408,1,-1,-1,-1
365,42,376,460,47,116,1,-1,-1,-1
365,194,547,458,21,58,1,-1,-1,-1
365,75,555,458,21,58,1,-1,-1,-1
365,146,629,458,25,67,1,-1,-1,-1
366,4,1070,401,203,610,1,-1,-1,-1
366,138,934,421,141,514,1,-1,-1,-1
366,185,416,409,172,380,1,-1,-1,-1
366,167,1546,432,45,112,1,-1,-1,-1
366,162,581,459,23,55,1,-1,-1,-1
366,198,201,438,140,328,1,-1,-1,-1
366,197,883,443,27,80,1,-1,-1,-1
366,126,572,460,23,55,1,-1,-1,-1
366,137,593,459,21,55,1,-1,-1,-1
366,204,52,441,148,405,1,-1,-1,-1
366,42,376,461,47,115,1,-1,-1,-1
366,146,629,458,25,67,1,-1,-1,-1
366,212,597,459,21,54,1,-1,-1,-1
367,4,1070,401,203,610,1,-1,-1,-1
367,138,934,421,143,515,1,-1,-1,-1
367,185,418,409,174,379,1,-1,-1,-1
367,167,1546,432,45,112,1,-1,-1,-1
367,162,582,460,22,54,1,-1,-1,-1
367,198,212,437,136,327,1,-1,-1,-1
367,197,883,443,28,81,1,-1,-1,-1
367,126,574,460,22,55,1,-1,-1,-1
367,137,594,460,20,53,1,-1,-1,-1
367,204,59,441,149,396,1,-1,-1,-1
367,42,375,461,48,116,1,-1,-1,-1
367,146,628,458,26,67,1,-1,-1,-1
367,212,598,459,20,54,1,-1,-1,-1
367,165,412,461,46,111,1,-1,-1,-1
368,4,1069,400,205,612,1,-1,-1,-1
368,138,935,420,143,516,1,-1,-1,-1
368,185,420,407,176,380,1,-1,-1,-1
368,167,1547,431,44,113,1,-1,-1,-1
368,198,224,437,134,325,1,-1,-1,-1
368,197,883,443,28,81,1,-1,-1,-1
368,126,575,460,22,54,1,-1,-1,-1
368,137,595,459,20,54,1,-1,-1,-1
368,204,71,442,149,391,1,-1,-1,-1
368,42,375,462,48,116,1,-1,-1,-1
368,146,628,457,26,68,1,-1,-1,-1
368,212,599,458,21,54,1,-1,-1,-1
368,165,412,462,44,108,1,-1,-1,-1
369,4,1070,401,204,608,1,-1,-1,-1
369,138,936,421,143,515,1,-1,-1,-1
369,185,422,407,177,378,1,-1,-1,-1
369,167,1546,432,45,113,1,-1,-1,-1
369,198,234,433,136,328,1,-1,-1,-1
369,197,883,443,28,81,1,-1,-1,-1
369,126,573,461,22,54,1,-1,-1,-1
369,137,594,460,21,54,1,-1,-1,-1
369,204,86,442,147,386,1,-1,-1,-1
369,42,374,462,49,116,1,-1,-1,-1
369,146,628,456,26,69,1,-1,-1,-1
369,165,412,463,42,106,1,-1,-1,-1
370,4,1070,399,205,612,1,-1,-1,-1
370,138,937,420,142,515,1,-1,-1,-1
370,185,425,408,176,376,1,-1,-1,-1
370,167,1547,431,45,114,1,-1,-1,-1
370,198,243,436,137,325,1,-1,-1,-1
370,197,884,443,27,80,1,-1,-1,-1
370,126,573,461,22,54,1,-1,-1,-1
370,137,594,460,20,53,1,-1,-1,-1
370,204,104,440,145,385,1,-1,-1,-1
370,42,374,463,48,115,1,-1,-1,-1
370,146,628,456,26,69,1,-1,-1,-1
370,165,411,464,42,107,1,-1,-1,-1
370,213,0,420,44,391,1,-1,-1,-1
370,162,580,462,21,53,1,-1,-1,-1
371,4,1070,399,206,613,1,-1,-1,-1
371,138,939,420,142,515,1,-1,-1,-1
371,185,431,407,175,376,1,-1,-1,-1
371,167,1549,432,45,114,1,-1,-1,-1
371,198,250,438,138,322,1,-1,-1,-1
371,197,883,443,27,78,1,-1,-1,-1
371,126,573,462,22,54,1,-1,-1,-1
371,137,594,461,20,53,1,-1,-1,-1
371,204,118,441,143,382,1,-1,-1,-1
371,42,374,464,47,113,1,-1,-1,-1
371,146,628,456,26,69,1,-1,-1,-1
371,165,411,465,42,106,1,-1,-1,-1
371,213,2,450,42,362,1,-1,-1,-1
372,4,1070,399,207,612,1,-1,-1,-1
372,138,942,420,141,516,1,-1,-1,-1
372,185,439,406,173,377,1,-1,-1,-1
372,167,1552,436,43,110,1,-1,-1,-1
372,198,256,440,139,321,1,-1,-1,-1
372,197,882,443,27,77,1,-1,-1,-1
372,204,131,441,141,380,1,-1,-1,-1
372,42,374,464,48,113,1,-1,-1,-1
372,146,628,456,26,69,1,-1,-1,-1
372,165,411,465,42,107,1,-1,-1,-1
372,213,3,440,42,371,1,-1,-1,-1
373,4,1071,399,208,613,1,-1,-1,-1
373,138,945,420,141,517,1,-1,-1,-1
373,185,451,406,170,374,1,-1,-1,-1
373,167,1555,437,42,109,1,-1,-1,-1
373,198,258,434,143,324,1,-1,-1,-1
373,197,882,443,27,77,1,-1,-1,-1
373,204,145,439,142,382,1,-1,-1,-1
373,42,374,464,48,114,1,-1,-1,-1
373,146,629,456,25,66,1,-1,-1,-1
373,165,412,467,41,106,1,-1,-1,-1
373,213,4,445,42,367,1,-1,-1,-1
373,207,625,458,24,62,1,-1,-1,-1
374,4,1071,399,209,614,1,-1,-1,-1
374,138,949,420,139,517,1,-1,-1,-1
374,185,466,408,164,369,1,-1,-1,-1
374,167,1557,438,42,108,1,-1,-1,-1
374,198,262,437,142,316,1,-1,-1,-1
374,204,159,437,144,381,1,-1,-1,-1
374,42,374,464,48,114,1,-1,-1,-1
374,146,628,456,25,66,1,-1,-1,-1
374,165,412,466,41,106,1,-1,-1,-1
374,213,7,442,43,372,1,-1,-1,-1
375,4,1074,400,209,611,1,-1,-1,-1
375,138,952,420,139,516,1,-1,-1,-1
375,185,478,407,160,367,1,-1,-1,-1
375,167,1560,438,41,107,1,-1,-1,-1
375,198,267,436,145,314,1,-1,-1,-1
375,204,170,439,147,378,1,-1,-1,-1
375,42,374,463,49,115,1,-1,-1,-1
375,146,629,458,25,65,1,-1,-1,-1
375,165,412,467,41,105,1,-1,-1,-1
375,213,8,443,45,374,1,-1,-1,-1
375,72,476,457,29,88,1,-1,-1,-1
376,4,1075,401,209,609,1,-1,-1,-1
376,138,954,420,138,516,1,-1,-1,-1
376,185,489,406,156,364,1,-1,-1,-1
376,167,1559,438,41,107,1,-1,-1,-1
376,198,270,435,146,311,1,-1,-1,-1
376,204,175,441,151,377,1,-1,-1,-1
376,42,374,463,49,116,1,-1,-1,-1
376,165,412,467,42,105,1,-1,-1,-1
376,213,15,446,46,368,1,-1,-1,-1
376,72,475,457,28,87,1,-1,-1,-1
376,197,885,442,28,78,1,-1,-1,-1
377,4,1075,400,210,610,1,-1,-1,-1
377,138,956,420,139,517,1,-1,-1,-1
377,185,500,407,153,363,1,-1,-1,-1
377,167,1559,437,41,107,1,-1,-1,-1
377,198,276,435,147,312,1,-1,-1,-1
377,204,179,440,155,378,1,-1,-1,-1
377,42,375,463,49,115,1,-1,-1,-1
377,165,412,467,42,105,1,-1,-1,-1
377,213,25,439,51,373,1,-1,-1,-1
377,72,473,455,31,95,1,-1,-1,-1
377,197,884,441,27,79,1,-1,-1,-1
378,4,1076,400,210,610,1,-1,-1,-1
378,138,958,421,138,516,1,-1,-1,-1
378,185,508,407,152,364,1,-1,-1,-1
378,198,278,435,148,311,1,-1,-1,-1
378,204,180,439,161,379,1,-1,-1,-1
378,165,412,466,42,105,1,-1,-1,-1
378,213,35,433,58,377,1,-1,-1,-1
378,72,472,453,34,104,1,-1,-1,-1
378,197,883,441,28,79,1,-1,-1,-1
379,4,1076,404,210,606,1,-1,-1,-1
379,138,960,421,138,516,1,-1,-1,-1
379,185,514,407,150,364,1,-1,-1,-1
379,198,290,438,144,305,1,-1,-1,-1
379,204,179,442,164,377,1,-1,-1,-1
379,165,412,465,43,106,1,-1,-1,-1
379,213,42,431,65,378,1,-1,-1,-1
379,72,471,454,36,107,1,-1,-1,-1
379,197,883,440,28,79,1,-1,-1,-1
380,4,1076,404,211,605,1,-1,-1,-1
380,138,963,419,138,519,1,-1,-1,-1
380,185,522,406,148,365,1,-1,-1,-1
380,198,300,440,141,303,1,-1,-1,-1
380,204,182,443,168,375,1,-1,-1,-1
380,165,413,465,43,106,1,-1,-1,-1
380,213,45,435,72,375,1,-1,-1,-1
380,72,471,455,35,107,1,-1,-1,-1
380,197,883,440,28,79,1,-1,-1,-1
381,4,1077,405,211,603,1,-1,-1,-1
381,138,965,420,138,518,1,-1,-1,-1
381,185,529,405,148,365,1,-1,-1,-1
381,198,311,439,139,304,1,-1,-1,-1
381,204,184,441,172,375,1,-1,-1,-1
381,165,413,465,43,104,1,-1,-1,-1
381,213,46,437,79,372,1,-1,-1,-1
381,72,471,455,35,108,1,-1,-1,-1
381,197,883,440,29,80,1,-1,-1,-1
381,218,481,456,34,110,1,-1,-1,-1
382,4,1078,405,212,604,1,-1,-1,-1
382,138,967,419,138,519,1,-1,-1,-1
382,185,535,403,146,365,1,-1,-1,-1
382,198,323,442,133,300,1,-1,-1,-1
382,204,191,444,172,367,1,-1,-1,-1
382,165,414,465,42,103,1,-1,-1,-1
382,213,46,435,87,373,1,-1,-1,-1
382,72,473,454,36,110,1,-1,-1,-1
382,197,885,441,28,76,1,-1,-1,-1
382,218,487,456,30,95,1,-1,-1,-1
382,219,707,451,29,70,1,-1,-1,-1
383,4,1078,404,213,605,1,-1,-1,-1
383,138,968,419,138,519,1,-1,-1,-1
383,185,538,403,146,365,1,-1,-1,-1
383,198,332,445,130,298,1,-1,-1,-1
383,204,199,444,172,365,1,-1,-1,-1
383,213,48,434,96,374,1,-1,-1,-1
383,72,472,453,35,111,1,-1,-1,-1
383,197,886,441,26,75,1,-1,-1,-1
383,218,493,456,26,84,1,-1,-1,-1
383,219,707,450,29,72,1,-1,-1,-1
384,4,1079,399,215,612,1,-1,-1,-1
384,138,970,419,138,519,1,-1,-1,-1
384,185,542,405,145,362,1,-1,-1,-1
384,198,340,442,129,302,1,-1,-1,-1
384,204,204,441,172,367,1,-1,-1,-1
384,213,47,434,105,373,1,-1,-1,-1
384,72,472,453,35,111,1,-1,-1,-1
384,197,885,441,27,75,1,-1,-1,-1
384,218,493,455,26,81,1,-1,-1,-1
384,219,706,449,30,75,1,-1,-1,-1
385,4,1078,397,217,614,1,-1,-1,-1
385,138,972,419,137,517,1,-1,-1,-1
385,185,545,406,145,361,1,-1,-1,-1
385,198,349,443,127,299,1,-1,-1,-1
385,204,213,441,169,364,1,-1,-1,-1
385,213,45,433,113,373,1,-1,-1,-1
385,72,471,453,35,110,1,-1,-1,-1
385,197,886,440,26,75,1,-1,-1,-1
385,218,494,456,24,76,1,-1,-1,-1
385,219,706,449,30,75,1,-1,-1,-1
385,222,946,437,74,198,1,-1,-1,-1
385,190,519,456,28,74,1,-1,-1,-1
386,4,1078,395,218,617,1,-1,-1,-1
386,138,973,420,136,515,1,-1,-1,-1
386,185,548,409,144,357,1,-1,-1,-1
386,198,361,443,125,298,1,-1,-1,-1
386,204,225,442,165,362,1,-1,-1,-1
386,213,42,435,121,371,1,-1,-1,-1
386,72,470,453,35,109,1,-1,-1,-1
386,197,885,441,26,74,1,-1,-1,-1
386,218,495,457,24,75,1,-1,-1,-1
386,219,706,450,30,74,1,-1,-1,-1
386,222,944,436,73,196,1,-1,-1,-1
386,190,519,457,28,74,1,-1,-1,-1
387,4,1078,394,219,619,1,-1,-1,-1
387,138,974,420,135,514,1,-1,-1,-1
387,185,549,409,144,358,1,-1,-1,-1
387,198,371,442,128,298,1,-1,-1,-1
387,204,240,440,159,361,1,-1,-1,-1
387,213,41,435,128,370,1,-1,-1,-1
387,72,470,455,34,107,1,-1,-1,-1
387,197,884,440,26,74,1,-1,-1,-1
387,218,495,457,23,72,1,-1,-1,-1
387,219,706,450,30,74,1,-1,-1,-1
387,222,937,433,72,193,1,-1,-1,-1
387,190,520,456,27,70,1,-1,-1,-1
388,4,1078,394,220,617,1,-1,-1,-1
388,138,973,422,136,514,1,-1,-1,-1
388,185,550,410,144,356,1,-1,-1,-1
388,198,379,441,132,301,1,-1,-1,-1
388,204,252,440,156,360,1,-1,-1,-1
388,213,46,435,132,369,1,-1,-1,-1
388,197,884,439,27,75,1,-1,-1,-1
388,218,496,458,23,72,1,-1,-1,-1
388,219,707,451,29,73,1,-1,-1,-1
388,222,934,432,70,188,1,-1,-1,-1
388,190,522,457,26,69,1,-1,-1,-1
389,4,1078,394,221,616,1,-1,-1,-1
389,138,973,422,136,515,1,-1,-1,-1
389,185,553,411,142,354,1,-1,-1,-1
389,198,383,441,135,300,1,-1,-1,-1
389,204,264,440,151,359,1,-1,-1,-1
389,213,52,432,137,369,1,-1,-1,-1
389,197,885,439,26,75,1,-1,-1,-1
389,218,495,458,23,70,1,-1,-1,-1
389,219,707,450,29,74,1,-1,-1,-1
389,222,930,432,68,185,1,-1,-1,-1
389,190,524,456,25,68,1,-1,-1,-1
390,4,1079,393,221,617,1,-1,-1,-1
390,138,974,422,134,512,1,-1,-1,-1
390,185,557,411,141,351,1,-1,-1,-1
390,198,385,440,139,302,1,-1,-1,-1
390,204,272,442,147,356,1,-1,-1,-1
390,213,60,433,140,365,1,-1,-1,-1
390,197,885,439,26,75,1,-1,-1,-1
390,218,495,458,23,69,1,-1,-1,-1
390,219,707,450,28,72,1,-1,-1,-1
390,222,927,430,68,185,1,-1,-1,-1
390,190,523,455,25,67,1,-1,-1,-1
390,75,552,453,25,68,1,-1,-1,-1
391,4,1078,392,224,619,1,-1,-1,-1
391,138,974,423,135,513,1,-1,-1,-1
391,185,562,409,140,352,1,-1,-1,-1
391,198,385,441,140,296,1,-1,-1,-1
391,204,287,444,143,354,1,-1,-1,-1
391,213,68,432,143,366,1,-1,-1,-1
391,197,885,439,26,74,1,-1,-1,-1
391,218,494,458,24,70,1,-1,-1,-1
391,219,708,450,28,71,1,-1,-1,-1
391,222,924,431,67,182,1,-1,-1,-1
391,190,523,455,25,66,1,-1,-1,-1
391,75,552,454,25,65,1,-1,-1,-1
391,194,547,453,24,65,1,-1,-1,-1
392,4,1077,393,225,617,1,-1,-1,-1
392,138,974,424,135,513,1,-1,-1,-1
392,185,569,409,137,352,1,-1,-1,-1
392,198,388,442,142,294,1,-1,-1,-1
392,204,299,443,143,356,1,-1,-1,-1
392,213,77,432,146,366,1,-1,-1,-1
392,197,884,439,26,73,1,-1,-1,-1
392,219,708,449,28,71,1,-1,-1,-1
392,222,923,432,67,183,1,-1,-1,-1
392,190,523,455,25,66,1,-1,-1,-1
392,75,554,453,23,64,1,-1,-1,-1
392,194,546,453,24,64,1,-1,-1,-1
393,4,1077,393,224,616,1,-1,-1,-1
393,138,975,423,134,512,1,-1,-1,-1
393,185,577,407,134,351,1,-1,-1,-1
393,198,393,442,144,293,1,-1,-1,-1
393,204,308,442,143,356,1,-1,-1,-1
393,213,83,430,147,366,1,-1,-1,-1
393,197,884,439,26,73,1,-1,-1,-1
393,219,709,449,27,70,1,-1,-1,-1
393,222,921,434,66,183,1,-1,-1,-1
393,190,523,454,25,67,1,-1,-1,-1
393,75,553,454,23,62,1,-1,-1,-1
393,194,544,453,24,63,1,-1,-1,-1
393,227,529,455,26,66,1,-1,-1,-1
393,228,538,452,25,69,1,-1,-1,-1
394,4,1077,395,224,614,1,-1,-1,-1
394,138,976,424,134,510,1,-1,-1,-1
394,185,585,408,131,346,1,-1,-1,-1
394,198,400,442,144,292,1,-1,-1,-1
394,204,314,443,143,353,1,-1,-1,-1
394,213,88,431,149,365,1,-1,-1,-1
394,197,885,439,25,73,1,-1,-1,-1
394,219,709,449,27,69,1,-1,-1,-1
394,222,917,436,66,181,1,-1,-1,-1
394,190,523,455,25,65,1,-1,-1,-1
394,75,553,454,22,61,1,-1,-1,-1
394,194,544,453,23,63,1,-1,-1,-1
394,227,528,455,26,65,1,-1,-1,-1
394,228,539,453,24,67,1,-1,-1,-1
395,4,1077,395,223,614,1,-1,-1,-1
395,138,976,423,134,511,1,-1,-1,-1
395,185,593,409,127,343,1,-1,-1,-1
395,198,404,442,145,293,1,-1,-1,-1
395,204,319,444,145,352,1,-1,-1,-1
395,213,95,433,149,361,1,-1,-1,-1
395,197,886,439,25,74,1,-1,-1,-1
395,219,709,449,26,69,1,-1,-1,-1
395,222,915,437,63,178,1,-1,-1,-1
395,190,523,456,25,65,1,-1,-1,-1
395,75,553,456,22,60,1,-1,-1,-1
395,194,544,455,23,62,1,-1,-1,-1
395,227,528,457,26,65,1,-1,-1,-1
395,228,540,455,24,66,1,-1,-1,-1
396,4,1076,395,223,614,1,-1,-1,-1
396,138,976,423,134,511,1,-1,-1,-1
396,185,599,408,125,343,1,-1,-1,-1
396,198,409,441,145,296,1,-1,-1,-1
396,204,323,445,147,352,1,-1,-1,-1
396,213,105,436,150,357,1,-1,-1,-1
396,197,884,440,26,74,1,-1,-1,-1
396,222,912,438,62,175,1,-1,-1,-1
396,190,523,457,24,65,1,-1,-1,-1
396,75,553,456,23,61,1,-1,-1,-1
396,194,545,456,22,62,1,-1,-1,-1
396,227,530,458,26,64,1,-1,-1,-1
396,228,541,456,23,66,1,-1,-1,-1
396,162,573,460,25,64,1,-1,-1,-1
397,4,1075,397,223,613,1,-1,-1,-1
397,138,977,424,133,510,1,-1,-1,-1
397,185,604,408,124,344,1,-1,-1,-1
397,198,412,439,144,295,1,-1,-1,-1
397,204,326,442,151,355,1,-1,-1,-1
397,213,118,436,153,357,1,-1,-1,-1
397,222,910,439,62,174,1,-1,-1,-1
397,190,522,457,24,65,1,-1,-1,-1
397,75,555,456,22,60,1,-1,-1,-1
397,194,545,456,23,61,1,-1,-1,-1
397,227,531,457,25,65,1,-1,-1,-1
397,228,542,455,23,66,1,-1,-1,-1
398,4,1073,395,223,614,1,-1,-1,-1
398,138,976,423,134,511,1,-1,-1,-1
398,185,610,410,121,340,1,-1,-1,-1
398,198,417,439,142,294,1,-1,-1,-1
398,204,329,442,152,353,1,-1,-1,-1
398,213,129,438,154,355,1,-1,-1,-1
398,222,906,439,62,173,1,-1,-1,-1
398,228,543,457,22,63,1,-1,-1,-1
399,4,1072,394,223,615,1,-1,-1,-1
399,138,977,422,133,512,1,-1,-1,-1
399,185,613,409,121,340,1,-1,-1,-1
399,198,431,441,137,291,1,-1,-1,-1
399,204,331,443,153,351,1,-1,-1,-1
399,213,139,439,157,355,1,-1,-1,-1
399,222,905,439,60,171,1,-1,-1,-1
399,228,543,458,22,62,1,-1,-1,-1
400,4,1070,394,223,617,1,-1,-1,-1
400,138,977,422,133,512,1,-1,-1,-1
400,185,620,408,120,339,1,-1,-1,-1
400,198,444,437,134,294,1,-1,-1,-1
400,204,334,443,153,346,1,-1,-1,-1
400,213,146,440,161,355,1,-1,-1,-1
400,222,903,438,60,172,1,-1,-1,-1
400,229,588,461,24,71,1,-1,-1,-1
401,4,1070,395,222,616,1,-1,-1,-1
401,138,977,422,133,512,1,-1,-1,-1
401,185,631,406,122,339,1,-1,-1,-1
401,198,455,437,130,295,1,-1,-1,-1
401,204,338,444,151,343,1,-1,-1,-1
401,213,152,438,166,357,1,-1,-1,-1
401,222,902,437,60,173,1,-1,-1,-1
401,229,588,460,26,75,1,-1,-1,-1
402,4,1067,392,223,619,1,-1,-1,-1
402,138,977,422,133,512,1,-1,-1,-1
402,185,638,403,124,342,1,-1,-1,-1
402,198,465,440,125,291,1,-1,-1,-1
402,204,344,446,150,341,1,-1,-1,-1
402,213,158,435,169,358,1,-1,-1,-1
402,222,900,436,61,175,1,-1,-1,-1
402,229,589,461,25,71,1,-1,-1,-1
403,4,1066,392,221,619,1,-1,-1,-1
403,138,978,423,133,511,1,-1,-1,-1
403,185,643,402,126,342,1,-1,-1,-1
403,198,476,436,123,292,1,-1,-1,-1
403,204,352,445,147,338,1,-1,-1,-1
403,213,162,435,171,353,1,-1,-1,-1
403,222,899,437,60,175,1,-1,-1,-1
403,229,586,461,26,74,1,-1,-1,-1
404,4,1066,395,219,617,1,-1,-1,-1
404,138,978,423,133,511,1,-1,-1,-1
404,185,647,402,129,344,1,-1,-1,-1
404,198,489,435,122,291,1,-1,-1,-1
404,204,360,444,143,337,1,-1,-1,-1
404,213,165,434,172,352,1,-1,-1,-1
404,222,896,438,60,175,1,-1,-1,-1
405,4,1064,395,218,615,1,-1,-1,-1
405,138,979,423,133,511,1,-1,-1,-1
405,185,650,402,131,344,1,-1,-1,-1
405,198,498,438,122,289,1,-1,-1,-1
405,204,371,447,138,329,1,-1,-1,-1
405,213,168,434,174,353,1,-1,-1,-1
405,222,892,438,60,175,1,-1,-1,-1
406,4,1064,395,216,617,1,-1,-1,-1
406,138,980,423,132,511,1,-1,-1,-1
406,185,651,404,132,343,1,-1,-1,-1
406,198,503,438,124,291,1,-1,-1,-1
406,204,385,446,134,326,1,-1,-1,-1
406,213,173,435,174,352,1,-1,-1,-1
406,222,889,438,59,174,1,-1,-1,-1
406,42,378,461,42,96,1,-1,-1,-1
407,4,1063,397,214,616,1,-1,-1,-1
407,138,980,423,132,511,1,-1,-1,-1
407,185,651,406,134,341,1,-1,-1,-1
407,198,507,440,125,288,1,-1,-1,-1
407,204,397,445,130,327,1,-1,-1,-1
407,213,180,435,173,349,1,-1,-1,-1
407,222,886,439,58,172,1,-1,-1,-1
407,42,379,461,42,95,1,-1,-1,-1
408,4,1063,397,213,617,1,-1,-1,-1
408,138,980,423,132,512,1,-1,-1,-1
408,185,652,406,136,340,1,-1,-1,-1
408,198,510,440,126,286,1,-1,-1,-1
408,204,405,444,127,326,1,-1,-1,-1
408,213,189,434,170,346,1,-1,-1,-1
408,222,881,438,59,172,1,-1,-1,-1
408,42,380,462,42,95,1,-1,-1,-1
409,4,1063,398,212,616,1,-1,-1,-1
409,138,981,423,132,512,1,-1,-1,-1
409,185,652,405,138,340,1,-1,-1,-1
409,198,513,440,126,285,1,-1,-1,-1
409,204,413,446,125,323,1,-1,-1,-1
409,213,200,436,166,341,1,-1,-1,-1
409,222,878,439,59,171,1,-1,-1,-1
409,42,379,462,45,102,1,-1,-1,-1
410,4,1063,399,210,616,1,-1,-1,-1
410,138,981,422,132,513,1,-1,-1,-1
410,185,653,403,138,340,1,-1,-1,-1
410,198,514,437,129,289,1,-1,-1,-1
410,204,421,442,126,328,1,-1,-1,-1
410,213,212,435,164,342,1,-1,-1,-1
410,222,876,438,60,171,1,-1,-1,-1
410,42,379,462,47,107,1,-1,-1,-1
411,4,1062,402,207,614,1,-1,-1,-1
411,138,982,422,132,513,1,-1,-1,-1
411,185,653,404,139,338,1,-1,-1,-1
411,198,517,435,130,291,1,-1,-1,-1
411,204,429,441,126,328,1,-1,-1,-1
411,213,225,431,161,344,1,-1,-1,-1
411,222,875,437,60,172,1,-1,-1,-1
411,42,379,463,48,111,1,-1,-1,-1
411,235,951,450,23,77,1,-1,-1,-1
412,4,1061,400,205,615,1,-1,-1,-1
412,138,983,422,131,513,1,-1,-1,-1
412,185,653,402,141,339,1,-1,-1,-1
412,198,520,435,130,291,1,-1,-1,-1
412,204,435,440,128,328,1,-1,-1,-1
412,213,240,429,156,342,1,-1,-1,-1
412,222,873,437,61,172,1,-1,-1,-1
412,42,378,463,50,116,1,-1,-1,-1
412,235,952,450,24,78,1,-1,-1,-1
413,4,1060,403,204,614,1,-1,-1,-1
413,138,983,422,131,513,1,-1,-1,-1
413,185,654,402,142,339,1,-1,-1,-1
413,198,527,433,129,289,1,-1,-1,-1
413,204,442,440,130,328,1,-1,-1,-1
413,213,253,430,152,341,1,-1,-1,-1
413,222,871,437,61,172,1,-1,-1,-1
413,42,378,463,50,117,1,-1,-1,-1
413,235,954,449,23,77,1,-1,-1,-1
414,4,1061,406,201,611,1,-1,-1,-1
414,138,984,422,130,512,1,-1,-1,-1
414,185,657,403,141,336,1,-1,-1,-1
414,198,537,433,125,287,1,-1,-1,-1
414,204,447,442,132,325,1,-1,-1,-1
414,213,261,431,149,342,1,-1,-1,-1
414,222,868,438,60,171,1,-1,-1,-1
414,42,378,462,49,118,1,-1,-1,-1
414,235,957,448,23,76,1,-1,-1,-1
414,236,932,445,26,74,1,-1,-1,-1
415,4,1060,407,199,610,1,-1,-1,-1
415,138,985,422,130,513,1,-1,-1,-1
415,185,661,404,140,333,1,-1,-1,-1
415,198,545,434,123,284,1,-1,-1,-1
415,204,448,442,134,323,1,-1,-1,-1
415,213,272,428,146,342,1,-1,-1,-1
415,222,865,438,60,171,1,-1,-1,-1
415,42,377,463,49,117,1,-1,-1,-1
415,235,958,446,23,76,1,-1,-1,-1
415,236,932,444,26,74,1,-1,-1,-1
416,4,1059,406,198,613,1,-1,-1,-1
416,138,986,422,130,513,1,-1,-1,-1
416,185,666,406,139,329,1,-1,-1,-1
416,198,553,434,119,282,1,-1,-1,-1
416,204,450,442,135,323,1,-1,-1,-1
416,213,284,430,144,337,1,-1,-1,-1
416,222,862,437,61,173,1,-1,-1,-1
416,42,377,463,48,115,1,-1,-1,-1
416,235,959,445,23,75,1,-1,-1,-1
416,236,932,443,26,75,1,-1,-1,-1
416,237,412,465,39,101,1,-1,-1,-1
417,4,1058,406,198,614,1,-1,-1,-1
417,138,988,421,130,515,1,-1,-1,-1
417,185,675,406,136,326,1,-1,-1,-1
417,198,562,434,117,282,1,-1,-1,-1
417,204,450,443,138,321,1,-1,-1,-1
417,213,291,429,145,336,1,-1,-1,-1
417,222,860,437,60,174,1,-1,-1,-1
417,235,962,445,23,75,1,-1,-1,-1
417,236,933,443,26,74,1,-1,-1,-1
417,237,413,465,37,97,1,-1,-1,-1
418,4,1057,405,198,614,1,-1,-1,-1
418,138,989,421,130,515,1,-1,-1,-1
418,185,681,407,134,325,1,-1,-1,-1
418,198,572,433,115,285,1,-1,-1,-1
418,204,451,443,139,320,1,-1,-1,-1
418,213,297,431,146,334,1,-1,-1,-1
418,222,858,436,60,176,1,-1,-1,-1
418,235,964,446,23,76,1,-1,-1,-1
418,236,933,444,25,71,1,-1,-1,-1
419,4,1055,405,198,616,1,-1,-1,-1
419,138,991,419,130,515,1,-1,-1,-1
419,185,688,407,132,325,1,-1,-1,-1
419,198,579,435,113,285,1,-1,-1,-1
419,204,454,442,140,320,1,-1,-1,-1
419,213,301,438,146,326,1,-1,-1,-1
419,222,857,436,60,177,1,-1,-1,-1
419,235,964,446,25,78,1,-1,-1,-1
419,236,934,444,25,71,1,-1,-1,-1
420,4,1053,404,198,619,1,-1,-1,-1
420,138,991,419,132,515,1,-1,-1,-1
420,185,694,407,130,324,1,-1,-1,-1
420,198,589,439,107,277,1,-1,-1,-1
420,204,456,442,140,320,1,-1,-1,-1
420,213,303,442,146,323,1,-1,-1,-1
420,222,855,435,60,177,1,-1,-1,-1
420,236,933,443,26,74,1,-1,-1,-1
420,238,1135,420,151,487,1,-1,-1,-1
421,4,1051,402,199,623,1,-1,-1,-1
421,138,992,420,131,517,1,-1,-1,-1
421,185,700,409,126,321,1,-1,-1,-1
421,198,598,439,107,276,1,-1,-1,-1
421,204,460,441,139,320,1,-1,-1,-1
421,213,307,443,151,323,1,-1,-1,-1
421,222,853,435,59,174,1,-1,-1,-1
421,236,934,443,26,73,1,-1,-1,-1
421,238,1133,410,158,508,1,-1,-1,-1
422,4,1051,402,199,625,1,-1,-1,-1
422,138,995,427,130,512,1,-1,-1,-1
422,185,705,410,123,318,1,-1,-1,-1
422,198,607,439,107,275,1,-1,-1,-1
422,204,464,441,138,319,1,-1,-1,-1
422,213,311,441,155,325,1,-1,-1,-1
422,222,852,435,57,173,1,-1,-1,-1
422,236,934,443,26,72,1,-1,-1,-1
422,238,1137,406,158,513,1,-1,-1,-1
423,4,1051,399,200,629,1,-1,-1,-1
423,138,996,433,129,507,1,-1,-1,-1
423,185,709,410,121,318,1,-1,-1,-1
423,198,616,440,109,274,1,-1,-1,-1
423,204,474,443,135,317,1,-1,-1,-1
423,213,314,440,159,325,1,-1,-1,-1
423,222,850,436,56,169,1,-1,-1,-1
423,236,934,443,26,72,1,-1,-1,-1
423,238,1140,402,161,518,1,-1,-1,-1
424,4,1051,398,202,634,1,-1,-1,-1
424,138,996,436,128,504,1,-1,-1,-1
424,185,714,409,120,318,1,-1,-1,-1
424,198,621,440,112,274,1,-1,-1,-1
424,204,483,442,132,317,1,-1,-1,-1
424,213,318,439,160,327,1,-1,-1,-1
424,222,849,437,55,167,1,-1,-1,-1
424,236,934,443,26,73,1,-1,-1,-1
424,238,1144,402,161,517,1,-1,-1,-1
425,4,1051,404,201,633,1,-1,-1,-1
425,138,997,438,128,504,1,-1,-1,-1
425,185,718,409,119,319,1,-1,-1,-1
425,198,625,442,114,273,1,-1,-1,-1
425,204,493,441,128,315,1,-1,-1,-1
425,213,324,440,159,323,1,-1,-1,-1
425,222,846,438,54,164,1,-1,-1,-1
425,236,933,443,27,75,1,-1,-1,-1
425,238,1146,404,162,517,1,-1,-1,-1
426,4,1051,405,201,636,1,-1,-1,-1
426,138,997,427,131,515,1,-1,-1,-1
426,185,720,408,119,322,1,-1,-1,-1
426,198,625,441,117,274,1,-1,-1,-1
426,204,503,438,125,317,1,-1,-1,-1
426,213,328,440,158,321,1,-1,-1,-1
426,222,842,437,54,165,1,-1,-1,-1
426,236,933,443,27,76,1,-1,-1,-1
426,238,1147,404,163,519,1,-1,-1,-1
427,4,1052,407,202,638,1,-1,-1,-1
427,138,997,423,132,520,1,-1,-1,-1
427,185,723,409,118,320,1,-1,-1,-1
427,198,627,440,118,275,1,-1,-1,-1
427,204,510,440,123,316,1,-1,-1,-1
427,213,337,437,156,321,1,-1,-1,-1
427,222,838,437,55,165,1,-1,-1,-1
427,236,933,444,27,75,1,-1,-1,-1
427,238,1148,405,164,519,1,-1,-1,-1
427,239,1752,393,148,687,1,-1,-1,-1
427,240,477,459,28,77,1,-1,-1,-1
428,4,1053,409,202,640,1,-1,-1,-1
428,138,998,420,134,524,1,-1,-1,-1
428,185,727,409,118,320,1,-1,-1,-1
428,198,628,441,118,273,1,-1,-1,-1
428,204,517,441,119,315,1,-1,-1,-1
428,213,346,437,153,318,1,-1,-1,-1
428,222,836,437,54,165,1,-1,-1,-1
428,236,933,443,27,74,1,-1,-1,-1
428,238,1151,408,164,517,1,-1,-1,-1
428,239,1721,361,157,719,1,-1,-1,-1
428,240,477,460,28,79,1,-1,-1,-1
428,241,483,462,28,73,1,-1,-1,-1
429,4,1054,411,202,644,1,-1,-1,-1
429,138,999,420,135,525,1,-1,-1,-1
429,185,732,410,116,318,1,-1,-1,-1
429,198,627,439,120,275,1,-1,-1,-1
429,204,526,443,116,313,1,-1,-1,-1
429,213,357,436,148,318,1,-1,-1,-1
429,222,835,437,53,162,1,-1,-1,-1
429,236,932,443,27,73,1,-1,-1,-1
429,238,1149,410,164,512,1,-1,-1,-1
429,239,1693,342,165,738,1,-1,-1,-1
429,240,477,460,30,85,1,-1,-1,-1
430,4,1054,401,207,663,1,-1,-1,-1
430,138,1000,422,135,524,1,-1,-1,-1
430,185,735,411,114,316,1,-1,-1,-1
430,198,633,437,120,275,1,-1,-1,-1
430,204,535,442,116,313,1,-1,-1,-1
430,213,369,436,142,315,1,-1,-1,-1
430,222,833,436,53,162,1,-1,-1,-1
430,236,932,442,27,75,1,-1,-1,-1
430,238,1151,413,165,515,1,-1,-1,-1
430,239,1663,332,174,748,1,-1,-1,-1
430,240,476,461,31,88,1,-1,-1,-1
431,4,1058,395,211,675,1,-1,-1,-1
431,138,1002,420,135,526,1,-1,-1,-1
431,185,738,411,114,315,1,-1,-1,-1
431,198,638,434,119,276,1,-1,-1,-1
431,204,544,440,117,315,1,-1,-1,-1
431,213,379,439,136,310,1,-1,-1,-1
431,222,832,436,53,162,1,-1,-1,-1
431,236,933,443,26,73,1,-1,-1,-1
431,238,1146,410,168,524,1,-1,-1,-1
431,239,1635,324,186,756,1,-1,-1,-1
431,42,379,461,51,121,1,-1,-1,-1
432,4,1062,393,211,674,1,-1,-1,-1
432,138,1003,418,136,528,1,-1,-1,-1
432,185,741,411,113,314,1,-1,-1,-1
432,198,643,438,117,272,1,-1,-1,-1
432,204,549,439,119,316,1,-1,-1,-1
432,213,388,439,134,311,1,-1,-1,-1
432,222,829,436,52,160,1,-1,-1,-1
432,236,933,442,27,73,1,-1,-1,-1
432,238,1137,410,181,569,1,-1,-1,-1
432,239,1603,320,200,760,1,-1,-1,-1
432,42,381,461,49,118,1,-1,-1,-1
433,4,1069,396,205,651,1,-1,-1,-1
433,138,1005,417,137,531,1,-1,-1,-1
433,185,744,411,112,314,1,-1,-1,-1
433,198,650,441,113,268,1,-1,-1,-1
433,204,552,438,120,317,1,-1,-1,-1
433,213,398,438,130,311,1,-1,-1,-1
433,222,828,436,52,160,1,-1,-1,-1
433,236,933,442,28,76,1,-1,-1,-1
433,238,1143,408,177,554,1,-1,-1,-1
433,239,1569,310,218,770,1,-1,-1,-1
433,42,382,461,47,113,1,-1,-1,-1
433,242,521,457,25,69,1,-1,-1,-1
434,4,1070,394,213,675,1,-1,-1,-1
434,138,1005,417,138,531,1,-1,-1,-1
434,185,747,412,111,313,1,-1,-1,-1
434,198,658,440,111,269,1,-1,-1,-1
434,204,553,439,122,316,1,-1,-1,-1
434,213,407,438,128,311,1,-1,-1,-1
434,222,826,435,52,162,1,-1,-1,-1
434,236,932,442,28,77,1,-1,-1,-1
434,238,1150,405,191,597,1,-1,-1,-1
434,239,1524,311,235,769,1,-1,-1,-1
434,42,381,462,47,112,1,-1,-1,-1
434,242,522,458,24,69,1,-1,-1,-1
435,4,1072,394,215,683,1,-1,-1,-1
435,138,1008,417,136,522,1,-1,-1,-1
435,185,749,412,111,312,1,-1,-1,-1
435,198,670,438,107,269,1,-1,-1,-1
435,204,555,440,123,315,1,-1,-1,-1
435,213,414,438,127,311,1,-1,-1,-1
435,222,825,436,53,161,1,-1,-1,-1
435,236,931,441,29,79,1,-1,-1,-1
435,239,1462,309,252,771,1,-1,-1,-1
435,42,379,463,48,113,1,-1,-1,-1
436,4,1080,394,215,686,1,-1,-1,-1
436,138,1011,416,144,552,1,-1,-1,-1
436,185,751,411,110,314,1,-1,-1,-1
436,198,677,438,106,271,1,-1,-1,-1
436,204,556,439,126,316,1,-1,-1,-1
436,213,420,439,125,309,1,-1,-1,-1
436,222,825,437,53,162,1,-1,-1,-1
436,236,931,441,29,80,1,-1,-1,-1
436,239,1395,316,266,764,1,-1,-1,-1
436,42,378,463,49,115,1,-1,-1,-1
437,4,1083,392,215,688,1,-1,-1,-1
437,138,1015,414,143,541,1,-1,-1,-1
437,185,756,409,109,312,1,-1,-1,-1
437,198,685,437,104,274,1,-1,-1,-1
437,204,556,438,129,318,1,-1,-1,-1
437,213,424,440,124,309,1,-1,-1,-1
437,222,824,434,53,164,1,-1,-1,-1
437,236,931,441,29,80,1,-1,-1,-1
437,239,1326,326,278,754,1,-1,-1,-1
437,42,377,463,49,115,1,-1,-1,-1
437,244,977,448,27,80,1,-1,-1,-1
438,4,1094,394,210,677,1,-1,-1,-1
438,138,1019,414,141,535,1,-1,-1,-1
438,185,761,408,107,309,1,-1,-1,-1
438,198,697,436,103,274,1,-1,-1,-1
438,204,558,439,129,317,1,-1,-1,-1
438,213,427,438,123,312,1,-1,-1,-1
438,236,931,441,29,77,1,-1,-1,-1
438,239,1259,329,289,751,1,-1,-1,-1
438,42,379,463,46,109,1,-1,-1,-1
438,244,978,447,27,81,1,-1,-1,-1
439,138,1022,416,140,526,1,-1,-1,-1
439,185,765,407,105,308,1,-1,-1,-1
439,198,706,436,102,275,1,-1,-1,-1
439,204,559,439,130,317,1,-1,-1,-1
439,213,432,439,123,309,1,-1,-1,-1
439,236,931,441,28,78,1,-1,-1,-1
439,239,1196,335,299,745,1,-1,-1,-1
439,42,379,463,47,108,1,-1,-1,-1
439,244,977,445,27,82,1,-1,-1,-1
440,138,1021,415,147,549,1,-1,-1,-1
440,185,768,407,104,306,1,-1,-1,-1
440,198,713,434,104,278,1,-1,-1,-1
440,204,560,438,131,317,1,-1,-1,-1
440,213,438,438,122,308,1,-1,-1,-1
440,236,932,441,29,79,1,-1,-1,-1
440,239,1137,346,304,734,1,-1,-1,-1
440,42,379,462,49,112,1,-1,-1,-1
441,185,771,409,102,304,1,-1,-1,-1
441,198,719,434,105,278,1,-1,-1,-1
441,204,563,437,132,318,1,-1,-1,-1
441,213,443,437,121,306,1,-1,-1,-1
441,236,932,440,30,83,1,-1,-1,-1
441,239,1077,356,308,724,1,-1,-1,-1
441,42,381,464,48,110,1,-1,-1,-1
441,244,977,443,28,86,1,-1,-1,-1
442,185,776,409,100,302,1,-1,-1,-1
442,198,724,434,107,278,1,-1,-1,-1
442,204,567,437,131,317,1,-1,-1,-1
442,213,448,438,119,303,1,-1,-1,-1
442,236,931,441,32,85,1,-1,-1,-1
442,239,1021,359,313,721,1,-1,-1,-1
442,42,380,465,48,111,1,-1,-1,-1
442,237,414,465,39,101,1,-1,-1,-1
443,185,780,410,99,299,1,-1,-1,-1
443,198,725,434,109,277,1,-1,-1,-1
443,204,574,438,129,314,1,-1,-1,-1
443,213,453,434,119,305,1,-1,-1,-1
443,239,966,360,318,720,1,-1,-1,-1
443,42,379,465,49,113,1,-1,-1,-1
443,248,1267,429,187,325,1,-1,-1,-1
443,237,415,466,40,102,1,-1,-1,-1
444,185,783,410,97,298,1,-1,-1,-1
444,198,725,435,110,276,1,-1,-1,-1
444,204,581,439,125,308,1,-1,-1,-1
444,213,461,434,117,303,1,-1,-1,-1
444,239,915,360,322,720,1,-1,-1,-1
444,42,379,466,48,111,1,-1,-1,-1
444,248,1269,429,187,325,1,-1,-1,-1
444,237,414,465,41,105,1,-1,-1,-1
444,4,1148,403,187,583,1,-1,-1,-1
445,185,786,409,95,298,1,-1,-1,-1
445,198,726,435,111,275,1,-1,-1,-1
445,204,587,441,121,304,1,-1,-1,-1
445,213,469,434,115,301,1,-1,-1,-1
445,239,866,356,327,724,1,-1,-1,-1
445,42,377,465,49,113,1,-1,-1,-1
445,248,1281,428,187,327,1,-1,-1,-1
445,237,414,466,41,104,1,-1,-1,-1
445,4,1145,403,203,630,1,-1,-1,-1
446,198,728,435,114,274,1,-1,-1,-1
446,204,593,442,117,300,1,-1,-1,-1
446,213,478,437,111,295,1,-1,-1,-1
446,239,829,350,333,730,1,-1,-1,-1
446,42,376,465,49,113,1,-1,-1,-1
446,248,1288,427,188,330,1,-1,-1,-1
446,237,414,466,42,105,1,-1,-1,-1
446,4,1142,404,214,659,1,-1,-1,-1
447,198,727,433,116,274,1,-1,-1,-1
447,204,604,440,114,299,1,-1,-1,-1
447,213,484,436,109,294,1,-1,-1,-1
447,239,778,346,341,734,1,-1,-1,-1
447,42,377,464,48,113,1,-1,-1,-1
447,248,1292,425,189,334,1,-1,-1,-1
447,237,414,467,43,104,1,-1,-1,-1
447,4,1143,405,218,670,1,-1,-1,-1
448,204,612,440,112,300,1,-1,-1,-1
448,213,491,434,108,293,1,-1,-1,-1
448,239,737,340,347,740,1,-1,-1,-1
448,42,377,463,48,114,1,-1,-1,-1
448,248,1295,421,190,340,1,-1,-1,-1
448,237,414,467,42,104,1,-1,-1,-1
448,4,1144,403,222,676,1,-1,-1,-1
448,138,1061,420,143,520,1,-1,-1,-1
449,204,621,440,110,302,1,-1,-1,-1
449,213,496,433,107,291,1,-1,-1,-1
449,239,694,340,352,740,1,-1,-1,-1
449,42,377,465,48,112,1,-1,-1,-1
449,248,1301,421,187,340,1,-1,-1,-1
449,237,413,467,43,104,1,-1,-1,-1
449,4,1147,401,225,679,1,-1,-1,-1
449,249,470,459,28,79,1,-1,-1,-1
449,138,1052,419,148,527,1,-1,-1,-1
450,204,629,439,108,300,1,-1,-1,-1
450,213,500,432,107,293,1,-1,-1,-1
450,239,661,341,357,739,1,-1,-1,-1
450,42,378,465,47,111,1,-1,-1,-1
450,248,1304,418,185,343,1,-1,-1,-1
450,237,412,467,44,105,1,-1,-1,-1
450,4,1150,398,225,673,1,-1,-1,-1
450,249,467,458,30,83,1,-1,-1,-1
450,138,1053,421,150,528,1,-1,-1,-1
451,213,506,432,106,291,1,-1,-1,-1
451,239,635,342,358,738,1,-1,-1,-1
451,42,379,465,47,110,1,-1,-1,-1
451,248,1310,416,183,345,1,-1,-1,-1
451,237,411,467,45,105,1,-1,-1,-1
451,4,1154,398,226,669,1,-1,-1,-1
451,249,467,457,31,86,1,-1,-1,-1
451,138,1054,421,153,530,1,-1,-1,-1
451,235,1009,448,31,97,1,-1,-1,-1
452,213,512,432,106,289,1,-1,-1,-1
452,239,606,346,359,734,1,-1,-1,-1
452,42,379,465,47,109,1,-1,-1,-1
452,248,1321,417,178,347,1,-1,-1,-1
452,237,411,466,45,106,1,-1,-1,-1
452,4,1154,398,230,675,1,-1,-1,-1
452,249,467,456,32,89,1,-1,-1,-1
452,138,1055,421,155,534,1,-1,-1,-1
452,250,1001,447,32,94,1,-1,-1,-1
452,235,1010,447,30,97,1,-1,-1,-1
453,213,515,433,108,290,1,-1,-1,-1
453,239,572,352,360,728,1,-1,-1,-1
453,42,380,465,46,109,1,-1,-1,-1
453,248,1331,419,172,344,1,-1,-1,-1
453,237,411,465,45,106,1,-1,-1,-1
453,4,1163,400,232,669,1,-1,-1,-1
453,249,467,455,33,91,1,-1,-1,-1
453,138,1054,422,158,532,1,-1,-1,-1
453,250,1001,446,33,96,1,-1,-1,-1
453,235,1011,447,31,97,1,-1,-1,-1
454,239,538,361,358,719,1,-1,-1,-1
454,42,379,464,47,111,1,-1,-1,-1
454,248,1341,420,167,345,1,-1,-1,-1
454,237,411,464,46,107,1,-1,-1,-1
454,4,1169,399,238,674,1,-1,-1,-1
454,249,467,455,32,91,1,-1,-1,-1
454,138,1056,419,160,535,1,-1,-1,-1
454,250,1002,445,32,97,1,-1,-1,-1
454,235,1014,447,31,97,1,-1,-1,-1
455,239,507,371,356,709,1,-1,-1,-1
455,42,379,464,47,110,1,-1,-1,-1
455,248,1350,420,162,347,1,-1,-1,-1
455,237,411,464,46,106,1,-1,-1,-1
455,4,1170,399,244,678,1,-1,-1,-1
455,249,467,456,32,89,1,-1,-1,-1
455,138,1060,416,163,542,1,-1,-1,-1
455,250,1005,444,33,98,1,-1,-1,-1
455,235,1015,446,31,98,1,-1,-1,-1
455,185,814,408,95,301,1,-1,-1,-1
456,239,463,379,357,701,1,-1,-1,-1
456,42,379,464,47,109,1,-1,-1,-1
456,248,1356,420,160,350,1,-1,-1,-1
456,237,410,464,47,108,1,-1,-1,-1
456,4,1173,401,247,676,1,-1,-1,-1
456,249,466,456,34,94,1,-1,-1,-1
456,138,1064,417,165,547,1,-1,-1,-1
456,250,1006,444,33,97,1,-1,-1,-1
456,235,1014,445,32,99,1,-1,-1,-1
456,185,817,410,93,298,1,-1,-1,-1
456,236,930,441,35,96,1,-1,-1,-1
457,239,430,384,358,696,1,-1,-1,-1
457,42,380,465,47,109,1,-1,-1,-1
457,248,1365,422,158,353,1,-1,-1,-1
457,237,410,463,47,108,1,-1,-1,-1
457,4,1173,404,250,672,1,-1,-1,-1
457,138,1068,418,167,551,1,-1,-1,-1
457,250,1006,445,32,95,1,-1,-1,-1
457,235,1013,445,32,99,1,-1,-1,-1
457,185,819,412,92,297,1,-1,-1,-1
457,252,1057,437,39,111,1,-1,-1,-1
457,236,928,440,38,104,1,-1,-1,-1
458,239,393,384,362,696,1,-1,-1,-1
458,42,381,464,47,112,1,-1,-1,-1
458,248,1378,422,156,354,1,-1,-1,-1
458,4,1176,406,252,669,1,-1,-1,-1
458,138,1073,420,166,550,1,-1,-1,-1
458,250,1007,445,31,94,1,-1,-1,-1
458,235,1014,444,33,100,1,-1,-1,-1
458,185,820,411,91,296,1,-1,-1,-1
458,252,1056,437,37,108,1,-1,-1,-1
459,239,351,383,366,697,1,-1,-1,-1
459,248,1390,424,155,352,1,-1,-1,-1
459,4,1179,404,257,669,1,-1,-1,-1
459,138,1079,419,167,551,1,-1,-1,-1
459,250,1007,444,33,98,1,-1,-1,-1
459,235,1014,442,33,103,1,-1,-1,-1
459,185,822,411,90,296,1,-1,-1,-1
459,252,1056,437,36,102,1,-1,-1,-1
459,254,1021,445,32,97,1,-1,-1,-1
459,204,673,436,110,294,1,-1,-1,-1
460,239,318,376,372,704,1,-1,-1,-1
460,248,1399,425,155,352,1,-1,-1,-1
460,4,1181,403,259,670,1,-1,-1,-1
460,138,1087,422,164,548,1,-1,-1,-1
460,250,1007,444,34,100,1,-1,-1,-1
460,185,823,410,90,296,1,-1,-1,-1
460,252,1056,438,35,101,1,-1,-1,-1
460,204,673,438,113,294,1,-1,-1,-1
460,198,794,412,116,290,1,-1,-1,-1
460,236,929,441,36,101,1,-1,-1,-1
461,239,284,369,378,711,1,-1,-1,-1
461,248,1404,428,156,352,1,-1,-1,-1
461,4,1183,404,261,669,1,-1,-1,-1
461,138,1093,422,164,552,1,-1,-1,-1
461,250,1007,444,34,101,1,-1,-1,-1
461,185,824,409,89,297,1,-1,-1,-1
461,252,1054,440,35,99,1,-1,-1,-1
461,204,673,439,115,295,1,-1,-1,-1
461,257,1079,476,55,136,1,-1,-1,-1
461,198,799,411,110,291,1,-1,-1,-1
462,239,249,359,385,721,1,-1,-1,-1
462,248,1409,429,158,354,1,-1,-1,-1
462,4,1186,401,264,670,1,-1,-1,-1
462,138,1102,419,163,558,1,-1,-1,-1
462,250,1006,444,33,99,1,-1,-1,-1
462,185,824,409,89,297,1,-1,-1,-1
462,252,1051,440,37,106,1,-1,-1,-1
462,204,676,439,117,296,1,-1,-1,-1
462,257,1079,476,50,126,1,-1,-1,-1
462,254,1011,444,33,100,1,-1,-1,-1
463,239,219,353,390,727,1,-1,-1,-1
463,248,1415,428,159,355,1,-1,-1,-1
463,4,1192,404,264,667,1,-1,-1,-1
463,138,1108,419,163,561,1,-1,-1,-1
463,250,1007,444,33,98,1,-1,-1,-1
463,185,825,410,87,294,1,-1,-1,-1
463,252,1049,440,38,108,1,-1,-1,-1
463,204,682,438,116,295,1,-1,-1,-1
463,257,1077,475,52,129,1,-1,-1,-1
463,254,1011,444,34,101,1,-1,-1,-1
463,213,564,432,103,277,1,-1,-1,-1
464,239,195,352,391,728,1,-1,-1,-1
464,248,1419,426,161,359,1,-1,-1,-1
464,4,1202,404,262,666,1,-1,-1,-1
464,138,1114,418,162,559,1,-1,-1,-1
464,250,1005,444,33,97,1,-1,-1,-1
464,185,825,410,88,295,1,-1,-1,-1
464,252,1049,441,38,107,1,-1,-1,-1
464,204,688,439,113,293,1,-1,-1,-1
464,257,1077,477,49,123,1,-1,-1,-1
464,254,1010,443,33,100,1,-1,-1,-1
464,260,1019,446,33,98,1,-1,-1,-1
464,213,563,434,103,274,1,-1,-1,-1
464,222,768,439,48,148,1,-1,-1,-1
465,239,165,354,392,726,1,-1,-1,-1
465,248,1422,422,163,365,1,-1,-1,-1
465,4,1210,399,264,673,1,-1,-1,-1
465,138,1118,421,161,558,1,-1,-1,-1
465,250,1001,444,32,95,1,-1,-1,-1
465,185,825,412,87,292,1,-1,-1,-1
465,252,1048,441,37,105,1,-1,-1,-1
465,204,696,437,110,295,1,-1,-1,-1
465,257,1077,475,50,127,1,-1,-1,-1
465,260,1021,446,32,94,1,-1,-1,-1
465,213,563,436,104,272,1,-1,-1,-1
465,222,763,439,51,153,1,-1,-1,-1
465,236,930,441,36,102,1,-1,-1,-1
466,239,135,358,391,722,1,-1,-1,-1
466,248,1424,420,163,371,1,-1,-1,-1
466,4,1218,397,262,680,1,-1,-1,-1
466,138,1123,422,160,559,1,-1,-1,-1
466,250,998,444,33,97,1,-1,-1,-1
466,185,828,412,87,292,1,-1,-1,-1
466,252,1047,443,36,102,1,-1,-1,-1
466,204,706,437,108,296,1,-1,-1,-1
466,257,1079,477,47,122,1,-1,-1,-1
466,260,1020,445,32,97,1,-1,-1,-1
466,213,567,435,104,273,1,-1,-1,-1
466,262,1099,435,54,149,1,-1,-1,-1
466,236,930,441,36,101,1,-1,-1,-1
466,249,469,459,28,78,1,-1,-1,-1
466,254,1004,444,33,98,1,-1,-1,-1
467,239,109,364,390,716,1,-1,-1,-1
467,248,1430,418,162,374,1,-1,-1,-1
467,4,1227,398,258,678,1,-1,-1,-1
467,138,1126,421,161,561,1,-1,-1,-1
467,250,997,445,33,98,1,-1,-1,-1
467,185,829,412,87,293,1,-1,-1,-1
467,252,1046,444,35,100,1,-1,-1,-1
467,204,713,437,107,296,1,-1,-1,-1
467,257,1079,477,46,119,1,-1,-1,-1
467,260,1019,446,32,97,1,-1,-1,-1
467,213,571,433,104,275,1,-1,-1,-1
467,262,1096,434,57,158,1,-1,-1,-1
467,236,930,440,36,102,1,-1,-1,-1
468,239,78,368,391,712,1,-1,-1,-1
468,248,1438,417,159,375,1,-1,-1,-1
468,4,1240,396,251,674,1,-1,-1,-1
468,138,1129,423,160,560,1,-1,-1,-1
468,250,996,444,34,99,1,-1,-1,-1
468,185,830,412,87,293,1,-1,-1,-1
468,252,1044,445,35,99,1,-1,-1,-1
468,204,720,435,105,298,1,-1,-1,-1
468,257,1079,476,46,118,1,-1,-1,-1
468,260,1019,444,34,102,1,-1,-1,-1
468,213,577,433,102,273,1,-1,-1,-1
468,262,1094,434,59,164,1,-1,-1,-1
468,236,929,441,36,101,1,-1,-1,-1
468,249,466,460,30,85,1,-1,-1,-1
469,239,52,375,391,705,1,-1,-1,-1
469,248,1449,417,155,377,1,-1,-1,-1
469,4,1248,397,246,677,1,-1,-1,-1
469,138,1132,424,159,563,1,-1,-1,-1
469,250,994,442,35,101,1,-1,-1,-1
469,185,832,414,86,291,1,-1,-1,-1
469,252,1043,443,36,100,1,-1,-1,-1
469,204,726,436,103,296,1,-1,-1,-1
469,257,1078,475,45,119,1,-1,-1,-1
469,260,1021,444,33,99,1,-1,-1,-1
469,213,584,432,99,273,1,-1,-1,-1
469,262,1095,435,59,166,1,-1,-1,-1
469,236,928,441,37,102,1,-1,-1,-1
469,249,463,460,29,83,1,-1,-1,-1
469,237,419,462,37,85,1,-1,-1,-1
470,239,29,380,389,700,1,-1,-1,-1
470,248,1458,415,152,380,1,-1,-1,-1
470,4,1260,398,240,677,1,-1,-1,-1
470,138,1134,423,161,568,1,-1,-1,-1
470,250,994,442,35,101,1,-1,-1,-1
470,185,835,416,85,288,1,-1,-1,-1
470,252,1041,443,36,103,1,-1,-1,-1
470,204,733,437,101,293,1,-1,-1,-1
470,257,1078,474,46,121,1,-1,-1,-1
470,260,1025,443,34,101,1,-1,-1,-1
470,213,590,432,97,273,1,-1,-1,-1
470,262,1095,437,57,161,1,-1,-1,-1
470,236,929,441,36,101,1,-1,-1,-1
470,249,461,460,30,83,1,-1,-1,-1
470,237,419,465,38,89,1,-1,-1,-1
471,239,11,385,388,695,1,-1,-1,-1
471,248,1466,415,150,381,1,-1,-1,-1
471,4,1272,397,235,678,1,-1,-1,-1
471,138,1138,422,161,574,1,-1,-1,-1
471,250,993,442,35,101,1,-1,-1,-1
471,185,837,417,85,286,1,-1,-1,-1
471,252,1035,443,38,106,1,-1,-1,-1
471,204,741,438,100,291,1,-1,-1,-1
471,257,1079,476,45,119,1,-1,-1,-1
471,213,595,432,95,273,1,-1,-1,-1
471,262,1097,440,53,150,1,-1,-1,-1
471,236,929,441,37,102,1,-1,-1,-1
471,237,417,464,40,96,1,-1,-1,-1
471,42,377,463,49,116,1,-1,-1,-1
472,239,0,391,380,689,1,-1,-1,-1
472,248,1474,414,146,384,1,-1,-1,-1
472,4,1287,396,232,682,1,-1,-1,-1
472,138,1141,422,162,577,1,-1,-1,-1
472,250,991,441,36,102,1,-1,-1,-1
472,185,837,416,85,286,1,-1,-1,-1
472,252,1036,443,37,107,1,-1,-1,-1
472,204,746,439,99,288,1,-1,-1,-1
472,257,1080,475,46,121,1,-1,-1,-1
472,213,599,432,93,271,1,-1,-1,-1
472,262,1097,440,53,148,1,-1,-1,-1
472,236,929,441,37,102,1,-1,-1,-1
472,237,417,463,40,96,1,-1,-1,-1
472,267,563,455,28,76,1,-1,-1,-1
472,42,378,463,47,114,1,-1,-1,-1
473,239,0,391,362,689,1,-1,-1,-1
473,248,1482,415,144,383,1,-1,-1,-1
473,4,1297,394,228,685,1,-1,-1,-1
473,138,1144,422,162,578,1,-1,-1,-1
473,250,989,439,36,104,1,-1,-1,-1
473,185,837,415,86,288,1,-1,-1,-1
473,252,1035,443,38,107,1,-1,-1,-1
473,204,748,437,100,290,1,-1,-1,-1
473,257,1080,476,44,119,1,-1,-1,-1
473,213,605,431,91,272,1,-1,-1,-1
473,262,1098,438,53,150,1,-1,-1,-1
473,236,928,440,37,104,1,-1,-1,-1
473,237,414,461,42,100,1,-1,-1,-1
473,267,564,455,28,75,1,-1,-1,-1
473,42,376,463,47,113,1,-1,-1,-1
473,268,525,456,30,74,1,-1,-1,-1
474,239,0,389,348,691,1,-1,-1,-1
474,248,1493,414,142,382,1,-1,-1,-1
474,4,1305,395,223,685,1,-1,-1,-1
474,138,1149,422,163,578,1,-1,-1,-1
474,250,988,440,36,103,1,-1,-1,-1
474,185,836,414,86,289,1,-1,-1,-1
474,252,1036,442,39,109,1,-1,-1,-1
474,204,750,438,100,288,1,-1,-1,-1
474,257,1081,476,44,120,1,-1,-1,-1
474,213,609,431,90,273,1,-1,-1,-1
474,262,1098,436,54,152,1,-1,-1,-1
474,237,414,463,42,99,1,-1,-1,-1
474,267,565,455,27,73,1,-1,-1,-1
474,42,376,463,47,114,1,-1,-1,-1
474,268,526,456,29,73,1,-1,-1,-1
474,198,864,430,92,252,1,-1,-1,-1
475,239,0,388,336,692,1,-1,-1,-1
475,248,1502,414,141,383,1,-1,-1,-1
475,4,1313,392,221,688,1,-1,-1,-1
475,138,1154,422,163,579,1,-1,-1,-1
475,250,987,440,37,104,1,-1,-1,-1
475,185,836,413,86,290,1,-1,-1,-1
475,252,1036,441,39,110,1,-1,-1,-1
475,204,752,437,101,291,1,-1,-1,-1
475,257,1081,477,43,120,1,-1,-1,-1
475,213,615,433,88,270,1,-1,-1,-1
475,262,1098,433,55,156,1,-1,-1,-1
475,267,566,454,26,73,1,-1,-1,-1
475,42,376,463,47,113,1,-1,-1,-1
475,268,527,457,29,72,1,-1,-1,-1
475,270,1053,472,38,106,1,-1,-1,-1
475,271,580,425,17,38,1,-1,-1,-1
475,198,874,431,88,249,1,-1,-1,-1
476,239,0,388,325,692,1,-1,-1,-1
476,248,1518,412,144,389,1,-1,-1,-1
476,4,1325,391,221,689,1,-1,-1,-1
476,138,1158,420,165,585,1,-1,-1,-1
476,250,987,439,36,104,1,-1,-1,-1
476,185,836,410,85,293,1,-1,-1,-1
476,252,1038,443,38,107,1,-1,-1,-1
476,204,753,436,102,293,1,-1,-1,-1
476,257,1081,476,44,121,1,-1,-1,-1
476,213,619,435,86,268,1,-1,-1,-1
476,262,1099,434,54,157,1,-1,-1,-1
476,267,566,455,26,73,1,-1,-1,-1
476,42,378,463,46,111,1,-1,-1,-1
476,268,527,456,29,74,1,-1,-1,-1
476,271,579,425,16,37,1,-1,-1,-1
476,198,880,433,88,247,1,-1,-1,-1
476,272,724,455,29,80,1,-1,-1,-1
477,239,0,384,314,696,1,-1,-1,-1
477,248,1529,414,148,389,1,-1,-1,-1
477,4,1333,394,219,686,1,-1,-1,-1
477,138,1161,419,165,587,1,-1,-1,-1
477,250,987,439,35,101,1,-1,-1,-1
477,185,837,408,85,295,1,-1,-1,-1
477,252,1036,444,37,105,1,-1,-1,-1
477,204,755,435,102,294,1,-1,-1,-1
477,257,1081,476,43,120,1,-1,-1,-1
477,213,622,437,86,266,1,-1,-1,-1
477,262,1098,435,55,157,1,-1,-1,-1
477,267,565,455,27,73,1,-1,-1,-1
477,42,379,462,44,106,1,-1,-1,-1
477,268,528,455,29,76,1,-1,-1,-1
477,271,579,424,16,36,1,-1,-1,-1
477,198,885,432,92,250,1,-1,-1,-1
477,272,725,454,29,80,1,-1,-1,-1
478,239,0,381,300,699,1,-1,-1,-1
478,248,1537,416,152,392,1,-1,-1,-1
478,4,1342,394,220,686,1,-1,-1,-1
478,138,1162,418,166,588,1,-1,-1,-1
478,250,986,438,36,102,1,-1,-1,-1
478,185,837,408,85,295,1,-1,-1,-1
478,252,1035,443,37,104,1,-1,-1,-1
478,204,757,434,103,295,1,-1,-1,-1
478,257,1082,475,43,121,1,-1,-1,-1
478,213,626,438,85,265,1,-1,-1,-1
478,262,1099,434,54,158,1,-1,-1,-1
478,267,564,455,27,75,1,-1,-1,-1
478,42,379,463,44,104,1,-1,-1,-1
478,268,528,454,30,76,1,-1,-1,-1
478,271,579,424,16,37,1,-1,-1,-1
478,198,889,431,94,252,1,-1,-1,-1
478,272,725,453,29,81,1,-1,-1,-1
478,270,1056,476,37,107,1,-1,-1,-1
479,239,0,374,286,706,1,-1,-1,-1
479,248,1546,417,158,393,1,-1,-1,-1
479,4,1350,393,222,687,1,-1,-1,-1
479,138,1166,418,166,587,1,-1,-1,-1
479,250,987,438,35,102,1,-1,-1,-1
479,185,839,408,85,295,1,-1,-1,-1
479,204,760,433,103,298,1,-1,-1,-1
479,257,1083,474,44,122,1,-1,-1,-1
479,213,630,439,85,265,1,-1,-1,-1
479,262,1100,436,54,156,1,-1,-1,-1
479,267,564,454,28,77,1,-1,-1,-1
479,42,379,464,43,99,1,-1,-1,-1
479,268,528,454,29,76,1,-1,-1,-1
479,271,579,424,16,37,1,-1,-1,-1
479,198,890,430,98,254,1,-1,-1,-1
479,272,725,453,29,80,1,-1,-1,-1
479,270,1058,475,39,114,1,-1,-1,-1
480,239,0,361,277,719,1,-1,-1,-1
480,248,1548,419,164,396,1,-1,-1,-1
480,4,1356,394,224,686,1,-1,-1,-1
480,138,1168,417,168,593,1,-1,-1,-1
480,250,987,439,36,101,1,-1,-1,-1
480,185,839,408,85,297,1,-1,-1,-1
480,204,766,431,101,297,1,-1,-1,-1
480,257,1085,475,43,121,1,-1,-1,-1
480,213,632,438,86,267,1,-1,-1,-1
480,262,1101,435,53,157,1,-1,-1,-1
480,267,564,454,28,77,1,-1,-1,-1
480,268,528,455,29,75,1,-1,-1,-1
480,271,579,424,17,38,1,-1,-1,-1
480,198,890,430,100,254,1,-1,-1,-1
480,272,729,452,28,79,1,-1,-1,-1
480,270,1060,476,40,116,1,-1,-1,-1
480,252,1034,444,36,100,1,-1,-1,-1
481,239,0,361,260,719,1,-1,-1,-1
481,248,1552,421,167,397,1,-1,-1,-1
481,4,1360,396,226,684,1,-1,-1,-1
481,138,1171,415,169,598,1,-1,-1,-1
481,250,987,440,35,100,1,-1,-1,-1
481,185,840,410,84,295,1,-1,-1,-1
481,204,773,431,101,297,1,-1,-1,-1
481,257,1085,475,43,122,1,-1,-1,-1
481,213,634,435,86,270,1,-1,-1,-1
481,262,1100,435,54,157,1,-1,-1,-1
481,267,564,454,28,77,1,-1,-1,-1
481,268,528,455,29,74,1,-1,-1,-1
481,271,579,424,17,38,1,-1,-1,-1
481,198,890,430,102,252,1,-1,-1,-1
481,270,1059,474,41,119,1,-1,-1,-1
481,275,498,458,24,63,1,-1,-1,-1
481,252,1035,445,35,99,1,-1,-1,-1
482,239,0,376,243,704,1,-1,-1,-1
482,248,1555,423,172,399,1,-1,-1,-1
482,4,1366,394,231,686,1,-1,-1,-1
482,138,1176,414,169,596,1,-1,-1,-1
482,250,987,441,35,100,1,-1,-1,-1
482,185,840,410,85,297,1,-1,-1,-1
482,204,780,433,99,295,1,-1,-1,-1
482,257,1085,476,42,121,1,-1,-1,-1
482,213,636,433,85,268,1,-1,-1,-1
482,262,1100,435,54,157,1,-1,-1,-1
482,267,565,455,28,76,1,-1,-1,-1
482,268,528,455,29,74,1,-1,-1,-1
482,271,578,425,17,38,1,-1,-1,-1
482,198,892,433,102,248,1,-1,-1,-1
482,270,1058,474,41,119,1,-1,-1,-1
482,275,497,458,25,64,1,-1,-1,-1
482,252,1035,445,36,100,1,-1,-1,-1
483,239,0,395,222,685,1,-1,-1,-1
483,248,1558,423,176,402,1,-1,-1,-1
483,4,1372,395,235,685,1,-1,-1,-1
483,138,1181,418,167,591,1,-1,-1,-1
483,250,991,443,34,96,1,-1,-1,-1
483,185,841,411,85,298,1,-1,-1,-1
483,204,787,433,98,296,1,-1,-1,-1
483,257,1085,475,42,122,1,-1,-1,-1
483,213,639,433,85,266,1,-1,-1,-1
483,262,1101,435,53,156,1,-1,-1,-1
483,267,565,455,27,75,1,-1,-1,-1
483,268,529,455,28,74,1,-1,-1,-1
483,271,578,425,17,39,1,-1,-1,-1
483,198,897,436,99,242,1,-1,-1,-1
483,275,497,458,25,67,1,-1,-1,-1
483,252,1036,445,36,101,1,-1,-1,-1
483,276,1095,443,50,153,1,-1,-1,-1
483,278,462,462,29,87,1,-1,-1,-1
484,239,0,410,197,670,1,-1,-1,-1
484,248,1561,421,180,408,1,-1,-1,-1
484,4,1375,395,240,685,1,-1,-1,-1
484,138,1187,420,165,587,1,-1,-1,-1
484,250,989,442,35,101,1,-1,-1,-1
484,185,842,416,84,293,1,-1,-1,-1
484,204,792,433,97,295,1,-1,-1,-1
484,257,1086,477,41,120,1,-1,-1,-1
484,213,643,433,85,267,1,-1,-1,-1
484,262,1102,435,52,155,1,-1,-1,-1
484,267,566,455,27,75,1,-1,-1,-1
484,268,530,456,27,72,1,-1,-1,-1
484,271,578,425,17,40,1,-1,-1,-1
484,198,898,438,100,240,1,-1,-1,-1
484,275,498,458,25,66,1,-1,-1,-1
484,252,1035,446,36,100,1,-1,-1,-1
484,276,1105,445,47,145,1,-1,-1,-1
484,278,461,461,30,91,1,-1,-1,-1
484,279,495,459,26,84,1,-1,-1,-1
484,280,590,452,23,50,1,-1,-1,-1
484,222,745,447,43,133,1,-1,-1,-1
485,239,0,412,171,668,1,-1,-1,-1
485,248,1569,420,182,411,1,-1,-1,-1
485,4,1377,395,243,685,1,-1,-1,-1
485,138,1193,421,165,588,1,-1,-1,-1
485,250,991,444,34,98,1,-1,-1,-1
485,185,844,416,83,291,1,-1,-1,-1
485,204,797,432,95,293,1,-1,-1,-1
485,257,1086,469,43,126,1,-1,-1,-1
485,213,646,432,86,268,1,-1,-1,-1
485,262,1102,434,52,153,1,-1,-1,-1
485,267,566,455,27,75,1,-1,-1,-1
485,268,530,456,28,72,1,-1,-1,-1
485,271,579,424,17,39,1,-1,-1,-1
485,198,901,438,100,241,1,-1,-1,-1
485,275,497,458,26,68,1,-1,-1,-1
485,252,1036,446,34,99,1,-1,-1,-1
485,278,459,461,31,93,1,-1,-1,-1
485,279,494,459,26,84,1,-1,-1,-1
485,280,590,452,23,50,1,-1,-1,-1
485,281,559,454,26,72,1,-1,-1,-1
485,282,1058,440,38,105,1,-1,-1,-1
485,222,743,448,41,128,1,-1,-1,-1
486,239,0,424,153,656,1,-1,-1,-1
486,248,1578,419,181,411,1,-1,-1,-1
486,4,1378,397,247,683,1,-1,-1,-1
486,138,1199,422,166,586,1,-1,-1,-1
486,250,992,444,34,96,1,-1,-1,-1
486,185,845,416,84,295,1,-1,-1,-1
486,204,802,431,96,293,1,-1,-1,-1
486,257,1087,471,41,124,1,-1,-1,-1
486,213,651,432,87,267,1,-1,-1,-1
486,262,1103,434,51,149,1,-1,-1,-1
486,267,566,455,27,75,1,-1,-1,-1
486,268,530,456,28,74,1,-1,-1,-1
486,271,578,424,17,40,1,-1,-1,-1
486,198,905,436,100,243,1,-1,-1,-1
486,275,498,458,26,68,1,-1,-1,-1
486,252,1035,444,35,99,1,-1,-1,-1
486,278,458,460,32,95,1,-1,-1,-1
486,279,496,458,25,82,1,-1,-1,-1
486,280,589,453,23,49,1,-1,-1,-1
486,281,557,454,26,73,1,-1,-1,-1
486,282,1059,439,37,104,1,-1,-1,-1
486,222,740,447,42,127,1,-1,-1,-1
486,283,1182,445,39,96,1,-1,-1,-1
486,270,1064,482,39,112,1,-1,-1,-1
486,276,1110,446,45,139,1,-1,-1,-1
487,239,0,428,140,652,1,-1,-1,-1
487,248,1583,418,180,413,1,-1,-1,-1
487,4,1377,396,250,684,1,-1,-1,-1
487,138,1207,421,169,586,1,-1,-1,-1
487,250,995,447,32,91,1,-1,-1,-1
487,185,846,420,82,288,1,-1,-1,-1
487,204,806,431,97,293,1,-1,-1,-1
487,257,1088,468,41,127,1,-1,-1,-1
487,213,655,432,88,267,1,-1,-1,-1
487,262,1105,435,50,144,1,-1,-1,-1
487,267,567,455,27,74,1,-1,-1,-1
487,268,532,456,27,73,1,-1,-1,-1
487,271,578,424,17,41,1,-1,-1,-1
487,198,912,435,99,244,1,-1,-1,-1
487,275,499,458,26,66,1,-1,-1,-1
487,278,457,460,33,97,1,-1,-1,-1
487,279,497,458,25,79,1,-1,-1,-1
487,280,590,452,22,49,1,-1,-1,-1
487,281,556,452,26,73,1,-1,-1,-1
487,282,1058,441,37,100,1,-1,-1,-1
487,222,738,446,41,128,1,-1,-1,-1
487,283,1182,445,39,94,1,-1,-1,-1
487,276,1111,447,45,138,1,-1,-1,-1
488,248,1590,418,180,417,1,-1,-1,-1
488,4,1377,398,253,682,1,-1,-1,-1
488,138,1210,420,172,588,1,-1,-1,-1
488,250,995,448,33,91,1,-1,-1,-1
488,204,813,430,98,293,1,-1,-1,-1
488,257,1087,460,44,135,1,-1,-1,-1
488,213,657,432,90,266,1,-1,-1,-1
488,262,1107,436,49,142,1,-1,-1,-1
488,267,567,456,27,74,1,-1,-1,-1
488,268,532,456,28,74,1,-1,-1,-1
488,271,578,424,18,42,1,-1,-1,-1
488,198,917,436,97,243,1,-1,-1,-1
488,275,501,457,24,64,1,-1,-1,-1
488,278,456,459,33,98,1,-1,-1,-1
488,279,498,457,23,75,1,-1,-1,-1
488,280,591,453,22,48,1,-1,-1,-1
488,282,1060,443,36,98,1,-1,-1,-1
488,222,735,445,42,131,1,-1,-1,-1
488,283,1182,445,38,95,1,-1,-1,-1
488,237,415,459,46,110,1,-1,-1,-1
488,252,1034,446,34,96,1,-1,-1,-1
489,248,1597,417,179,425,1,-1,-1,-1
489,4,1377,397,256,683,1,-1,-1,-1
489,138,1212,419,175,591,1,-1,-1,-1
489,250,995,449,33,91,1,-1,-1,-1
489,204,816,431,100,293,1,-1,-1,-1
489,257,1089,463,41,131,1,-1,-1,-1
489,213,659,434,90,264,1,-1,-1,-1
489,262,1109,437,47,139,1,-1,-1,-1
489,267,567,454,27,77,1,-1,-1,-1
489,268,532,456,28,74,1,-1,-1,-1
489,271,578,424,18,42,1,-1,-1,-1
489,198,922,438,95,240,1,-1,-1,-1
489,275,501,457,24,63,1,-1,-1,-1
489,278,456,457,33,99,1,-1,-1,-1
489,279,498,456,23,76,1,-1,-1,-1
489,280,592,452,22,49,1,-1,-1,-1
489,282,1061,443,35,98,1,-1,-1,-1
489,222,734,446,41,130,1,-1,-1,-1
489,283,1182,446,38,94,1,-1,-1,-1
489,291,1091,444,41,136,1,-1,-1,-1
489,237,413,458,47,111,1,-1,-1,-1
489,252,1034,447,34,96,1,-1,-1,-1
489,185,849,424,83,290,1,-1,-1,-1
489,281,550,453,26,73,1,-1,-1,-1
490,248,1606,414,178,428,1,-1,-1,-1
490,4,1376,395,258,685,1,-1,-1,-1
490,138,1214,420,177,591,1,-1,-1,-1
490,250,994,447,33,94,1,-1,-1,-1
490,204,819,433,102,290,1,-1,-1,-1
490,257,1089,464,41,130,1,-1,-1,-1
490,213,660,434,92,265,1,-1,-1,-1
490,262,1110,438,47,136,1,-1,-1,-1
490,267,567,454,27,77,1,-1,-1,-1
490,268,532,455,28,74,1,-1,-1,-1
490,271,578,424,17,41,1,-1,-1,-1
490,198,928,440,92,239,1,-1,-1,-1
490,275,502,456,23,62,1,-1,-1,-1
490,278,455,456,33,99,1,-1,-1,-1
490,279,498,455,23,77,1,-1,-1,-1
490,280,592,452,22,48,1,-1,-1,-1
490,282,1057,443,37,100,1,-1,-1,-1
490,222,733,445,41,132,1,-1,-1,-1
490,283,1182,445,38,95,1,-1,-1,-1
490,291,1090,443,41,135,1,-1,-1,-1
490,237,411,458,47,112,1,-1,-1,-1
490,252,1030,446,35,98,1,-1,-1,-1
490,292,725,441,44,193,1,-1,-1,-1
491,248,1611,414,176,429,1,-1,-1,-1
491,4,1376,398,259,682,1,-1,-1,-1
491,138,1215,421,178,591,1,-1,-1,-1
491,204,822,433,104,289,1,-1,-1,-1
491,257,1092,470,39,125,1,-1,-1,-1
491,213,660,434,94,265,1,-1,-1,-1
491,262,1112,439,47,135,1,-1,-1,-1
491,267,567,453,28,78,1,-1,-1,-1
491,268,533,456,27,74,1,-1,-1,-1
491,271,578,424,17,42,1,-1,-1,-1
491,198,934,437,91,244,1,-1,-1,-1
491,275,501,456,24,62,1,-1,-1,-1
491,278,455,456,33,98,1,-1,-1,-1
491,279,497,455,24,79,1,-1,-1,-1
491,280,592,452,22,48,1,-1,-1,-1
491,282,1055,443,38,104,1,-1,-1,-1
491,222,731,444,42,133,1,-1,-1,-1
491,283,1181,446,38,93,1,-1,-1,-1
491,237,411,460,46,111,1,-1,-1,-1
491,252,1028,445,35,99,1,-1,-1,-1
491,292,705,440,55,234,1,-1,-1,-1
491,293,557,455,25,72,1,-1,-1,-1
491,294,506,453,21,65,1,-1,-1,-1
492,248,1617,413,175,433,1,-1,-1,-1
492,4,1380,396,262,684,1,-1,-1,-1
492,138,1216,423,180,589,1,-1,-1,-1
492,204,824,429,107,292,1,-1,-1,-1
492,257,1095,479,36,116,1,-1,-1,-1
492,213,662,434,95,265,1,-1,-1,-1
492,262,1114,440,44,129,1,-1,-1,-1
492,267,568,455,27,76,1,-1,-1,-1
492,268,533,455,27,75,1,-1,-1,-1
492,271,578,424,17,42,1,-1,-1,-1
492,198,940,434,91,247,1,-1,-1,-1
492,275,501,456,24,62,1,-1,-1,-1
492,278,456,456,32,98,1,-1,-1,-1
492,280,592,451,22,49,1,-1,-1,-1
492,282,1056,441,37,101,1,-1,-1,-1
492,283,1182,448,37,90,1,-1,-1,-1
492,237,411,460,47,112,1,-1,-1,-1
492,252,1025,446,34,97,1,-1,-1,-1
492,294,506,452,21,65,1,-1,-1,-1
492,291,1086,444,34,114,1,-1,-1,-1
493,248,1617,413,178,443,1,-1,-1,-1
493,4,1381,398,263,682,1,-1,-1,-1
493,138,1217,424,183,589,1,-1,-1,-1
493,204,828,430,108,290,1,-1,-1,-1
493,257,1093,477,38,120,1,-1,-1,-1
493,213,662,435,97,264,1,-1,-1,-1
493,262,1115,441,43,126,1,-1,-1,-1
493,267,568,454,27,77,1,-1,-1,-1
493,268,533,455,27,75,1,-1,-1,-1
493,271,578,424,17,41,1,-1,-1,-1
493,198,945,434,89,247,1,-1,-1,-1
493,275,501,455,24,63,1,-1,-1,-1
493,278,456,456,33,98,1,-1,-1,-1
493,280,593,450,23,51,1,-1,-1,-1
493,282,1058,441,36,98,1,-1,-1,-1
493,283,1182,449,36,88,1,-1,-1,-1
493,237,411,460,46,112,1,-1,-1,-1
493,252,1026,445,35,99,1,-1,-1,-1
493,294,506,452,21,64,1,-1,-1,-1
493,291,1087,442,36,118,1,-1,-1,-1
493,42,379,461,49,115,1,-1,-1,-1
493,279,495,455,26,85,1,-1,-1,-1
494,248,1613,413,182,459,1,-1,-1,-1
494,4,1387,397,265,683,1,-1,-1,-1
494,138,1219,424,187,593,1,-1,-1,-1
494,204,831,432,109,288,1,-1,-1,-1
494,257,1092,465,40,131,1,-1,-1,-1
494,213,663,434,99,266,1,-1,-1,-1
494,262,1115,441,43,123,1,-1,-1,-1
494,267,568,455,27,76,1,-1,-1,-1
494,268,533,455,27,75,1,-1,-1,-1
494,271,578,424,16,41,1,-1,-1,-1
494,198,952,435,87,244,1,-1,-1,-1
494,275,501,456,23,62,1,-1,-1,-1
494,278,457,456,32,98,1,-1,-1,-1
494,280,592,450,23,51,1,-1,-1,-1
494,283,1182,450,36,87,1,-1,-1,-1
494,237,411,460,46,111,1,-1,-1,-1
494,291,1087,441,38,126,1,-1,-1,-1
494,42,380,463,48,113,1,-1,-1,-1
494,279,496,455,25,84,1,-1,-1,-1
494,293,561,456,24,71,1,-1,-1,-1
495,248,1621,412,181,465,1,-1,-1,-1
495,4,1399,393,269,687,1,-1,-1,-1
495,138,1223,425,191,596,1,-1,-1,-1
495,204,834,435,110,286,1,-1,-1,-1
495,257,1092,461,41,135,1,-1,-1,-1
495,213,664,433,100,267,1,-1,-1,-1
495,262,1115,441,43,121,1,-1,-1,-1
495,267,569,454,27,78,1,-1,-1,-1
495,268,533,456,27,74,1,-1,-1,-1
495,271,578,423,17,42,1,-1,-1,-1
495,198,958,434,87,245,1,-1,-1,-1
495,275,502,456,23,62,1,-1,-1,-1
495,278,457,456,32,98,1,-1,-1,-1
495,280,592,450,23,51,1,-1,-1,-1
495,283,1182,450,36,87,1,-1,-1,-1
495,237,411,460,45,112,1,-1,-1,-1
495,291,1086,441,41,129,1,-1,-1,-1
495,42,379,463,48,112,1,-1,-1,-1
495,297,632,451,27,77,1,-1,-1,-1
496,248,1629,412,182,468,1,-1,-1,-1
496,4,1413,388,274,692,1,-1,-1,-1
496,138,1227,427,195,596,1,-1,-1,-1
496,204,836,438,110,284,1,-1,-1,-1
496,213,665,432,101,268,1,-1,-1,-1
496,262,1117,442,40,115,1,-1,-1,-1
496,267,570,454,27,79,1,-1,-1,-1
496,268,533,457,27,74,1,-1,-1,-1
496,271,577,423,17,42,1,-1,-1,-1
496,198,965,433,88,246,1,-1,-1,-1
496,275,502,456,23,61,1,-1,-1,-1
496,278,458,456,32,98,1,-1,-1,-1
496,283,1179,449,36,88,1,-1,-1,-1
496,237,411,461,45,110,1,-1,-1,-1
496,291,1089,439,40,126,1,-1,-1,-1
496,42,379,464,47,111,1,-1,-1,-1
496,297,632,452,27,77,1,-1,-1,-1
497,248,1639,413,182,467,1,-1,-1,-1
497,4,1421,387,277,693,1,-1,-1,-1
497,138,1230,423,199,601,1,-1,-1,-1
497,204,841,440,109,282,1,-1,-1,-1
497,213,667,431,101,269,1,-1,-1,-1
497,262,1117,443,39,112,1,-1,-1,-1
497,267,570,454,27,79,1,-1,-1,-1
497,268,534,457,27,74,1,-1,-1,-1
497,271,577,424,17,42,1,-1,-1,-1
497,198,971,437,87,240,1,-1,-1,-1
497,275,502,456,23,60,1,-1,-1,-1
497,278,458,457,32,97,1,-1,-1,-1
497,283,1178,448,37,89,1,-1,-1,-1
497,237,411,462,45,109,1,-1,-1,-1
497,291,1094,438,40,125,1,-1,-1,-1
497,42,378,464,47,111,1,-1,-1,-1
497,297,633,453,28,79,1,-1,-1,-1
497,301,1366,411,221,561,1,-1,-1,-1
497,270,1072,444,40,117,1,-1,-1,-1
497,280,591,452,23,51,1,-1,-1,-1
498,248,1652,414,184,467,1,-1,-1,-1
498,4,1432,386,280,694,1,-1,-1,-1
498,138,1231,422,202,602,1,-1,-1,-1
498,204,847,440,108,281,1,-1,-1,-1
498,213,671,430,101,271,1,-1,-1,-1
498,262,1117,444,39,111,1,-1,-1,-1
498,267,571,454,27,79,1,-1,-1,-1
498,268,535,457,27,74,1,-1,-1,-1
498,271,577,424,17,42,1,-1,-1,-1
498,198,976,439,89,237,1,-1,-1,-1
498,275,502,455,22,60,1,-1,-1,-1
498,278,459,457,32,97,1,-1,-1,-1
498,283,1178,447,38,90,1,-1,-1,-1
498,237,411,461,45,110,1,-1,-1,-1
498,42,379,464,46,111,1,-1,-1,-1
498,297,632,453,29,82,1,-1,-1,-1
498,301,1366,408,222,562,1,-1,-1,-1
498,270,1073,442,41,119,1,-1,-1,-1
498,280,591,452,22,51,1,-1,-1,-1
499,248,1662,417,187,467,1,-1,-1,-1
499,4,1443,385,281,695,1,-1,-1,-1
499,138,1233,419,204,605,1,-1,-1,-1
499,213,676,429,100,272,1,-1,-1,-1
499,262,1115,443,40,111,1,-1,-1,-1
499,267,571,455,27,79,1,-1,-1,-1
499,268,535,456,28,77,1,-1,-1,-1
499,271,576,424,17,42,1,-1,-1,-1
499,198,977,439,92,238,1,-1,-1,-1
499,275,503,456,22,59,1,-1,-1,-1
499,278,459,457,31,97,1,-1,-1,-1
499,283,1176,447,38,91,1,-1,-1,-1
499,237,411,461,45,110,1,-1,-1,-1
499,42,379,464,46,112,1,-1,-1,-1
499,297,633,454,28,79,1,-1,-1,-1
499,301,1365,409,221,557,1,-1,-1,-1
499,270,1075,441,40,118,1,-1,-1,-1
499,303,241,470,141,268,1,-1,-1,-1
499,185,864,437,83,284,1,-1,-1,-1
500,248,1673,419,191,468,1,-1,-1,-1
500,4,1453,386,282,694,1,-1,-1,-1
500,138,1238,419,205,603,1,-1,-1,-1
500,213,682,429,100,274,1,-1,-1,-1
500,262,1115,444,43,119,1,-1,-1,-1
500,267,572,455,27,79,1,-1,-1,-1
500,268,537,457,28,77,1,-1,-1,-1
500,271,576,423,16,41,1,-1,-1,-1
500,198,979,440,94,238,1,-1,-1,-1
500,275,504,455,22,59,1,-1,-1,-1
500,278,459,457,31,97,1,-1,-1,-1
500,283,1177,447,38,91,1,-1,-1,-1
500,237,411,460,46,111,1,-1,-1,-1
500,42,380,464,46,112,1,-1,-1,-1
500,297,634,453,27,80,1,-1,-1,-1
500,301,1361,412,226,571,1,-1,-1,-1
500,270,1075,440,41,120,1,-1,-1,-1
500,185,867,436,85,287,1,-1,-1,-1
501,248,1682,417,193,469,1,-1,-1,-1
501,4,1465,385,280,695,1,-1,-1,-1
501,138,1245,417,205,604,1,-1,-1,-1
501,213,688,429,98,274,1,-1,-1,-1
501,262,1115,446,42,116,1,-1,-1,-1
501,267,572,455,27,79,1,-1,-1,-1
501,268,538,456,28,78,1,-1,-1,-1
501,271,576,423,16,40,1,-1,-1,-1
501,198,982,441,95,238,1,-1,-1,-1
501,275,503,455,23,59,1,-1,-1,-1
501,278,458,456,32,98,1,-1,-1,-1
501,283,1176,447,38,91,1,-1,-1,-1
501,237,411,460,46,111,1,-1,-1,-1
501,42,380,463,46,112,1,-1,-1,-1
501,297,634,453,28,81,1,-1,-1,-1
501,301,1372,409,226,573,1,-1,-1,-1
501,270,1075,440,41,119,1,-1,-1,-1
501,185,871,434,87,291,1,-1,-1,-1
501,305,1113,456,41,131,1,-1,-1,-1
502,248,1689,417,196,470,1,-1,-1,-1
502,4,1478,383,279,697,1,-1,-1,-1
502,138,1256,416,203,603,1,-1,-1,-1
502,213,692,431,96,272,1,-1,-1,-1
502,262,1114,446,44,121,1,-1,-1,-1
502,267,572,455,27,78,1,-1,-1,-1
502,268,539,456,27,78,1,-1,-1,-1
502,271,576,423,16,40,1,-1,-1,-1
502,198,985,444,95,236,1,-1,-1,-1
502,275,502,456,22,58,1,-1,-1,-1
502,278,458,457,31,96,1,-1,-1,-1
502,283,1175,447,39,91,1,-1,-1,-1
502,237,411,460,46,111,1,-1,-1,-1
502,42,381,463,45,112,1,-1,-1,-1
502,297,634,453,28,81,1,-1,-1,-1
502,301,1373,409,229,581,1,-1,-1,-1
502,270,1074,441,41,122,1,-1,-1,-1
502,185,878,435,87,291,1,-1,-1,-1
502,305,1115,463,39,124,1,-1,-1,-1
502,204,853,420,110,293,1,-1,-1,-1
503,248,1699,417,197,470,1,-1,-1,-1
503,4,1491,385,275,695,1,-1,-1,-1
503,138,1267,416,202,608,1,-1,-1,-1
503,213,697,430,95,273,1,-1,-1,-1
503,262,1117,447,43,119,1,-1,-1,-1
503,267,572,455,26,79,1,-1,-1,-1
503,268,539,457,27,77,1,-1,-1,-1
503,271,576,424,16,39,1,-1,-1,-1
503,198,988,444,96,236,1,-1,-1,-1
503,275,501,456,22,58,1,-1,-1,-1
503,278,458,458,31,96,1,-1,-1,-1
503,283,1176,447,39,90,1,-1,-1,-1
503,237,411,460,46,111,1,-1,-1,-1
503,42,381,463,45,112,1,-1,-1,-1
503,297,634,453,28,83,1,-1,-1,-1
503,301,1383,417,219,559,1,-1,-1,-1
503,185,887,437,87,290,1,-1,-1,-1
503,204,855,416,107,294,1,-1,-1,-1
504,248,1709,416,201,476,1,-1,-1,-1
504,4,1499,385,272,695,1,-1,-1,-1
504,138,1278,416,199,611,1,-1,-1,-1
504,213,702,431,94,272,1,-1,-1,-1
504,262,1116,446,45,123,1,-1,-1,-1
504,267,572,454,27,81,1,-1,-1,-1
504,268,538,456,27,78,1,-1,-1,-1
504,271,576,423,16,39,1,-1,-1,-1
504,198,990,444,96,237,1,-1,-1,-1
504,275,500,457,23,58,1,-1,-1,-1
504,278,457,458,31,96,1,-1,-1,-1
504,237,411,460,46,111,1,-1,-1,-1
504,42,381,464,44,111,1,-1,-1,-1
504,297,633,452,29,85,1,-1,-1,-1
504,301,1389,413,217,558,1,-1,-1,-1
504,185,894,433,88,292,1,-1,-1,-1
504,204,858,412,105,296,1,-1,-1,-1
504,291,1108,438,39,119,1,-1,-1,-1
504,280,591,451,22,50,1,-1,-1,-1
504,270,1074,443,40,115,1,-1,-1,-1
505,248,1714,414,205,484,1,-1,-1,-1
505,4,1502,384,269,696,1,-1,-1,-1
505,138,1288,416,197,615,1,-1,-1,-1
505,213,705,430,94,273,1,-1,-1,-1
505,262,1114,445,44,121,1,-1,-1,-1
505,267,571,454,28,81,1,-1,-1,-1
505,268,537,456,28,79,1,-1,-1,-1
505,271,576,423,16,38,1,-1,-1,-1
505,198,995,446,94,233,1,-1,-1,-1
505,275,500,456,23,59,1,-1,-1,-1
505,278,457,458,31,96,1,-1,-1,-1
505,237,411,460,46,111,1,-1,-1,-1
505,42,381,464,44,111,1,-1,-1,-1
505,297,633,452,29,86,1,-1,-1,-1
505,301,1407,407,221,567,1,-1,-1,-1
505,185,902,433,89,290,1,-1,-1,-1
505,204,858,412,103,294,1,-1,-1,-1
505,306,585,426,30,45,1,-1,-1,-1
505,291,1109,439,39,117,1,-1,-1,-1
505,280,591,451,22,50,1,-1,-1,-1
505,270,1074,443,40,114,1,-1,-1,-1
505,305,1114,458,39,123,1,-1,-1,-1
505,283,1175,447,39,90,1,-1,-1,-1
506,248,1720,411,200,489,1,-1,-1,-1
506,4,1506,383,266,697,1,-1,-1,-1
506,138,1296,416,196,620,1,-1,-1,-1
506,213,710,430,93,272,1,-1,-1,-1
506,262,1112,446,43,118,1,-1,-1,-1
506,267,572,454,27,81,1,-1,-1,-1
506,268,539,458,27,77,1,-1,-1,-1
506,271,576,423,16,38,1,-1,-1,-1
506,198,1001,446,93,234,1,-1,-1,-1
506,275,499,456,23,59,1,-1,-1,-1
506,278,457,459,31,95,1,-1,-1,-1
506,237,410,460,46,111,1,-1,-1,-1
506,42,381,464,44,111,1,-1,-1,-1
506,297,633,452,29,86,1,-1,-1,-1
506,301,1419,409,221,572,1,-1,-1,-1
506,185,909,435,92,288,1,-1,-1,-1
506,204,860,412,99,293,1,-1,-1,-1
506,306,586,426,29,45,1,-1,-1,-1
506,280,591,451,22,49,1,-1,-1,-1
506,283,1174,447,38,90,1,-1,-1,-1
507,248,1726,408,194,497,1,-1,-1,-1
507,4,1511,385,263,695,1,-1,-1,-1
507,138,1305,416,196,626,1,-1,-1,-1
507,213,715,431,93,270,1,-1,-1,-1
507,262,1108,442,47,128,1,-1,-1,-1
507,267,572,454,27,81,1,-1,-1,-1
507,268,540,458,26,76,1,-1,-1,-1
507,271,576,424,15,37,1,-1,-1,-1
507,198,1008,452,89,229,1,-1,-1,-1
507,275,497,457,24,59,1,-1,-1,-1
507,278,458,458,31,96,1,-1,-1,-1
507,237,410,460,46,111,1,-1,-1,-1
507,42,381,464,44,111,1,-1,-1,-1
507,297,633,452,29,86,1,-1,-1,-1
507,301,1426,410,222,580,1,-1,-1,-1
507,185,915,435,95,288,1,-1,-1,-1
507,204,861,412,98,293,1,-1,-1,-1
507,283,1171,446,40,90,1,-1,-1,-1
508,248,1731,404,189,504,1,-1,-1,-1
508,4,1515,384,261,696,1,-1,-1,-1
508,138,1313,417,196,627,1,-1,-1,-1
508,213,720,432,93,267,1,-1,-1,-1
508,262,1107,441,48,128,1,-1,-1,-1
508,267,572,454,27,81,1,-1,-1,-1
508,268,540,458,26,76,1,-1,-1,-1
508,271,575,424,16,37,1,-1,-1,-1
508,198,1014,452,86,227,1,-1,-1,-1
508,275,496,457,24,60,1,-1,-1,-1
508,278,458,458,31,96,1,-1,-1,-1
508,237,410,460,46,111,1,-1,-1,-1
508,42,381,463,44,112,1,-1,-1,-1
508,297,633,452,29,87,1,-1,-1,-1
508,185,918,434,100,289,1,-1,-1,-1
508,204,863,411,95,291,1,-1,-1,-1
508,283,1171,447,39,89,1,-1,-1,-1
509,248,1737,403,183,498,1,-1,-1,-1
509,4,1521,387,258,693,1,-1,-1,-1
509,138,1319,417,197,630,1,-1,-1,-1
509,213,723,433,93,264,1,-1,-1,-1
509,262,1103,435,51,136,1,-1,-1,-1
509,267,572,454,27,81,1,-1,-1,-1
509,268,540,458,26,76,1,-1,-1,-1
509,271,576,424,15,36,1,-1,-1,-1
509,198,1020,446,86,232,1,-1,-1,-1
509,275,496,457,23,59,1,-1,-1,-1
509,278,457,458,32,96,1,-1,-1,-1
509,237,410,460,46,111,1,-1,-1,-1
509,42,381,463,44,112,1,-1,-1,-1
509,297,634,452,28,85,1,-1,-1,-1
509,185,922,435,104,289,1,-1,-1,-1
509,204,863,412,94,290,1,-1,-1,-1
509,283,1170,446,40,90,1,-1,-1,-1
510,248,1746,401,174,491,1,-1,-1,-1
510,4,1530,387,258,693,1,-1,-1,-1
510,138,1324,416,202,638,1,-1,-1,-1
510,213,726,435,94,262,1,-1,-1,-1
510,262,1101,436,53,144,1,-1,-1,-1
510,267,572,454,27,80,1,-1,-1,-1
510,268,540,458,26,76,1,-1,-1,-1
510,271,575,424,16,36,1,-1,-1,-1
510,198,1025,444,86,232,1,-1,-1,-1
510,275,496,457,24,61,1,-1,-1,-1
510,278,457,458,32,97,1,-1,-1,-1
510,237,410,460,47,111,1,-1,-1,-1
510,42,382,463,43,112,1,-1,-1,-1
510,297,634,453,29,88,1,-1,-1,-1
510,185,922,438,107,285,1,-1,-1,-1
510,204,865,416,91,285,1,-1,-1,-1
510,283,1168,446,40,89,1,-1,-1,-1
511,248,1754,398,166,501,1,-1,-1,-1
511,4,1541,387,262,693,1,-1,-1,-1
511,138,1329,410,207,650,1,-1,-1,-1
511,213,728,435,95,261,1,-1,-1,-1
511,262,1100,436,53,139,1,-1,-1,-1
511,267,572,454,27,79,1,-1,-1,-1
511,268,540,458,26,75,1,-1,-1,-1
511,271,575,424,16,37,1,-1,-1,-1
511,198,1031,444,85,232,1,-1,-1,-1
511,278,457,457,32,97,1,-1,-1,-1
511,237,410,461,46,111,1,-1,-1,-1
511,42,382,463,43,112,1,-1,-1,-1
511,297,634,453,29,91,1,-1,-1,-1
511,185,924,439,110,283,1,-1,-1,-1
511,204,868,416,90,283,1,-1,-1,-1
511,283,1169,446,39,88,1,-1,-1,-1
511,305,1115,458,41,130,1,-1,-1,-1
512,248,1760,399,160,501,1,-1,-1,-1
512,4,1548,386,266,694,1,-1,-1,-1
512,138,1332,411,209,652,1,-1,-1,-1
512,213,729,434,97,263,1,-1,-1,-1
512,262,1099,433,54,142,1,-1,-1,-1
512,267,572,454,27,79,1,-1,-1,-1
512,268,540,458,26,75,1,-1,-1,-1
512,271,575,425,16,36,1,-1,-1,-1
512,198,1038,445,84,230,1,-1,-1,-1
512,278,457,458,32,98,1,-1,-1,-1
512,237,410,462,46,110,1,-1,-1,-1
512,42,381,463,43,112,1,-1,-1,-1
512,297,634,453,30,91,1,-1,-1,-1
512,185,923,440,114,284,1,-1,-1,-1
512,204,868,423,87,278,1,-1,-1,-1
512,283,1170,447,39,87,1,-1,-1,-1
512,305,1117,461,41,130,1,-1,-1,-1
512,275,495,457,25,63,1,-1,-1,-1
513,248,1768,394,152,507,1,-1,-1,-1
513,4,1555,386,268,694,1,-1,-1,-1
513,138,1332,415,211,651,1,-1,-1,-1
513,213,731,434,99,264,1,-1,-1,-1
513,267,572,453,26,80,1,-1,-1,-1
513,268,540,457,26,76,1,-1,-1,-1
513,271,575,425,16,36,1,-1,-1,-1
513,198,1043,445,85,229,1,-1,-1,-1
513,278,457,458,32,98,1,-1,-1,-1
513,237,410,462,46,110,1,-1,-1,-1
513,42,380,463,43,112,1,-1,-1,-1
513,297,635,454,29,91,1,-1,-1,-1
513,185,923,441,117,283,1,-1,-1,-1
513,204,870,422,87,276,1,-1,-1,-1
513,283,1170,448,39,87,1,-1,-1,-1
513,305,1114,461,41,132,1,-1,-1,-1
513,310,877,426,102,287,1,-1,-1,-1
513,275,494,456,26,65,1,-1,-1,-1
513,222,702,449,42,127,1,-1,-1,-1
514,248,1775,393,145,511,1,-1,-1,-1
514,4,1558,383,272,697,1,-1,-1,-1
514,138,1333,419,212,648,1,-1,-1,-1
514,213,733,435,99,264,1,-1,-1,-1
514,267,572,453,27,80,1,-1,-1,-1
514,268,540,457,26,76,1,-1,-1,-1
514,271,575,425,16,36,1,-1,-1,-1
514,198,1047,443,88,234,1,-1,-1,-1
514,278,457,458,32,99,1,-1,-1,-1
514,237,410,462,45,110,1,-1,-1,-1
514,42,380,463,43,112,1,-1,-1,-1
514,297,637,454,29,90,1,-1,-1,-1
514,185,923,441,120,282,1,-1,-1,-1
514,204,873,419,87,279,1,-1,-1,-1
514,283,1172,448,39,87,1,-1,-1,-1
514,305,1112,460,42,135,1,-1,-1,-1
514,275,494,456,26,65,1,-1,-1,-1
514,222,699,450,42,125,1,-1,-1,-1
515,248,1780,392,140,513,1,-1,-1,-1
515,4,1563,382,274,698,1,-1,-1,-1
515,138,1334,422,212,645,1,-1,-1,-1
515,213,734,435,100,264,1,-1,-1,-1
515,267,573,455,26,78,1,-1,-1,-1
515,268,540,457,26,76,1,-1,-1,-1
515,271,574,425,17,37,1,-1,-1,-1
515,198,1050,444,89,234,1,-1,-1,-1
515,278,457,457,32,99,1,-1,-1,-1
515,237,410,462,45,110,1,-1,-1,-1
515,42,380,463,43,112,1,-1,-1,-1
515,297,636,454,29,90,1,-1,-1,-1
515,185,925,441,122,282,1,-1,-1,-1
515,204,874,416,90,284,1,-1,-1,-1
515,283,1172,448,38,86,1,-1,-1,-1
515,222,695,451,41,124,1,-1,-1,-1
515,312,1182,450,33,84,1,-1,-1,-1
516,248,1785,393,135,513,1,-1,-1,-1
516,4,1568,382,274,698,1,-1,-1,-1
516,138,1337,425,214,643,1,-1,-1,-1
516,213,737,435,100,260,1,-1,-1,-1
516,267,573,455,27,79,1,-1,-1,-1
516,268,541,457,26,76,1,-1,-1,-1
516,271,574,425,16,37,1,-1,-1,-1
516,198,1051,443,91,236,1,-1,-1,-1
516,278,458,457,31,98,1,-1,-1,-1
516,237,410,462,45,110,1,-1,-1,-1
516,42,380,463,43,112,1,-1,-1,-1
516,297,637,454,28,90,1,-1,-1,-1
516,185,927,442,123,280,1,-1,-1,-1
516,204,875,413,91,289,1,-1,-1,-1
516,283,1174,448,38,87,1,-1,-1,-1
516,222,692,451,42,124,1,-1,-1,-1
516,275,494,456,25,65,1,-1,-1,-1
517,248,1791,395,129,510,1,-1,-1,-1
517,4,1573,384,275,696,1,-1,-1,-1
517,138,1339,426,215,642,1,-1,-1,-1
517,213,740,433,99,258,1,-1,-1,-1
517,267,574,455,26,80,1,-1,-1,-1
517,268,541,458,26,75,1,-1,-1,-1
517,271,574,425,17,36,1,-1,-1,-1
517,198,1052,441,92,237,1,-1,-1,-1
517,278,458,458,31,98,1,-1,-1,-1
517,237,411,463,44,110,1,-1,-1,-1
517,42,380,463,43,113,1,-1,-1,-1
517,297,638,454,28,89,1,-1,-1,-1
517,185,929,443,124,279,1,-1,-1,-1
517,204,877,413,92,290,1,-1,-1,-1
517,283,1174,448,39,87,1,-1,-1,-1
517,222,690,450,41,125,1,-1,-1,-1
517,275,494,456,25,63,1,-1,-1,-1
518,248,1801,402,119,496,1,-1,-1,-1
518,4,1577,384,277,696,1,-1,-1,-1
518,138,1340,423,218,645,1,-1,-1,-1
518,213,744,432,98,259,1,-1,-1,-1
518,267,574,456,26,79,1,-1,-1,-1
518,268,542,458,25,75,1,-1,-1,-1
518,271,574,425,17,36,1,-1,-1,-1
518,198,1054,444,92,234,1,-1,-1,-1
518,278,458,458,31,97,1,-1,-1,-1
518,237,411,463,44,110,1,-1,-1,-1
518,42,380,463,43,113,1,-1,-1,-1
518,297,638,454,28,87,1,-1,-1,-1
518,185,930,442,126,281,1,-1,-1,-1
518,204,877,412,92,291,1,-1,-1,-1
518,283,1174,449,39,85,1,-1,-1,-1
518,222,687,449,42,127,1,-1,-1,-1
518,275,495,457,24,62,1,-1,-1,-1
518,291,1123,455,41,121,1,-1,-1,-1
519,248,1800,404,120,514,1,-1,-1,-1
519,4,1578,384,277,696,1,-1,-1,-1
519,138,1347,419,220,645,1,-1,-1,-1
519,213,747,432,98,259,1,-1,-1,-1
519,267,575,456,26,78,1,-1,-1,-1
519,268,543,458,25,75,1,-1,-1,-1
519,271,574,425,17,36,1,-1,-1,-1
519,198,1054,437,94,240,1,-1,-1,-1
519,278,459,458,31,97,1,-1,-1,-1
519,237,411,463,44,109,1,-1,-1,-1
519,42,381,463,42,113,1,-1,-1,-1
519,297,639,453,28,89,1,-1,-1,-1
519,185,933,440,126,283,1,-1,-1,-1
519,204,878,412,92,289,1,-1,-1,-1
519,283,1174,448,38,86,1,-1,-1,-1
519,222,683,448,43,128,1,-1,-1,-1
519,275,495,457,24,62,1,-1,-1,-1
519,315,0,473,153,334,1,-1,-1,-1
519,316,615,450,24,59,1,-1,-1,-1
519,279,503,455,20,63,1,-1,-1,-1
519,305,1107,449,48,149,1,-1,-1,-1
520,4,1576,383,278,697,1,-1,-1,-1
520,138,1354,417,222,647,1,-1,-1,-1
520,213,754,431,96,259,1,-1,-1,-1
520,267,575,457,26,77,1,-1,-1,-1
520,268,543,458,25,75,1,-1,-1,-1
520,271,574,425,17,36,1,-1,-1,-1
520,198,1056,439,93,238,1,-1,-1,-1
520,278,459,457,31,98,1,-1,-1,-1
520,237,411,463,44,109,1,-1,-1,-1
520,42,381,463,42,113,1,-1,-1,-1
520,297,641,452,26,86,1,-1,-1,-1
520,185,936,438,128,286,1,-1,-1,-1
520,204,879,411,92,289,1,-1,-1,-1
520,283,1175,449,38,85,1,-1,-1,-1
520,222,681,446,43,129,1,-1,-1,-1
520,275,495,457,24,62,1,-1,-1,-1
520,315,0,472,150,339,1,-1,-1,-1
520,316,615,450,24,60,1,-1,-1,-1
521,4,1579,384,278,696,1,-1,-1,-1
521,138,1359,415,224,650,1,-1,-1,-1
521,213,760,430,95,260,1,-1,-1,-1
521,267,575,457,26,77,1,-1,-1,-1
521,268,543,459,24,74,1,-1,-1,-1
521,271,574,426,17,36,1,-1,-1,-1
521,198,1057,438,94,239,1,-1,-1,-1
521,278,459,457,31,97,1,-1,-1,-1
521,237,411,462,43,110,1,-1,-1,-1
521,42,381,463,42,113,1,-1,-1,-1
521,185,940,437,126,287,1,-1,-1,-1
521,204,880,411,92,290,1,-1,-1,-1
521,283,1174,449,38,86,1,-1,-1,-1
521,222,679,445,44,130,1,-1,-1,-1
521,275,494,457,25,64,1,-1,-1,-1
521,316,615,451,25,59,1,-1,-1,-1
521,319,1866,390,54,555,1,-1,-1,-1
521,320,491,456,24,83,1,-1,-1,-1
521,321,720,450,29,88,1,-1,-1,-1
522,4,1578,383,279,697,1,-1,-1,-1
522,138,1360,418,227,652,1,-1,-1,-1
522,213,766,430,94,260,1,-1,-1,-1
522,267,576,457,25,76,1,-1,-1,-1
522,268,542,459,25,74,1,-1,-1,-1
522,271,574,426,17,36,1,-1,-1,-1
522,198,1058,439,93,236,1,-1,-1,-1
522,278,459,457,31,97,1,-1,-1,-1
522,237,411,462,43,110,1,-1,-1,-1
522,42,381,463,42,112,1,-1,-1,-1
522,185,944,436,126,288,1,-1,-1,-1
522,204,882,411,93,291,1,-1,-1,-1
522,283,1174,449,39,86,1,-1,-1,-1
522,222,678,444,43,131,1,-1,-1,-1
522,275,494,457,25,65,1,-1,-1,-1
522,316,616,451,24,59,1,-1,-1,-1
522,320,492,457,24,82,1,-1,-1,-1
522,321,719,449,30,90,1,-1,-1,-1
523,4,1578,383,279,697,1,-1,-1,-1
523,138,1366,419,228,650,1,-1,-1,-1
523,213,771,429,92,261,1,-1,-1,-1
523,267,576,456,26,77,1,-1,-1,-1
523,268,543,459,25,74,1,-1,-1,-1
523,271,575,426,17,37,1,-1,-1,-1
523,198,1059,440,93,234,1,-1,-1,-1
523,278,459,457,30,97,1,-1,-1,-1
523,237,411,462,44,109,1,-1,-1,-1
523,42,381,462,42,113,1,-1,-1,-1
523,185,951,437,122,286,1,-1,-1,-1
523,204,886,409,95,294,1,-1,-1,-1
523,283,1175,448,38,86,1,-1,-1,-1
523,222,677,445,43,130,1,-1,-1,-1
523,275,496,457,24,63,1,-1,-1,-1
523,316,615,449,25,60,1,-1,-1,-1
523,321,718,449,30,89,1,-1,-1,-1
523,306,588,427,27,44,1,-1,-1,-1
523,279,503,456,21,64,1,-1,-1,-1
524,4,1591,380,282,700,1,-1,-1,-1
524,138,1375,419,227,649,1,-1,-1,-1
524,213,776,428,92,264,1,-1,-1,-1
524,267,577,455,26,79,1,-1,-1,-1
524,268,543,457,25,77,1,-1,-1,-1
524,271,574,425,17,38,1,-1,-1,-1
524,198,1062,444,91,230,1,-1,-1,-1
524,278,459,457,31,97,1,-1,-1,-1
524,237,411,461,44,111,1,-1,-1,-1
524,42,381,462,42,114,1,-1,-1,-1
524,185,959,436,120,287,1,-1,-1,-1
524,204,890,409,95,296,1,-1,-1,-1
524,283,1174,448,38,86,1,-1,-1,-1
524,222,676,446,43,128,1,-1,-1,-1
524,275,497,457,23,60,1,-1,-1,-1
524,316,615,447,25,62,1,-1,-1,-1
524,321,718,449,29,89,1,-1,-1,-1
524,306,587,427,27,44,1,-1,-1,-1
524,279,505,456,20,62,1,-1,-1,-1
525,4,1604,379,285,701,1,-1,-1,-1
525,138,1386,419,227,651,1,-1,-1,-1
525,213,780,427,92,265,1,-1,-1,-1
525,267,577,455,27,78,1,-1,-1,-1
525,268,543,458,25,76,1,-1,-1,-1
525,271,574,425,18,39,1,-1,-1,-1
525,198,1064,447,90,227,1,-1,-1,-1
525,278,458,457,31,97,1,-1,-1,-1
525,237,411,460,44,112,1,-1,-1,-1
525,42,381,462,43,114,1,-1,-1,-1
525,185,968,436,118,287,1,-1,-1,-1
525,204,893,408,94,299,1,-1,-1,-1
525,283,1173,447,39,89,1,-1,-1,-1
525,222,675,447,43,126,1,-1,-1,-1
525,321,717,449,30,92,1,-1,-1,-1
525,279,506,457,20,60,1,-1,-1,-1
526,4,1611,381,288,699,1,-1,-1,-1
526,138,1400,419,227,654,1,-1,-1,-1
526,213,785,427,90,264,1,-1,-1,-1
526,267,578,454,26,79,1,-1,-1,-1
526,268,543,458,25,76,1,-1,-1,-1
526,271,574,425,18,40,1,-1,-1,-1
526,198,1067,445,91,229,1,-1,-1,-1
526,278,458,456,31,98,1,-1,-1,-1
526,237,411,459,45,113,1,-1,-1,-1
526,42,381,461,43,115,1,-1,-1,-1
526,185,978,437,116,287,1,-1,-1,-1
526,204,896,409,94,299,1,-1,-1,-1
526,283,1170,447,41,92,1,-1,-1,-1
526,222,674,447,43,124,1,-1,-1,-1
526,321,717,449,30,92,1,-1,-1,-1
526,279,507,457,20,60,1,-1,-1,-1
526,323,511,456,23,62,1,-1,-1,-1
526,301,1481,407,258,658,1,-1,-1,-1
527,4,1619,378,290,702,1,-1,-1,-1
527,138,1418,413,227,661,1,-1,-1,-1
527,213,790,429,89,258,1,-1,-1,-1
527,267,578,454,26,79,1,-1,-1,-1
527,268,542,458,26,76,1,-1,-1,-1
527,271,574,425,18,40,1,-1,-1,-1
527,198,1070,446,90,228,1,-1,-1,-1
527,278,458,457,31,97,1,-1,-1,-1
527,237,411,459,45,113,1,-1,-1,-1
527,42,381,461,43,116,1,-1,-1,-1
527,185,982,437,114,287,1,-1,-1,-1
527,204,900,408,93,301,1,-1,-1,-1
527,283,1170,447,40,94,1,-1,-1,-1
527,222,673,446,43,126,1,-1,-1,-1
527,321,716,449,31,93,1,-1,-1,-1
527,279,508,457,20,59,1,-1,-1,-1
527,323,511,456,24,62,1,-1,-1,-1
527,301,1473,407,263,663,1,-1,-1,-1
527,316,615,447,26,63,1,-1,-1,-1
527,306,586,427,27,44,1,-1,-1,-1
528,4,1627,374,292,706,1,-1,-1,-1
528,138,1438,409,228,667,1,-1,-1,-1
528,213,795,431,88,256,1,-1,-1,-1
528,267,578,454,26,79,1,-1,-1,-1
528,268,543,457,26,77,1,-1,-1,-1
528,271,574,425,18,41,1,-1,-1,-1
528,198,1075,447,88,227,1,-1,-1,-1
528,278,457,457,30,97,1,-1,-1,-1
528,237,411,458,45,114,1,-1,-1,-1
528,42,382,461,42,115,1,-1,-1,-1
528,185,985,439,111,285,1,-1,-1,-1
528,204,904,409,91,299,1,-1,-1,-1
528,283,1167,447,42,96,1,-1,-1,-1
528,222,671,447,44,124,1,-1,-1,-1
528,321,716,448,31,95,1,-1,-1,-1
528,323,511,456,22,57,1,-1,-1,-1
528,301,1488,408,256,654,1,-1,-1,-1
528,316,615,446,26,65,1,-1,-1,-1
529,4,1650,376,270,704,1,-1,-1,-1
529,138,1453,408,228,670,1,-1,-1,-1
529,213,802,430,90,258,1,-1,-1,-1
529,267,578,454,26,80,1,-1,-1,-1
529,268,543,456,26,79,1,-1,-1,-1
529,271,574,425,18,41,1,-1,-1,-1
529,198,1077,447,88,229,1,-1,-1,-1
529,278,457,457,30,97,1,-1,-1,-1
529,237,411,457,45,115,1,-1,-1,-1
529,42,382,461,42,115,1,-1,-1,-1
529,185,989,439,109,286,1,-1,-1,-1
529,204,907,409,91,300,1,-1,-1,-1
529,283,1166,449,42,96,1,-1,-1,-1
529,222,670,447,44,124,1,-1,-1,-1
529,321,716,448,31,95,1,-1,-1,-1
529,301,1489,405,253,653,1,-1,-1,-1
529,316,615,445,26,66,1,-1,-1,-1
529,279,509,456,20,57,1,-1,-1,-1
530,4,1660,375,260,705,1,-1,-1,-1
530,138,1450,410,225,667,1,-1,-1,-1
530,213,807,430,91,258,1,-1,-1,-1
530,267,578,454,26,80,1,-1,-1,-1
530,268,542,456,26,78,1,-1,-1,-1
530,271,574,425,18,40,1,-1,-1,-1
530,198,1080,448,87,230,1,-1,-1,-1
530,278,458,458,30,97,1,-1,-1,-1
530,237,411,458,44,113,1,-1,-1,-1
530,42,382,462,42,113,1,-1,-1,-1
530,185,996,439,109,287,1,-1,-1,-1
530,204,910,409,90,301,1,-1,-1,-1
530,283,1161,449,42,99,1,-1,-1,-1
530,222,668,448,44,123,1,-1,-1,-1
530,321,715,448,32,95,1,-1,-1,-1
530,301,1509,404,242,635,1,-1,-1,-1
530,316,615,445,27,67,1,-1,-1,-1
530,327,624,449,25,62,1,-1,-1,-1
530,306,587,427,27,42,1,-1,-1,-1
531,4,1674,375,246,705,1,-1,-1,-1
531,138,1447,412,224,667,1,-1,-1,-1
531,213,809,429,93,257,1,-1,-1,-1
531,267,577,454,27,81,1,-1,-1,-1
531,268,542,456,26,78,1,-1,-1,-1
531,271,575,425,17,39,1,-1,-1,-1
531,198,1083,446,87,235,1,-1,-1,-1
531,278,458,459,31,96,1,-1,-1,-1
531,237,411,458,44,114,1,-1,-1,-1
531,42,382,462,42,114,1,-1,-1,-1
531,185,1000,436,110,289,1,-1,-1,-1
531,204,911,409,90,301,1,-1,-1,-1
531,283,1164,448,43,100,1,-1,-1,-1
531,222,666,448,43,122,1,-1,-1,-1
531,321,714,447,32,96,1,-1,-1,-1
531,301,1529,401,236,635,1,-1,-1,-1
531,316,615,446,27,66,1,-1,-1,-1
531,327,625,450,24,62,1,-1,-1,-1
531,306,588,427,26,41,1,-1,-1,-1
532,4,1685,375,235,705,1,-1,-1,-1
532,138,1451,412,223,667,1,-1,-1,-1
532,213,811,430,95,257,1,-1,-1,-1
532,267,576,453,28,83,1,-1,-1,-1
532,268,542,455,26,79,1,-1,-1,-1
532,271,575,425,17,40,1,-1,-1,-1
532,198,1086,444,86,237,1,-1,-1,-1
532,278,458,459,30,96,1,-1,-1,-1
532,237,410,459,45,113,1,-1,-1,-1
532,42,382,462,41,113,1,-1,-1,-1
532,185,1006,438,108,285,1,-1,-1,-1
532,204,915,410,89,299,1,-1,-1,-1
532,283,1164,448,44,102,1,-1,-1,-1
532,222,664,448,43,122,1,-1,-1,-1
532,321,714,447,32,97,1,-1,-1,-1
532,301,1545,400,234,634,1,-1,-1,-1
532,316,616,444,27,68,1,-1,-1,-1
532,306,588,427,26,43,1,-1,-1,-1
533,4,1691,376,229,704,1,-1,-1,-1
533,138,1460,411,225,669,1,-1,-1,-1
533,213,813,431,96,256,1,-1,-1,-1
533,267,577,453,28,83,1,-1,-1,-1
533,268,542,454,27,81,1,-1,-1,-1
533,271,575,425,18,41,1,-1,-1,-1
533,198,1089,443,85,237,1,-1,-1,-1
533,278,457,459,31,96,1,-1,-1,-1
533,237,410,458,45,113,1,-1,-1,-1
533,42,382,462,41,113,1,-1,-1,-1
533,185,1011,438,108,284,1,-1,-1,-1
533,204,918,410,88,298,1,-1,-1,-1
533,283,1165,447,42,98,1,-1,-1,-1
533,222,662,448,43,121,1,-1,-1,-1
533,321,714,447,32,97,1,-1,-1,-1
533,301,1551,401,230,634,1,-1,-1,-1
533,316,615,444,28,68,1,-1,-1,-1
533,275,499,456,22,60,1,-1,-1,-1
534,4,1701,378,219,702,1,-1,-1,-1
534,138,1461,409,226,671,1,-1,-1,-1
534,213,814,432,98,256,1,-1,-1,-1
534,267,578,452,28,84,1,-1,-1,-1
534,268,543,453,27,82,1,-1,-1,-1
534,271,574,425,18,42,1,-1,-1,-1
534,198,1091,442,84,236,1,-1,-1,-1
534,278,457,459,30,96,1,-1,-1,-1
534,237,411,458,44,113,1,-1,-1,-1
534,42,382,462,41,113,1,-1,-1,-1
534,185,1015,438,110,284,1,-1,-1,-1
534,204,921,408,90,299,1,-1,-1,-1
534,283,1167,447,41,94,1,-1,-1,-1
534,222,661,449,42,120,1,-1,-1,-1
534,321,714,448,33,96,1,-1,-1,-1
534,301,1558,400,227,634,1,-1,-1,-1
534,275,499,456,23,58,1,-1,-1,-1
535,4,1710,384,210,694,1,-1,-1,-1
535,138,1468,408,229,672,1,-1,-1,-1
535,213,814,432,100,255,1,-1,-1,-1
535,267,579,452,29,85,1,-1,-1,-1
535,268,544,453,27,83,1,-1,-1,-1
535,271,574,425,18,41,1,-1,-1,-1
535,198,1094,442,84,235,1,-1,-1,-1
535,278,456,459,31,96,1,-1,-1,-1
535,237,411,458,44,114,1,-1,-1,-1
535,42,382,462,41,113,1,-1,-1,-1
535,185,1017,438,111,284,1,-1,-1,-1
535,204,923,411,90,296,1,-1,-1,-1
535,283,1166,448,41,95,1,-1,-1,-1
535,222,660,449,42,120,1,-1,-1,-1
535,321,715,447,32,97,1,-1,-1,-1
535,301,1564,401,224,634,1,-1,-1,-1
535,275,501,455,22,58,1,-1,-1,-1
535,323,507,454,22,58,1,-1,-1,-1
536,4,1716,386,204,693,1,-1,-1,-1
536,138,1473,408,233,672,1,-1,-1,-1
536,213,815,431,100,255,1,-1,-1,-1
536,267,580,453,28,84,1,-1,-1,-1
536,268,545,454,27,83,1,-1,-1,-1
536,271,574,425,18,41,1,-1,-1,-1
536,198,1099,441,83,235,1,-1,-1,-1
536,278,456,459,30,96,1,-1,-1,-1
536,237,411,458,44,113,1,-1,-1,-1
536,42,382,462,41,113,1,-1,-1,-1
536,185,1018,438,113,284,1,-1,-1,-1
536,204,925,413,91,295,1,-1,-1,-1
536,283,1165,449,42,97,1,-1,-1,-1
536,222,659,449,41,119,1,-1,-1,-1
536,321,714,446,33,97,1,-1,-1,-1
536,301,1570,403,221,631,1,-1,-1,-1
537,4,1723,388,197,691,1,-1,-1,-1
537,138,1470,407,234,672,1,-1,-1,-1
537,213,815,432,102,255,1,-1,-1,-1
537,267,580,454,29,83,1,-1,-1,-1
537,268,546,455,27,82,1,-1,-1,-1
537,271,574,425,18,42,1,-1,-1,-1
537,198,1101,443,83,232,1,-1,-1,-1
537,278,456,459,30,96,1,-1,-1,-1
537,237,411,458,45,113,1,-1,-1,-1
537,42,382,462,41,113,1,-1,-1,-1
537,185,1019,438,114,283,1,-1,-1,-1
537,204,929,414,92,294,1,-1,-1,-1
537,283,1164,449,43,99,1,-1,-1,-1
537,222,659,450,41,118,1,-1,-1,-1
537,321,714,446,32,97,1,-1,-1,-1
537,301,1573,406,219,631,1,-1,-1,-1
537,275,502,454,22,58,1,-1,-1,-1
538,4,1729,386,191,693,1,-1,-1,-1
538,138,1470,408,236,670,1,-1,-1,-1
538,213,817,432,101,252,1,-1,-1,-1
538,267,581,454,29,84,1,-1,-1,-1
538,268,546,455,26,82,1,-1,-1,-1
538,271,574,425,18,42,1,-1,-1,-1
538,198,1101,442,83,233,1,-1,-1,-1
538,278,455,459,31,96,1,-1,-1,-1
538,237,411,458,45,113,1,-1,-1,-1
538,42,382,462,41,114,1,-1,-1,-1
538,185,1021,438,115,283,1,-1,-1,-1
538,204,933,414,95,294,1,-1,-1,-1
538,283,1165,449,43,98,1,-1,-1,-1
538,222,658,451,41,117,1,-1,-1,-1
538,321,714,446,32,97,1,-1,-1,-1
538,301,1575,413,215,621,1,-1,-1,-1
538,275,499,455,22,59,1,-1,-1,-1
539,4,1736,384,184,695,1,-1,-1,-1
539,138,1474,407,239,672,1,-1,-1,-1
539,213,819,433,102,249,1,-1,-1,-1
539,267,581,454,29,85,1,-1,-1,-1
539,268,546,456,26,81,1,-1,-1,-1
539,271,575,425,17,41,1,-1,-1,-1
539,198,1103,441,82,234,1,-1,-1,-1
539,278,454,458,31,97,1,-1,-1,-1
539,237,411,458,44,114,1,-1,-1,-1
539,42,382,462,41,114,1,-1,-1,-1
539,185,1024,436,114,284,1,-1,-1,-1
539,204,935,414,97,295,1,-1,-1,-1
539,283,1166,449,43,99,1,-1,-1,-1
539,222,656,449,41,118,1,-1,-1,-1
539,321,713,447,33,96,1,-1,-1,-1
539,301,1579,414,212,616,1,-1,-1,-1
539,275,499,455,23,59,1,-1,-1,-1
539,330,523,454,25,63,1,-1,-1,-1
540,4,1744,389,176,691,1,-1,-1,-1
540,138,1475,410,239,669,1,-1,-1,-1
540,213,821,432,102,248,1,-1,-1,-1
540,267,581,454,29,85,1,-1,-1,-1
540,268,545,457,26,81,1,-1,-1,-1
540,271,575,426,17,40,1,-1,-1,-1
540,198,1100,437,84,239,1,-1,-1,-1
540,278,455,458,30,96,1,-1,-1,-1
540,237,411,458,44,114,1,-1,-1,-1
540,42,383,463,40,112,1,-1,-1,-1
540,185,1026,435,115,286,1,-1,-1,-1
540,204,936,413,100,295,1,-1,-1,-1
540,283,1165,450,43,98,1,-1,-1,-1
540,222,656,449,40,117,1,-1,-1,-1
540,321,713,448,32,94,1,-1,-1,-1
540,301,1582,417,211,611,1,-1,-1,-1
541,4,1752,388,168,692,1,-1,-1,-1
541,138,1476,411,239,668,1,-1,-1,-1
541,213,824,432,102,248,1,-1,-1,-1
541,267,581,454,29,85,1,-1,-1,-1
541,268,545,457,26,81,1,-1,-1,-1
541,271,575,426,17,40,1,-1,-1,-1
541,198,1100,437,84,240,1,-1,-1,-1
541,278,455,458,30,97,1,-1,-1,-1
541,237,411,458,44,113,1,-1,-1,-1
541,42,383,462,40,113,1,-1,-1,-1
541,185,1029,435,114,287,1,-1,-1,-1
541,204,938,412,102,295,1,-1,-1,-1
541,283,1166,449,44,99,1,-1,-1,-1
541,222,655,449,40,117,1,-1,-1,-1
541,321,712,448,32,94,1,-1,-1,-1
541,301,1582,419,211,606,1,-1,-1,-1
542,4,1760,381,160,699,1,-1,-1,-1
542,138,1484,407,241,668,1,-1,-1,-1
542,213,828,432,103,247,1,-1,-1,-1
542,267,581,454,29,85,1,-1,-1,-1
542,268,545,456,26,82,1,-1,-1,-1
542,271,576,426,16,39,1,-1,-1,-1
542,198,1101,439,83,238,1,-1,-1,-1
542,278,455,457,31,98,1,-1,-1,-1
542,237,411,458,44,113,1,-1,-1,-1
542,42,383,462,40,113,1,-1,-1,-1
542,185,1032,433,114,288,1,-1,-1,-1
542,204,938,414,104,293,1,-1,-1,-1
542,283,1167,449,45,100,1,-1,-1,-1
542,222,655,449,39,116,1,-1,-1,-1
542,321,711,449,32,93,1,-1,-1,-1
542,301,1587,420,214,607,1,-1,-1,-1
542,330,525,456,28,69,1,-1,-1,-1
543,4,1765,375,155,705,1,-1,-1,-1
543,138,1494,407,243,671,1,-1,-1,-1
543,213,835,432,101,246,1,-1,-1,-1
543,267,581,454,29,85,1,-1,-1,-1
543,268,545,456,27,82,1,-1,-1,-1
543,271,575,427,16,37,1,-1,-1,-1
543,198,1100,437,85,241,1,-1,-1,-1
543,278,456,457,31,98,1,-1,-1,-1
543,237,411,458,44,113,1,-1,-1,-1
543,42,383,462,40,113,1,-1,-1,-1
543,185,1035,433,113,289,1,-1,-1,-1
543,204,939,413,106,292,1,-1,-1,-1
543,283,1172,449,45,98,1,-1,-1,-1
543,222,654,449,40,117,1,-1,-1,-1
543,321,711,449,31,93,1,-1,-1,-1
543,301,1595,422,214,601,1,-1,-1,-1
543,330,525,457,28,67,1,-1,-1,-1
543,275,498,454,23,60,1,-1,-1,-1
544,4,1772,364,148,716,1,-1,-1,-1
544,138,1504,406,242,671,1,-1,-1,-1
544,213,840,431,102,247,1,-1,-1,-1
544,267,581,454,29,85,1,-1,-1,-1
544,268,546,456,27,81,1,-1,-1,-1
544,271,576,426,15,37,1,-1,-1,-1
544,198,1107,439,83,239,1,-1,-1,-1
544,278,457,457,30,98,1,-1,-1,-1
544,237,411,458,44,113,1,-1,-1,-1
544,42,383,462,40,113,1,-1,-1,-1
544,185,1040,433,113,290,1,-1,-1,-1
544,204,939,413,108,291,1,-1,-1,-1
544,222,653,448,40,117,1,-1,-1,-1
544,301,1596,420,220,609,1,-1,-1,-1
544,330,526,456,27,67,1,-1,-1,-1
544,275,499,454,22,59,1,-1,-1,-1
545,4,1785,387,135,693,1,-1,-1,-1
545,138,1514,407,241,672,1,-1,-1,-1
545,213,847,430,101,248,1,-1,-1,-1
545,267,582,454,29,85,1,-1,-1,-1
545,268,547,455,26,82,1,-1,-1,-1
545,271,575,426,16,37,1,-1,-1,-1
545,198,1110,440,82,239,1,-1,-1,-1
545,278,457,457,31,97,1,-1,-1,-1
545,237,411,458,44,113,1,-1,-1,-1
545,42,383,462,40,113,1,-1,-1,-1
545,185,1047,434,112,290,1,-1,-1,-1
545,204,940,414,109,290,1,-1,-1,-1
545,222,653,447,40,118,1,-1,-1,-1
545,301,1592,419,227,619,1,-1,-1,-1
545,330,525,455,27,68,1,-1,-1,-1
545,275,498,454,23,59,1,-1,-1,-1
545,319,1844,356,75,723,1,-1,-1,-1
545,283,1175,450,44,93,1,-1,-1,-1
545,321,711,449,32,93,1,-1,-1,-1
546,4,1788,398,132,682,1,-1,-1,-1
546,138,1525,408,236,667,1,-1,-1,-1
546,213,854,431,99,249,1,-1,-1,-1
546,267,583,453,29,85,1,-1,-1,-1
546,268,547,455,26,82,1,-1,-1,-1
546,271,575,426,16,37,1,-1,-1,-1
546,198,1113,441,82,238,1,-1,-1,-1
546,278,455,457,31,97,1,-1,-1,-1
546,237,411,458,44,113,1,-1,-1,-1
546,42,383,462,40,113,1,-1,-1,-1
546,185,1057,434,110,289,1,-1,-1,-1
546,204,941,415,109,289,1,-1,-1,-1
546,222,653,448,39,116,1,-1,-1,-1
546,301,1587,418,234,625,1,-1,-1,-1
546,330,524,455,27,67,1,-1,-1,-1
546,275,498,454,23,59,1,-1,-1,-1
546,319,1845,400,72,680,1,-1,-1,-1
546,283,1176,450,44,93,1,-1,-1,-1
546,321,712,449,31,93,1,-1,-1,-1
547,4,1790,395,130,685,1,-1,-1,-1
547,138,1533,407,236,671,1,-1,-1,-1
547,213,859,432,99,250,1,-1,-1,-1
547,267,583,453,29,85,1,-1,-1,-1
547,268,548,454,26,82,1,-1,-1,-1
547,271,575,425,16,39,1,-1,-1,-1
547,198,1113,441,81,238,1,-1,-1,-1
547,278,455,457,31,97,1,-1,-1,-1
547,237,411,457,44,114,1,-1,-1,-1
547,42,383,462,40,113,1,-1,-1,-1
547,185,1064,435,107,287,1,-1,-1,-1
547,204,943,415,110,289,1,-1,-1,-1
547,222,652,450,39,114,1,-1,-1,-1
547,301,1589,417,240,630,1,-1,-1,-1
547,330,522,454,26,65,1,-1,-1,-1
547,275,499,454,23,59,1,-1,-1,-1
547,319,1845,399,72,681,1,-1,-1,-1
547,283,1175,450,46,94,1,-1,-1,-1
547,321,712,449,32,93,1,-1,-1,-1
548,138,1540,405,235,674,1,-1,-1,-1
548,213,865,433,96,247,1,-1,-1,-1
548,267,583,453,29,84,1,-1,-1,-1
548,268,548,453,26,83,1,-1,-1,-1
548,271,575,425,16,38,1,-1,-1,-1
548,198,1114,439,82,240,1,-1,-1,-1
548,278,455,457,31,98,1,-1,-1,-1
548,237,411,458,44,113,1,-1,-1,-1
548,42,383,462,40,114,1,-1,-1,-1
548,185,1067,435,105,286,1,-1,-1,-1
548,204,947,416,109,289,1,-1,-1,-1
548,222,652,450,38,114,1,-1,-1,-1
548,301,1588,413,246,637,1,-1,-1,-1
548,330,521,453,26,63,1,-1,-1,-1
548,275,499,453,23,59,1,-1,-1,-1
548,319,1837,382,77,698,1,-1,-1,-1
548,283,1179,451,46,94,1,-1,-1,-1
548,321,713,449,32,94,1,-1,-1,-1
549,138,1552,401,233,670,1,-1,-1,-1
549,213,870,434,94,246,1,-1,-1,-1
549,267,583,452,29,86,1,-1,-1,-1
549,268,548,453,27,83,1,-1,-1,-1
549,271,575,425,16,37,1,-1,-1,-1
549,198,1113,438,83,244,1,-1,-1,-1
549,278,455,457,30,97,1,-1,-1,-1
549,237,411,458,44,113,1,-1,-1,-1
549,42,382,461,41,115,1,-1,-1,-1
549,185,1072,436,103,285,1,-1,-1,-1
549,204,951,417,108,288,1,-1,-1,-1
549,222,650,450,39,115,1,-1,-1,-1
549,301,1601,412,246,633,1,-1,-1,-1
549,275,499,452,24,60,1,-1,-1,-1
549,319,1843,368,77,712,1,-1,-1,-1
549,283,1184,452,46,95,1,-1,-1,-1
549,321,713,449,32,95,1,-1,-1,-1
549,316,614,446,27,65,1,-1,-1,-1
549,323,505,452,22,59,1,-1,-1,-1
550,138,1555,401,235,676,1,-1,-1,-1
550,213,874,437,93,244,1,-1,-1,-1
550,267,583,452,30,86,1,-1,-1,-1
550,268,549,453,26,83,1,-1,-1,-1
550,271,575,424,16,38,1,-1,-1,-1
550,198,1112,436,84,248,1,-1,-1,-1
550,278,455,457,30,97,1,-1,-1,-1
550,237,411,457,44,114,1,-1,-1,-1
550,42,382,461,41,115,1,-1,-1,-1
550,185,1080,435,101,286,1,-1,-1,-1
550,204,957,418,107,286,1,-1,-1,-1
550,222,650,450,38,115,1,-1,-1,-1
550,301,1603,404,256,657,1,-1,-1,-1
550,275,501,452,23,60,1,-1,-1,-1
550,283,1187,451,46,96,1,-1,-1,-1
550,321,714,449,32,95,1,-1,-1,-1
550,323,507,453,22,58,1,-1,-1,-1
550,330,520,451,25,64,1,-1,-1,-1
551,138,1571,398,238,681,1,-1,-1,-1
551,213,877,435,92,247,1,-1,-1,-1
551,267,584,452,29,86,1,-1,-1,-1
551,268,548,453,27,83,1,-1,-1,-1
551,271,574,424,16,39,1,-1,-1,-1
551,198,1110,436,89,257,1,-1,-1,-1
551,278,454,457,30,97,1,-1,-1,-1
551,237,411,457,44,114,1,-1,-1,-1
551,42,383,462,40,114,1,-1,-1,-1
551,185,1085,435,102,288,1,-1,-1,-1
551,204,963,417,105,286,1,-1,-1,-1
551,222,649,451,38,114,1,-1,-1,-1
551,301,1610,400,261,674,1,-1,-1,-1
551,275,501,453,22,59,1,-1,-1,-1
551,283,1189,450,46,97,1,-1,-1,-1
551,321,714,448,32,96,1,-1,-1,-1
551,323,506,454,21,57,1,-1,-1,-1
551,330,520,451,25,63,1,-1,-1,-1
551,316,614,444,28,67,1,-1,-1,-1
552,138,1560,401,238,678,1,-1,-1,-1
552,213,883,434,92,247,1,-1,-1,-1
552,267,584,452,29,86,1,-1,-1,-1
552,268,548,454,26,82,1,-1,-1,-1
552,271,574,424,17,39,1,-1,-1,-1
552,198,1117,431,89,258,1,-1,-1,-1
552,237,411,458,44,113,1,-1,-1,-1
552,42,383,462,40,114,1,-1,-1,-1
552,185,1089,435,103,289,1,-1,-1,-1
552,204,969,415,103,287,1,-1,-1,-1
552,222,648,451,38,114,1,-1,-1,-1
552,301,1628,403,255,664,1,-1,-1,-1
552,275,499,454,23,60,1,-1,-1,-1
552,283,1191,451,45,95,1,-1,-1,-1
552,321,714,448,33,96,1,-1,-1,-1
552,330,521,451,25,62,1,-1,-1,-1
552,316,614,444,28,67,1,-1,-1,-1
553,138,1558,401,236,679,1,-1,-1,-1
553,213,887,434,90,246,1,-1,-1,-1
553,267,583,452,30,87,1,-1,-1,-1
553,268,548,455,27,81,1,-1,-1,-1
553,271,575,423,16,39,1,-1,-1,-1
553,198,1121,430,88,253,1,-1,-1,-1
553,237,411,457,44,114,1,-1,-1,-1
553,42,384,461,40,115,1,-1,-1,-1
553,185,1092,435,104,290,1,-1,-1,-1
553,204,975,415,102,287,1,-1,-1,-1
553,222,648,451,38,114,1,-1,-1,-1
553,301,1644,403,246,643,1,-1,-1,-1
553,275,500,455,23,60,1,-1,-1,-1
553,283,1192,449,46,98,1,-1,-1,-1
553,321,715,447,33,97,1,-1,-1,-1
553,316,614,444,28,67,1,-1,-1,-1
554,138,1559,402,238,678,1,-1,-1,-1
554,213,892,435,90,245,1,-1,-1,-1
554,267,583,452,30,87,1,-1,-1,-1
554,268,548,455,26,81,1,-1,-1,-1
554,271,575,423,16,40,1,-1,-1,-1
554,237,411,456,44,115,1,-1,-1,-1
554,42,384,462,40,114,1,-1,-1,-1
554,185,1094,436,105,288,1,-1,-1,-1
554,204,979,414,102,289,1,-1,-1,-1
554,222,646,450,38,114,1,-1,-1,-1
554,301,1658,402,237,624,1,-1,-1,-1
554,275,498,455,24,61,1,-1,-1,-1
554,283,1192,448,47,101,1,-1,-1,-1
554,321,715,446,33,98,1,-1,-1,-1
554,316,614,446,28,65,1,-1,-1,-1
555,138,1565,401,239,679,1,-1,-1,-1
555,213,894,435,90,245,1,-1,-1,-1
555,267,583,452,30,87,1,-1,-1,-1
555,268,548,455,26,82,1,-1,-1,-1
555,271,575,424,16,39,1,-1,-1,-1
555,237,411,456,44,115,1,-1,-1,-1
555,42,384,462,39,114,1,-1,-1,-1
555,185,1094,435,107,290,1,-1,-1,-1
555,204,985,413,100,291,1,-1,-1,-1
555,222,646,451,38,113,1,-1,-1,-1
555,301,1667,401,231,614,1,-1,-1,-1
555,275,497,455,23,59,1,-1,-1,-1
555,283,1193,449,46,101,1,-1,-1,-1
555,321,715,447,33,97,1,-1,-1,-1
555,316,614,446,28,64,1,-1,-1,-1
555,330,524,452,25,61,1,-1,-1,-1
556,138,1569,400,243,680,1,-1,-1,-1
556,213,896,435,90,243,1,-1,-1,-1
556,267,584,452,29,86,1,-1,-1,-1
556,268,547,454,27,83,1,-1,-1,-1
556,271,574,424,16,39,1,-1,-1,-1
556,237,411,456,44,115,1,-1,-1,-1
556,42,383,462,40,114,1,-1,-1,-1
556,185,1097,435,108,289,1,-1,-1,-1
556,204,992,412,99,291,1,-1,-1,-1
556,222,645,451,38,113,1,-1,-1,-1
556,301,1669,401,229,611,1,-1,-1,-1
556,275,496,455,23,60,1,-1,-1,-1
556,321,715,448,33,96,1,-1,-1,-1
556,316,614,446,27,65,1,-1,-1,-1
557,138,1575,400,247,680,1,-1,-1,-1
557,213,898,435,91,244,1,-1,-1,-1
557,267,584,452,30,86,1,-1,-1,-1
557,268,548,454,27,83,1,-1,-1,-1
557,271,575,424,15,38,1,-1,-1,-1
557,237,411,455,44,116,1,-1,-1,-1
557,42,383,462,40,114,1,-1,-1,-1
557,185,1098,435,109,288,1,-1,-1,-1
557,204,996,413,98,288,1,-1,-1,-1
557,222,645,452,37,111,1,-1,-1,-1
557,301,1660,397,245,648,1,-1,-1,-1
557,275,496,455,23,60,1,-1,-1,-1
557,321,715,448,33,98,1,-1,-1,-1
557,316,613,446,28,65,1,-1,-1,-1
557,323,501,454,22,60,1,-1,-1,-1
557,283,1193,447,48,106,1,-1,-1,-1
557,330,520,451,25,62,1,-1,-1,-1
558,138,1580,399,253,681,1,-1,-1,-1
558,213,899,435,92,245,1,-1,-1,-1
558,267,585,452,29,86,1,-1,-1,-1
558,268,548,454,27,83,1,-1,-1,-1
558,271,575,424,16,38,1,-1,-1,-1
558,237,412,455,43,116,1,-1,-1,-1
558,42,383,462,39,114,1,-1,-1,-1
558,185,1098,437,108,284,1,-1,-1,-1
558,204,1000,414,97,286,1,-1,-1,-1
558,222,644,452,37,111,1,-1,-1,-1
558,301,1655,395,252,664,1,-1,-1,-1
558,275,496,455,23,60,1,-1,-1,-1
558,321,716,449,33,97,1,-1,-1,-1
558,316,613,446,28,65,1,-1,-1,-1
558,323,501,454,22,61,1,-1,-1,-1
558,283,1198,447,47,107,1,-1,-1,-1
558,330,519,451,25,62,1,-1,-1,-1
559,138,1580,399,255,681,1,-1,-1,-1
559,213,902,437,91,242,1,-1,-1,-1
559,267,585,452,29,85,1,-1,-1,-1
559,268,549,454,26,83,1,-1,-1,-1
559,271,575,424,16,39,1,-1,-1,-1
559,237,412,455,44,116,1,-1,-1,-1
559,42,382,462,40,114,1,-1,-1,-1
559,185,1099,438,109,283,1,-1,-1,-1
559,204,1003,415,97,285,1,-1,-1,-1
559,222,642,451,38,111,1,-1,-1,-1
559,301,1675,397,243,647,1,-1,-1,-1
559,321,716,449,32,96,1,-1,-1,-1
559,316,613,446,28,65,1,-1,-1,-1
559,323,500,454,23,61,1,-1,-1,-1
559,283,1201,448,47,106,1,-1,-1,-1
559,330,519,451,25,62,1,-1,-1,-1
560,138,1584,398,257,682,1,-1,-1,-1
560,213,904,437,91,241,1,-1,-1,-1
560,267,586,453,28,84,1,-1,-1,-1
560,268,549,455,27,83,1,-1,-1,-1
560,271,575,425,15,37,1,-1,-1,-1
560,237,413,455,42,116,1,-1,-1,-1
560,42,382,462,40,114,1,-1,-1,-1
560,185,1101,437,109,283,1,-1,-1,-1
560,204,1006,414,99,286,1,-1,-1,-1
560,222,642,452,37,109,1,-1,-1,-1
560,301,1685,397,235,647,1,-1,-1,-1
560,321,716,449,33,97,1,-1,-1,-1
560,316,613,447,28,64,1,-1,-1,-1
560,323,503,455,22,60,1,-1,-1,-1
560,283,1203,447,47,107,1,-1,-1,-1
560,330,521,452,24,61,1,-1,-1,-1
560,275,497,455,24,61,1,-1,-1,-1
561,138,1593,398,260,682,1,-1,-1,-1
561,213,909,437,89,238,1,-1,-1,-1
561,267,586,454,28,82,1,-1,-1,-1
561,268,550,456,26,82,1,-1,-1,-1
561,271,575,425,16,39,1,-1,-1,-1
561,237,412,455,43,116,1,-1,-1,-1
561,42,382,463,40,113,1,-1,-1,-1
561,185,1106,438,107,281,1,-1,-1,-1
561,204,1008,415,101,285,1,-1,-1,-1
561,222,641,451,37,109,1,-1,-1,-1
561,301,1694,400,226,644,1,-1,-1,-1
561,321,716,450,33,97,1,-1,-1,-1
561,316,613,449,27,63,1,-1,-1,-1
561,283,1205,446,47,108,1,-1,-1,-1
561,330,523,452,24,60,1,-1,-1,-1
561,338,879,444,30,81,1,-1,-1,-1
561,275,498,455,23,60,1,-1,-1,-1
562,138,1596,397,263,683,1,-1,-1,-1
562,213,913,436,90,238,1,-1,-1,-1
562,267,586,453,28,84,1,-1,-1,-1
562,268,550,456,26,82,1,-1,-1,-1
562,271,575,424,17,41,1,-1,-1,-1
562,237,412,455,43,116,1,-1,-1,-1
562,42,381,462,40,113,1,-1,-1,-1
562,185,1111,436,107,283,1,-1,-1,-1
562,204,1011,414,103,286,1,-1,-1,-1
562,222,640,451,37,110,1,-1,-1,-1
562,321,717,451,33,94,1,-1,-1,-1
562,316,613,448,28,64,1,-1,-1,-1
562,283,1207,445,47,109,1,-1,-1,-1
562,330,524,453,24,59,1,-1,-1,-1
562,338,880,443,30,82,1,-1,-1,-1
562,275,498,457,23,59,1,-1,-1,-1
562,339,419,456,43,107,1,-1,-1,-1
562,278,452,458,30,96,1,-1,-1,-1
563,138,1609,397,265,683,1,-1,-1,-1
563,213,917,433,90,242,1,-1,-1,-1
563,267,586,454,28,83,1,-1,-1,-1
563,268,550,455,27,83,1,-1,-1,-1
563,271,576,423,17,42,1,-1,-1,-1
563,237,412,456,43,116,1,-1,-1,-1
563,42,382,462,40,114,1,-1,-1,-1
563,185,1118,435,107,283,1,-1,-1,-1
563,204,1014,416,104,284,1,-1,-1,-1
563,222,640,451,37,110,1,-1,-1,-1
563,321,718,451,33,96,1,-1,-1,-1
563,316,613,449,27,62,1,-1,-1,-1
563,283,1211,446,47,107,1,-1,-1,-1
563,330,524,452,24,59,1,-1,-1,-1
563,338,881,443,30,81,1,-1,-1,-1
563,275,498,456,23,61,1,-1,-1,-1
564,138,1616,396,267,684,1,-1,-1,-1
564,213,922,430,90,244,1,-1,-1,-1
564,267,586,453,28,84,1,-1,-1,-1
564,268,550,455,27,83,1,-1,-1,-1
564,271,577,422,17,42,1,-1,-1,-1
564,237,414,456,42,115,1,-1,-1,-1
564,42,383,462,40,114,1,-1,-1,-1
564,185,1125,433,106,284,1,-1,-1,-1
564,204,1014,416,107,284,1,-1,-1,-1
564,222,640,452,36,108,1,-1,-1,-1
564,321,718,451,33,96,1,-1,-1,-1
564,316,613,447,28,64,1,-1,-1,-1
564,283,1215,446,46,106,1,-1,-1,-1
564,330,525,452,24,59,1,-1,-1,-1
564,338,884,440,29,80,1,-1,-1,-1
564,275,497,456,24,61,1,-1,-1,-1
564,301,1702,402,218,651,1,-1,-1,-1
565,138,1622,395,270,685,1,-1,-1,-1
565,213,926,430,90,245,1,-1,-1,-1
565,267,586,453,29,85,1,-1,-1,-1
565,268,550,455,27,83,1,-1,-1,-1
565,271,577,422,17,43,1,-1,-1,-1
565,237,414,456,42,115,1,-1,-1,-1
565,42,383,463,40,113,1,-1,-1,-1
565,185,1130,433,105,282,1,-1,-1,-1
565,204,1015,416,108,284,1,-1,-1,-1
565,222,640,452,36,108,1,-1,-1,-1
565,321,719,448,33,98,1,-1,-1,-1
565,316,612,447,29,64,1,-1,-1,-1
565,283,1217,446,46,108,1,-1,-1,-1
565,330,525,452,24,60,1,-1,-1,-1
565,338,885,438,30,81,1,-1,-1,-1
565,275,498,456,24,63,1,-1,-1,-1
565,301,1716,405,204,648,1,-1,-1,-1
566,138,1631,396,271,684,1,-1,-1,-1
566,213,934,430,88,243,1,-1,-1,-1
566,267,585,452,30,87,1,-1,-1,-1
566,268,550,454,28,83,1,-1,-1,-1
566,271,577,422,16,43,1,-1,-1,-1
566,237,414,455,42,116,1,-1,-1,-1
566,42,382,461,41,116,1,-1,-1,-1
566,185,1137,435,102,279,1,-1,-1,-1
566,204,1015,417,110,283,1,-1,-1,-1
566,222,640,452,35,108,1,-1,-1,-1
566,321,719,449,33,98,1,-1,-1,-1
566,316,612,447,29,64,1,-1,-1,-1
566,283,1219,446,46,106,1,-1,-1,-1
566,330,525,451,24,60,1,-1,-1,-1
566,275,498,455,24,63,1,-1,-1,-1
566,301,1719,408,201,652,1,-1,-1,-1
567,138,1639,395,273,685,1,-1,-1,-1
567,213,940,431,86,241,1,-1,-1,-1
567,267,585,451,29,89,1,-1,-1,-1
567,268,550,454,27,84,1,-1,-1,-1
567,271,577,422,16,42,1,-1,-1,-1
567,237,414,455,42,116,1,-1,-1,-1
567,42,381,461,41,116,1,-1,-1,-1
567,185,1138,433,103,283,1,-1,-1,-1
567,204,1016,418,112,282,1,-1,-1,-1
567,222,639,452,36,108,1,-1,-1,-1
567,321,719,446,34,100,1,-1,-1,-1
567,316,612,447,29,64,1,-1,-1,-1
567,283,1219,445,47,109,1,-1,-1,-1
567,330,524,451,24,59,1,-1,-1,-1
567,275,498,456,24,62,1,-1,-1,-1
568,138,1646,396,271,684,1,-1,-1,-1
568,213,947,431,86,241,1,-1,-1,-1
568,267,585,451,30,90,1,-1,-1,-1
568,268,549,453,28,85,1,-1,-1,-1
568,271,576,422,16,44,1,-1,-1,-1
568,237,414,455,42,116,1,-1,-1,-1
568,42,382,462,41,115,1,-1,-1,-1
568,185,1143,432,103,284,1,-1,-1,-1
568,204,1019,419,113,281,1,-1,-1,-1
568,222,638,452,35,108,1,-1,-1,-1
568,321,719,447,34,99,1,-1,-1,-1
568,316,611,447,30,64,1,-1,-1,-1
568,283,1221,446,46,108,1,-1,-1,-1
568,330,523,451,25,60,1,-1,-1,-1
568,275,498,456,24,63,1,-1,-1,-1
569,138,1648,398,268,682,1,-1,-1,-1
569,213,949,432,85,240,1,-1,-1,-1
569,267,586,452,29,89,1,-1,-1,-1
569,268,549,453,29,86,1,-1,-1,-1
569,271,576,423,16,43,1,-1,-1,-1
569,237,415,455,42,117,1,-1,-1,-1
569,42,382,462,41,115,1,-1,-1,-1
569,185,1147,434,103,282,1,-1,-1,-1
569,204,1020,420,115,280,1,-1,-1,-1
569,222,638,453,35,106,1,-1,-1,-1
569,321,719,445,34,101,1,-1,-1,-1
569,283,1225,448,45,105,1,-1,-1,-1
569,330,524,451,24,60,1,-1,-1,-1
569,275,498,456,24,62,1,-1,-1,-1
570,138,1649,397,265,683,1,-1,-1,-1
570,213,952,432,84,238,1,-1,-1,-1
570,267,586,453,30,89,1,-1,-1,-1
570,268,550,453,28,86,1,-1,-1,-1
570,271,575,423,16,44,1,-1,-1,-1
570,237,415,455,41,117,1,-1,-1,-1
570,42,382,462,41,115,1,-1,-1,-1
570,185,1152,432,106,283,1,-1,-1,-1
570,204,1021,418,117,282,1,-1,-1,-1
570,222,637,453,35,106,1,-1,-1,-1
570,321,719,444,34,101,1,-1,-1,-1
570,330,523,451,25,61,1,-1,-1,-1
570,275,498,456,24,62,1,-1,-1,-1
570,301,1722,411,198,659,1,-1,-1,-1
571,138,1650,399,263,681,1,-1,-1,-1
571,213,954,432,84,239,1,-1,-1,-1
571,267,586,453,29,89,1,-1,-1,-1
571,268,550,454,28,86,1,-1,-1,-1
571,271,575,424,15,42,1,-1,-1,-1
571,237,414,455,42,117,1,-1,-1,-1
571,42,382,462,41,115,1,-1,-1,-1
571,185,1157,432,108,283,1,-1,-1,-1
571,204,1022,418,118,282,1,-1,-1,-1
571,222,636,453,35,106,1,-1,-1,-1
571,321,719,445,34,101,1,-1,-1,-1
571,330,523,451,25,62,1,-1,-1,-1
571,275,497,456,24,61,1,-1,-1,-1
571,301,1732,407,188,670,1,-1,-1,-1
572,138,1653,398,261,682,1,-1,-1,-1
572,213,956,432,84,239,1,-1,-1,-1
572,267,586,453,30,88,1,-1,-1,-1
572,268,551,455,28,85,1,-1,-1,-1
572,271,574,424,16,41,1,-1,-1,-1
572,237,414,456,42,116,1,-1,-1,-1
572,42,382,462,40,115,1,-1,-1,-1
572,185,1162,433,110,283,1,-1,-1,-1
572,204,1024,417,119,283,1,-1,-1,-1
572,222,636,453,34,106,1,-1,-1,-1
572,321,719,445,34,101,1,-1,-1,-1
572,330,523,452,25,61,1,-1,-1,-1
572,275,496,456,24,63,1,-1,-1,-1
572,301,1736,403,184,676,1,-1,-1,-1
573,138,1656,395,263,685,1,-1,-1,-1
573,213,959,431,87,244,1,-1,-1,-1
573,267,587,454,29,87,1,-1,-1,-1
573,268,551,456,28,84,1,-1,-1,-1
573,271,574,425,17,41,1,-1,-1,-1
573,237,414,456,42,115,1,-1,-1,-1
573,42,382,463,40,114,1,-1,-1,-1
573,185,1164,433,113,284,1,-1,-1,-1
573,204,1027,421,117,278,1,-1,-1,-1
573,222,635,454,34,104,1,-1,-1,-1
573,321,719,445,34,102,1,-1,-1,-1
573,330,523,452,25,61,1,-1,-1,-1
573,275,496,457,24,62,1,-1,-1,-1
574,138,1658,392,262,688,1,-1,-1,-1
574,213,961,430,90,252,1,-1,-1,-1
574,267,586,454,29,87,1,-1,-1,-1
574,268,552,457,27,83,1,-1,-1,-1
574,271,575,425,16,44,1,-1,-1,-1
574,237,414,456,42,115,1,-1,-1,-1
574,42,382,462,40,115,1,-1,-1,-1
574,185,1167,435,114,281,1,-1,-1,-1
574,204,1030,419,117,281,1,-1,-1,-1
574,222,635,454,33,104,1,-1,-1,-1
574,321,719,445,35,103,1,-1,-1,-1
574,330,523,453,25,61,1,-1,-1,-1
574,275,496,457,24,63,1,-1,-1,-1
574,323,501,457,22,62,1,-1,-1,-1
575,138,1659,391,261,689,1,-1,-1,-1
575,213,963,430,94,255,1,-1,-1,-1
575,267,587,454,29,87,1,-1,-1,-1
575,268,552,457,28,83,1,-1,-1,-1
575,271,575,425,17,43,1,-1,-1,-1
575,237,415,456,41,115,1,-1,-1,-1
575,42,382,462,41,115,1,-1,-1,-1
575,185,1168,437,116,279,1,-1,-1,-1
575,204,1032,420,117,280,1,-1,-1,-1
575,222,634,455,34,103,1,-1,-1,-1
575,321,719,446,35,102,1,-1,-1,-1
575,330,524,454,25,60,1,-1,-1,-1
575,275,497,457,24,62,1,-1,-1,-1
575,344,532,455,23,59,1,-1,-1,-1
575,323,504,457,21,60,1,-1,-1,-1
576,138,1659,391,261,689,1,-1,-1,-1
576,213,965,431,95,253,1,-1,-1,-1
576,267,587,454,29,87,1,-1,-1,-1
576,268,553,457,27,83,1,-1,-1,-1
576,271,577,425,16,43,1,-1,-1,-1
576,237,415,457,42,115,1,-1,-1,-1
576,42,383,462,40,116,1,-1,-1,-1
576,185,1168,436,119,279,1,-1,-1,-1
576,204,1037,417,116,284,1,-1,-1,-1
576,222,633,454,34,104,1,-1,-1,-1
576,321,720,446,35,102,1,-1,-1,-1
576,330,525,454,25,61,1,-1,-1,-1
576,275,498,458,23,61,1,-1,-1,-1
576,344,532,455,23,60,1,-1,-1,-1
576,323,504,457,21,61,1,-1,-1,-1
577,138,1660,391,260,689,1,-1,-1,-1
577,213,969,430,96,254,1,-1,-1,-1
577,267,587,453,29,88,1,-1,-1,-1
577,268,553,457,27,83,1,-1,-1,-1
577,271,577,425,16,42,1,-1,-1,-1
577,237,416,457,41,115,1,-1,-1,-1
577,42,383,462,40,116,1,-1,-1,-1
577,185,1167,436,120,278,1,-1,-1,-1
577,204,1044,420,113,281,1,-1,-1,-1
577,222,633,455,34,104,1,-1,-1,-1
577,321,720,446,35,103,1,-1,-1,-1
577,330,526,455,25,60,1,-1,-1,-1
577,275,497,458,24,62,1,-1,-1,-1
577,344,533,455,23,60,1,-1,-1,-1
577,323,503,456,22,63,1,-1,-1,-1
578,138,1661,392,259,688,1,-1,-1,-1
578,213,971,431,95,245,1,-1,-1,-1
578,267,587,454,29,87,1,-1,-1,-1
578,268,553,457,27,83,1,-1,-1,-1
578,271,577,425,16,41,1,-1,-1,-1
578,237,415,457,42,114,1,-1,-1,-1
578,42,384,462,39,115,1,-1,-1,-1
578,185,1166,436,121,279,1,-1,-1,-1
578,204,1050,420,110,280,1,-1,-1,-1
578,222,632,455,34,103,1,-1,-1,-1
578,321,720,446,35,102,1,-1,-1,-1
578,330,525,455,25,61,1,-1,-1,-1
578,344,530,455,24,60,1,-1,-1,-1
579,138,1662,396,258,684,1,-1,-1,-1
579,213,971,432,94,240,1,-1,-1,-1
579,267,587,453,30,88,1,-1,-1,-1
579,268,553,457,27,83,1,-1,-1,-1
579,271,577,425,15,40,1,-1,-1,-1
579,237,415,456,42,115,1,-1,-1,-1
579,42,384,462,40,115,1,-1,-1,-1
579,185,1166,435,123,279,1,-1,-1,-1
579,204,1054,423,106,277,1,-1,-1,-1
579,222,631,455,34,104,1,-1,-1,-1
579,321,720,446,35,102,1,-1,-1,-1
579,330,526,455,25,61,1,-1,-1,-1
579,344,531,455,24,61,1,-1,-1,-1
580,138,1663,399,257,681,1,-1,-1,-1
580,213,971,431,94,240,1,-1,-1,-1
580,267,587,452,30,88,1,-1,-1,-1
580,268,553,456,27,84,1,-1,-1,-1
580,271,578,425,15,40,1,-1,-1,-1
580,237,415,457,42,114,1,-1,-1,-1
580,42,384,462,40,115,1,-1,-1,-1
580,185,1167,432,126,282,1,-1,-1,-1
580,204,1060,426,101,273,1,-1,-1,-1
580,222,630,456,34,103,1,-1,-1,-1
580,321,721,446,35,103,1,-1,-1,-1
580,330,526,455,25,61,1,-1,-1,-1
580,344,533,456,24,61,1,-1,-1,-1
580,275,496,459,25,63,1,-1,-1,-1
581,138,1666,399,254,681,1,-1,-1,-1
581,213,970,432,95,239,1,-1,-1,-1
581,267,588,453,29,87,1,-1,-1,-1
581,268,553,457,27,83,1,-1,-1,-1
581,271,578,425,15,39,1,-1,-1,-1
581,237,414,457,42,114,1,-1,-1,-1
581,42,384,462,39,115,1,-1,-1,-1
581,185,1172,431,126,283,1,-1,-1,-1
581,204,1066,437,95,262,1,-1,-1,-1
581,222,629,454,35,104,1,-1,-1,-1
581,321,721,447,35,102,1,-1,-1,-1
581,330,526,456,24,60,1,-1,-1,-1
581,275,496,459,25,63,1,-1,-1,-1
582,138,1673,400,247,680,1,-1,-1,-1
582,213,969,432,95,239,1,-1,-1,-1
582,267,588,453,29,87,1,-1,-1,-1
582,268,554,457,27,83,1,-1,-1,-1
582,271,579,425,14,39,1,-1,-1,-1
582,237,413,457,43,115,1,-1,-1,-1
582,42,384,463,39,114,1,-1,-1,-1
582,185,1178,431,125,283,1,-1,-1,-1
582,204,1071,442,92,258,1,-1,-1,-1
582,222,628,453,35,105,1,-1,-1,-1
582,321,721,448,35,102,1,-1,-1,-1
582,330,526,456,25,60,1,-1,-1,-1
582,275,496,459,24,62,1,-1,-1,-1
582,345,930,440,35,94,1,-1,-1,-1
582,347,587,426,28,47,1,-1,-1,-1
582,344,534,456,24,62,1,-1,-1,-1
583,138,1674,401,246,679,1,-1,-1,-1
583,213,970,433,96,238,1,-1,-1,-1
583,267,588,453,29,87,1,-1,-1,-1
583,268,553,457,27,83,1,-1,-1,-1
583,271,578,425,15,39,1,-1,-1,-1
583,237,413,456,42,116,1,-1,-1,-1
583,42,384,462,40,115,1,-1,-1,-1
583,185,1183,432,123,281,1,-1,-1,-1
583,204,1072,427,96,274,1,-1,-1,-1
583,222,628,454,35,103,1,-1,-1,-1
583,321,721,448,35,103,1,-1,-1,-1
583,330,527,456,25,61,1,-1,-1,-1
583,275,496,458,24,63,1,-1,-1,-1
583,323,502,457,22,63,1,-1,-1,-1
584,138,1677,401,243,679,1,-1,-1,-1
584,213,972,433,97,239,1,-1,-1,-1
584,267,588,453,29,87,1,-1,-1,-1
584,268,553,458,27,82,1,-1,-1,-1
584,271,578,424,15,39,1,-1,-1,-1
584,237,413,456,42,115,1,-1,-1,-1
584,42,384,462,40,115,1,-1,-1,-1
584,185,1190,432,120,280,1,-1,-1,-1
584,204,1078,434,91,266,1,-1,-1,-1
584,222,627,454,35,103,1,-1,-1,-1
584,321,722,447,35,102,1,-1,-1,-1
584,275,497,458,24,62,1,-1,-1,-1
584,323,504,457,21,62,1,-1,-1,-1
584,198,1165,421,100,271,1,-1,-1,-1
584,345,931,441,35,94,1,-1,-1,-1
585,138,1678,399,242,681,1,-1,-1,-1
585,213,975,431,97,241,1,-1,-1,-1
585,267,588,453,29,87,1,-1,-1,-1
585,268,553,457,27,83,1,-1,-1,-1
585,271,579,424,14,38,1,-1,-1,-1
585,237,414,456,42,115,1,-1,-1,-1
585,42,384,462,39,115,1,-1,-1,-1
585,185,1197,433,117,280,1,-1,-1,-1
585,204,1082,441,87,258,1,-1,-1,-1
585,222,627,454,35,104,1,-1,-1,-1
585,321,722,446,36,104,1,-1,-1,-1
585,323,503,457,21,60,1,-1,-1,-1
585,198,1165,422,101,268,1,-1,-1,-1
585,345,931,441,36,96,1,-1,-1,-1
585,347,586,424,28,48,1,-1,-1,-1
586,138,1679,392,241,688,1,-1,-1,-1
586,213,980,433,96,239,1,-1,-1,-1
586,267,588,453,30,87,1,-1,-1,-1
586,268,553,457,27,82,1,-1,-1,-1
586,271,578,424,15,39,1,-1,-1,-1
586,237,413,456,42,115,1,-1,-1,-1
586,42,384,462,39,114,1,-1,-1,-1
586,185,1204,432,115,282,1,-1,-1,-1
586,204,1084,425,93,273,1,-1,-1,-1
586,222,627,454,35,104,1,-1,-1,-1
586,321,722,446,36,104,1,-1,-1,-1
586,323,505,457,21,60,1,-1,-1,-1
586,198,1166,426,99,258,1,-1,-1,-1
586,345,932,440,37,98,1,-1,-1,-1
586,351,510,456,21,60,1,-1,-1,-1
586,330,522,453,24,60,1,-1,-1,-1
587,138,1680,387,240,693,1,-1,-1,-1
587,213,985,439,93,232,1,-1,-1,-1
587,267,588,453,30,88,1,-1,-1,-1
587,268,554,457,27,82,1,-1,-1,-1
587,271,578,424,16,40,1,-1,-1,-1
587,237,413,456,42,115,1,-1,-1,-1
587,42,384,463,38,112,1,-1,-1,-1
587,185,1210,432,113,281,1,-1,-1,-1
587,204,1088,419,94,279,1,-1,-1,-1
587,222,627,455,35,103,1,-1,-1,-1
587,321,723,446,36,104,1,-1,-1,-1
587,198,1172,428,98,251,1,-1,-1,-1
587,345,932,440,37,98,1,-1,-1,-1
587,351,511,457,20,58,1,-1,-1,-1
587,330,520,453,24,59,1,-1,-1,-1
588,138,1683,386,237,694,1,-1,-1,-1
588,213,990,443,90,225,1,-1,-1,-1
588,267,588,453,30,88,1,-1,-1,-1
588,268,554,457,27,83,1,-1,-1,-1
588,271,578,424,16,41,1,-1,-1,-1
588,237,413,456,42,115,1,-1,-1,-1
588,42,383,463,39,112,1,-1,-1,-1
588,185,1215,432,111,281,1,-1,-1,-1
588,204,1092,418,96,280,1,-1,-1,-1
588,222,627,453,36,105,1,-1,-1,-1
588,321,723,446,36,105,1,-1,-1,-1
588,198,1174,431,97,246,1,-1,-1,-1
588,345,932,440,37,99,1,-1,-1,-1
588,351,512,455,20,59,1,-1,-1,-1
588,330,519,452,24,59,1,-1,-1,-1
589,138,1689,381,231,699,1,-1,-1,-1
589,213,997,443,88,224,1,-1,-1,-1
589,267,588,454,29,87,1,-1,-1,-1
589,268,554,457,27,84,1,-1,-1,-1
589,271,578,425,16,39,1,-1,-1,-1
589,237,414,457,41,114,1,-1,-1,-1
589,42,383,462,38,112,1,-1,-1,-1
589,185,1218,432,110,282,1,-1,-1,-1
589,204,1093,416,97,283,1,-1,-1,-1
589,222,627,452,36,106,1,-1,-1,-1
589,321,723,446,36,105,1,-1,-1,-1
589,198,1177,434,95,243,1,-1,-1,-1
589,345,932,440,38,101,1,-1,-1,-1
589,351,511,456,20,58,1,-1,-1,-1
589,330,520,452,23,59,1,-1,-1,-1
590,138,1696,380,224,700,1,-1,-1,-1
590,213,1003,443,87,226,1,-1,-1,-1
590,267,587,454,30,87,1,-1,-1,-1
590,268,553,457,27,84,1,-1,-1,-1
590,271,577,424,16,40,1,-1,-1,-1
590,237,413,456,41,115,1,-1,-1,-1
590,42,382,463,39,111,1,-1,-1,-1
590,185,1222,433,107,280,1,-1,-1,-1
590,204,1095,415,97,284,1,-1,-1,-1
590,222,626,453,36,105,1,-1,-1,-1
590,321,723,446,37,105,1,-1,-1,-1
590,198,1177,434,94,244,1,-1,-1,-1
590,345,932,441,38,101,1,-1,-1,-1
590,330,520,452,24,59,1,-1,-1,-1
590,352,485,457,25,92,1,-1,-1,-1
590,347,585,423,30,52,1,-1,-1,-1
591,138,1710,373,210,707,1,-1,-1,-1
591,213,1009,445,84,224,1,-1,-1,-1
591,267,587,454,30,88,1,-1,-1,-1
591,268,552,457,27,84,1,-1,-1,-1
591,271,576,424,16,39,1,-1,-1,-1
591,237,413,457,41,114,1,-1,-1,-1
591,42,382,462,39,113,1,-1,-1,-1
591,185,1228,434,106,279,1,-1,-1,-1
591,204,1095,413,98,286,1,-1,-1,-1
591,222,625,451,36,105,1,-1,-1,-1
591,321,723,446,37,106,1,-1,-1,-1
591,198,1180,432,93,244,1,-1,-1,-1
591,345,932,441,38,102,1,-1,-1,-1
591,330,522,451,23,60,1,-1,-1,-1
591,352,483,457,25,91,1,-1,-1,-1
591,353,983,444,34,96,1,-1,-1,-1
591,354,662,452,34,106,1,-1,-1,-1
591,347,585,423,30,51,1,-1,-1,-1
592,138,1729,367,191,713,1,-1,-1,-1
592,213,1013,447,81,219,1,-1,-1,-1
592,267,587,454,30,88,1,-1,-1,-1
592,268,551,457,28,84,1,-1,-1,-1
592,271,576,424,16,40,1,-1,-1,-1
592,237,413,457,41,115,1,-1,-1,-1
592,42,382,462,39,114,1,-1,-1,-1
592,185,1233,435,105,277,1,-1,-1,-1
592,204,1096,413,98,286,1,-1,-1,-1
592,222,625,450,36,106,1,-1,-1,-1
592,321,723,446,37,106,1,-1,-1,-1
592,198,1181,432,94,246,1,-1,-1,-1
592,345,932,441,38,101,1,-1,-1,-1
592,330,523,451,23,60,1,-1,-1,-1
592,352,483,457,25,91,1,-1,-1,-1
592,353,984,444,34,97,1,-1,-1,-1
592,354,662,452,35,107,1,-1,-1,-1
592,347,586,422,29,51,1,-1,-1,-1
592,355,1855,338,64,742,1,-1,-1,-1
593,213,1018,446,78,219,1,-1,-1,-1
593,267,587,454,30,88,1,-1,-1,-1
593,268,551,456,27,85,1,-1,-1,-1
593,271,576,424,16,40,1,-1,-1,-1
593,237,414,457,40,115,1,-1,-1,-1
593,42,382,462,39,114,1,-1,-1,-1
593,185,1236,433,107,280,1,-1,-1,-1
593,204,1097,412,99,287,1,-1,-1,-1
593,222,625,451,36,105,1,-1,-1,-1
593,321,723,446,37,107,1,-1,-1,-1
593,198,1182,432,93,245,1,-1,-1,-1
593,345,932,441,38,101,1,-1,-1,-1
593,330,524,451,23,60,1,-1,-1,-1
593,352,483,457,25,91,1,-1,-1,-1
593,353,984,443,35,99,1,-1,-1,-1
593,354,662,452,34,106,1,-1,-1,-1
593,347,586,422,29,50,1,-1,-1,-1
593,355,1856,338,63,742,1,-1,-1,-1
594,213,1022,445,77,220,1,-1,-1,-1
594,267,586,453,31,89,1,-1,-1,-1
594,268,551,456,27,85,1,-1,-1,-1
594,271,576,424,16,39,1,-1,-1,-1
594,237,414,457,40,115,1,-1,-1,-1
594,42,382,461,39,115,1,-1,-1,-1
594,185,1241,434,105,279,1,-1,-1,-1
594,204,1099,412,98,287,1,-1,-1,-1
594,222,624,450,37,105,1,-1,-1,-1
594,321,724,447,37,106,1,-1,-1,-1
594,198,1183,432,93,245,1,-1,-1,-1
594,345,932,441,38,100,1,-1,-1,-1
594,330,523,451,24,60,1,-1,-1,-1
594,352,483,457,24,91,1,-1,-1,-1
594,353,984,442,36,102,1,-1,-1,-1
594,354,662,452,34,107,1,-1,-1,-1
594,347,586,421,29,51,1,-1,-1,-1
594,355,1856,339,64,741,1,-1,-1,-1
595,213,1026,444,76,221,1,-1,-1,-1
595,267,586,453,31,89,1,-1,-1,-1
595,268,551,456,28,85,1,-1,-1,-1
595,271,576,423,16,40,1,-1,-1,-1
595,237,414,457,40,114,1,-1,-1,-1
595,42,382,461,39,115,1,-1,-1,-1
595,185,1244,434,106,280,1,-1,-1,-1
595,204,1100,413,98,286,1,-1,-1,-1
595,222,624,450,37,104,1,-1,-1,-1
595,321,724,447,37,107,1,-1,-1,-1
595,198,1185,434,92,244,1,-1,-1,-1
595,345,932,441,37,100,1,-1,-1,-1
595,330,524,451,24,60,1,-1,-1,-1
595,352,483,457,24,91,1,-1,-1,-1
595,353,983,441,36,103,1,-1,-1,-1
595,354,662,452,35,108,1,-1,-1,-1
595,347,586,421,29,50,1,-1,-1,-1
596,213,1030,445,74,219,1,-1,-1,-1
596,267,586,453,31,89,1,-1,-1,-1
596,268,552,456,27,85,1,-1,-1,-1
596,271,575,423,16,39,1,-1,-1,-1
596,237,415,457,40,114,1,-1,-1,-1
596,42,382,461,40,115,1,-1,-1,-1
596,185,1247,434,106,280,1,-1,-1,-1
596,204,1102,414,97,284,1,-1,-1,-1
596,222,624,450,36,103,1,-1,-1,-1
596,321,724,446,37,108,1,-1,-1,-1
596,198,1187,434,91,243,1,-1,-1,-1
596,345,932,441,38,101,1,-1,-1,-1
596,330,524,451,24,61,1,-1,-1,-1
596,352,483,457,25,91,1,-1,-1,-1
596,353,982,441,36,101,1,-1,-1,-1
596,354,662,452,35,109,1,-1,-1,-1
596,347,586,421,28,49,1,-1,-1,-1
596,355,1869,359,47,545,1,-1,-1,-1
597,213,1034,443,74,220,1,-1,-1,-1
597,267,586,453,30,89,1,-1,-1,-1
597,268,552,457,27,84,1,-1,-1,-1
597,271,576,424,16,39,1,-1,-1,-1
597,237,415,458,40,113,1,-1,-1,-1
597,42,382,461,40,115,1,-1,-1,-1
597,185,1249,435,106,279,1,-1,-1,-1
597,204,1103,413,98,285,1,-1,-1,-1
597,222,624,451,36,102,1,-1,-1,-1
597,321,724,445,37,109,1,-1,-1,-1
597,198,1191,436,90,241,1,-1,-1,-1
597,345,931,441,39,102,1,-1,-1,-1
597,330,523,451,24,60,1,-1,-1,-1
597,352,481,457,26,91,1,-1,-1,-1
597,353,982,441,36,103,1,-1,-1,-1
597,354,662,452,34,107,1,-1,-1,-1
597,347,586,422,28,48,1,-1,-1,-1
598,213,1037,443,75,221,1,-1,-1,-1
598,267,586,453,31,89,1,-1,-1,-1
598,268,552,457,27,84,1,-1,-1,-1
598,271,576,424,16,39,1,-1,-1,-1
598,237,415,459,39,113,1,-1,-1,-1
598,42,382,461,39,115,1,-1,-1,-1
598,185,1251,435,106,279,1,-1,-1,-1
598,204,1109,440,88,256,1,-1,-1,-1
598,222,624,451,35,102,1,-1,-1,-1
598,321,724,445,38,111,1,-1,-1,-1
598,198,1192,439,91,241,1,-1,-1,-1
598,345,931,441,39,102,1,-1,-1,-1
598,330,523,451,24,60,1,-1,-1,-1
598,352,481,457,26,91,1,-1,-1,-1
598,353,982,442,37,104,1,-1,-1,-1
598,354,661,452,34,107,1,-1,-1,-1
598,347,586,422,27,48,1,-1,-1,-1
599,213,1040,442,76,223,1,-1,-1,-1
599,267,586,453,30,89,1,-1,-1,-1
599,268,552,457,27,84,1,-1,-1,-1
599,271,576,424,16,38,1,-1,-1,-1
599,237,415,459,39,112,1,-1,-1,-1
599,42,383,461,39,115,1,-1,-1,-1
599,185,1254,435,105,278,1,-1,-1,-1
599,204,1109,429,91,266,1,-1,-1,-1
599,222,624,451,35,102,1,-1,-1,-1
599,321,724,446,38,110,1,-1,-1,-1
599,198,1193,440,91,242,1,-1,-1,-1
599,345,932,441,38,102,1,-1,-1,-1
599,330,523,451,25,60,1,-1,-1,-1
599,352,481,457,26,91,1,-1,-1,-1
599,353,983,442,35,103,1,-1,-1,-1
599,354,660,452,35,107,1,-1,-1,-1
599,347,585,423,28,47,1,-1,-1,-1
599,363,1128,425,79,258,1,-1,-1,-1
600,213,1043,442,77,222,1,-1,-1,-1
600,267,586,453,30,89,1,-1,-1,-1
600,268,552,458,27,83,1,-1,-1,-1
600,271,576,424,16,38,1,-1,-1,-1
600,237,415,458,39,113,1,-1,-1,-1
600,42,382,462,39,114,1,-1,-1,-1
600,185,1257,433,106,281,1,-1,-1,-1
600,222,625,452,34,101,1,-1,-1,-1
600,321,724,445,38,111,1,-1,-1,-1
600,198,1193,439,92,244,1,-1,-1,-1
600,345,932,441,38,103,1,-1,-1,-1
600,330,522,450,25,61,1,-1,-1,-1
600,352,481,457,25,91,1,-1,-1,-1
600,353,983,443,35,101,1,-1,-1,-1
600,354,660,453,34,107,1,-1,-1,-1
600,347,585,423,28,47,1,-1,-1,-1
600,363,1125,425,80,263,1,-1,-1,-1
600,323,503,454,21,61,1,-1,-1,-1
