1,19,560,440,24,45,1,-1,-1,-1
1,18,579,428,18,45,1,-1,-1,-1
1,17,1077,479,30,115,1,-1,-1,-1
1,16,582,430,20,46,1,-1,-1,-1
1,15,591,429,22,45,1,-1,-1,-1
1,14,972,443,36,103,1,-1,-1,-1
1,13,418,460,39,83,1,-1,-1,-1
1,12,638,461,63,185,1,-1,-1,-1
1,11,547,463,35,95,1,-1,-1,-1
1,10,1256,446,36,102,1,-1,-1,-1
1,9,1097,440,40,107,1,-1,-1,-1
1,8,1055,481,37,112,1,-1,-1,-1
1,7,1013,431,44,119,1,-1,-1,-1
1,6,936,434,42,116,1,-1,-1,-1
1,5,1089,482,31,114,1,-1,-1,-1
1,4,440,442,114,282,1,-1,-1,-1
1,3,586,446,85,264,1,-1,-1,-1
1,2,1417,430,182,332,1,-1,-1,-1
1,1,1338,418,160,360,1,-1,-1,-1
2,18,580,427,18,46,1,-1,-1,-1
2,17,1072,477,31,116,1,-1,-1,-1
2,16,583,429,21,47,1,-1,-1,-1
2,15,592,429,22,45,1,-1,-1,-1
2,14,974,444,37,103,1,-1,-1,-1
2,13,418,460,39,83,1,-1,-1,-1
2,12,637,459,63,187,1,-1,-1,-1
2,11,547,462,34,96,1,-1,-1,-1
2,10,1256,446,36,103,1,-1,-1,-1
2,9,1097,440,40,107,1,-1,-1,-1
2,8,1055,480,37,114,1,-1,-1,-1
2,7,1014,431,44,120,1,-1,-1,-1
2,6,935,433,43,117,1,-1,-1,-1
2,5,1089,481,32,115,1,-1,-1,-1
2,4,439,442,116,283,1,-1,-1,-1
2,3,587,446,84,263,1,-1,-1,-1
2,2,1423,433,182,330,1,-1,-1,-1
2,1,1343,417,167,367,1,-1,-1,-1
3,19,558,439,25,43,1,-1,-1,-1
3,18,580,427,18,46,1,-1,-1,-1
3,16,584,429,22,47,1,-1,-1,-1
3,15,592,429,22,46,1,-1,-1,-1
3,14,974,445,38,102,1,-1,-1,-1
3,13,418,459,38,83,1,-1,-1,-1
3,12,638,459,65,188,1,-1,-1,-1
3,11,548,461,33,97,1,-1,-1,-1
3,10,1256,446,36,103,1,-1,-1,-1
3,9,1097,439,40,108,1,-1,-1,-1
3,8,1055,480,38,114,1,-1,-1,-1
3,7,1014,431,43,120,1,-1,-1,-1
3,6,935,433,42,116,1,-1,-1,-1
3,5,1090,482,32,113,1,-1,-1,-1
3,4,440,442,119,283,1,-1,-1,-1
3,3,587,447,84,261,1,-1,-1,-1
3,2,1427,433,183,330,1,-1,-1,-1
3,1,1346,419,172,374,1,-1,-1,-1
4,18,580,427,19,45,1,-1,-1,-1
4,16,585,429,22,47,1,-1,-1,-1
4,15,592,429,22,46,1,-1,-1,-1
4,14,975,446,38,102,1,-1,-1,-1
4,13,417,458,40,84,1,-1,-1,-1
4,12,638,457,66,190,1,-1,-1,-1
4,11,549,461,32,98,1,-1,-1,-1
4,10,1256,445,37,104,1,-1,-1,-1
4,9,1097,438,41,110,1,-1,-1,-1
4,8,1056,480,36,113,1,-1,-1,-1
4,7,1014,431,42,119,1,-1,-1,-1
4,6,935,434,42,116,1,-1,-1,-1
4,5,1091,482,32,113,1,-1,-1,-1
4,4,441,442,121,283,1,-1,-1,-1
4,3,587,447,84,261,1,-1,-1,-1
4,2,1432,430,183,336,1,-1,-1,-1
4,1,1348,419,177,375,1,-1,-1,-1
5,19,559,440,24,44,1,-1,-1,-1
5,18,580,427,19,45,1,-1,-1,-1
5,16,584,429,22,47,1,-1,-1,-1
5,15,593,429,22,46,1,-1,-1,-1
5,14,976,447,39,101,1,-1,-1,-1
5,13,417,458,40,85,1,-1,-1,-1
5,12,638,458,66,189,1,-1,-1,-1
5,11,548,462,33,97,1,-1,-1,-1
5,10,1257,446,35,103,1,-1,-1,-1
5,9,1098,438,40,110,1,-1,-1,-1
5,8,1056,481,36,112,1,-1,-1,-1
5,7,1014,430,42,119,1,-1,-1,-1
5,6,935,433,41,116,1,-1,-1,-1
5,5,1090,482,32,113,1,-1,-1,-1
5,4,441,444,123,281,1,-1,-1,-1
5,3,586,447,85,261,1,-1,-1,-1
5,2,1441,426,181,338,1,-1,-1,-1
5,1,1352,420,181,377,1,-1,-1,-1
6,18,580,426,19,45,1,-1,-1,-1
6,17,1073,478,31,115,1,-1,-1,-1
6,16,584,428,22,47,1,-1,-1,-1
6,15,593,428,22,46,1,-1,-1,-1
6,14,977,447,38,102,1,-1,-1,-1
6,13,417,458,41,85,1,-1,-1,-1
6,12,638,462,65,185,1,-1,-1,-1
6,11,548,461,33,97,1,-1,-1,-1
6,10,1257,447,35,102,1,-1,-1,-1
6,9,1098,438,40,110,1,-1,-1,-1
6,8,1055,482,37,112,1,-1,-1,-1
6,7,1014,430,42,120,1,-1,-1,-1
6,6,935,433,41,116,1,-1,-1,-1
6,5,1090,482,32,113,1,-1,-1,-1
6,4,441,445,125,280,1,-1,-1,-1
6,3,587,447,84,261,1,-1,-1,-1
6,2,1451,425,176,339,1,-1,-1,-1
6,1,1358,418,180,380,1,-1,-1,-1
7,18,580,426,18,43,1,-1,-1,-1
7,17,1072,478,30,115,1,-1,-1,-1
7,16,582,428,22,46,1,-1,-1,-1
7,15,592,428,22,45,1,-1,-1,-1
7,14,978,446,38,101,1,-1,-1,-1
7,13,416,458,41,85,1,-1,-1,-1
7,12,637,462,64,185,1,-1,-1,-1
7,11,548,461,33,97,1,-1,-1,-1
7,10,1257,448,34,100,1,-1,-1,-1
7,9,1097,436,40,112,1,-1,-1,-1
7,8,1055,482,37,111,1,-1,-1,-1
7,7,1013,432,42,120,1,-1,-1,-1
7,6,934,433,42,117,1,-1,-1,-1
7,5,1090,482,32,114,1,-1,-1,-1
7,4,441,445,125,281,1,-1,-1,-1
7,3,587,445,85,263,1,-1,-1,-1
7,2,1460,429,173,341,1,-1,-1,-1
7,1,1369,417,172,382,1,-1,-1,-1
8,18,579,425,18,43,1,-1,-1,-1
8,17,1074,479,31,114,1,-1,-1,-1
8,15,592,427,22,44,1,-1,-1,-1
8,13,417,457,40,85,1,-1,-1,-1
8,12,636,462,63,185,1,-1,-1,-1
8,11,548,460,33,98,1,-1,-1,-1
8,10,1257,448,33,100,1,-1,-1,-1
8,9,1096,437,41,111,1,-1,-1,-1
8,8,1055,483,37,110,1,-1,-1,-1
8,7,1013,433,42,119,1,-1,-1,-1
8,6,934,433,42,117,1,-1,-1,-1
8,5,1089,482,33,114,1,-1,-1,-1
8,4,442,445,126,281,1,-1,-1,-1
8,3,587,444,86,264,1,-1,-1,-1
8,2,1473,427,166,344,1,-1,-1,-1
8,1,1381,416,161,383,1,-1,-1,-1
9,18,580,428,18,44,1,-1,-1,-1
9,17,1081,479,32,115,1,-1,-1,-1
9,15,592,427,22,44,1,-1,-1,-1
9,13,416,455,40,86,1,-1,-1,-1
9,12,637,463,62,185,1,-1,-1,-1
9,11,549,461,34,98,1,-1,-1,-1
9,10,1257,448,33,100,1,-1,-1,-1
9,9,1096,437,41,111,1,-1,-1,-1
9,8,1055,484,36,109,1,-1,-1,-1
9,7,1013,433,43,118,1,-1,-1,-1
9,6,934,433,42,117,1,-1,-1,-1
9,5,1090,482,32,114,1,-1,-1,-1
9,4,442,445,126,281,1,-1,-1,-1
9,3,587,444,85,264,1,-1,-1,-1
9,2,1489,423,158,348,1,-1,-1,-1
9,1,1395,415,152,386,1,-1,-1,-1
10,18,579,429,19,45,1,-1,-1,-1
10,15,592,427,22,44,1,-1,-1,-1
10,13,415,455,41,86,1,-1,-1,-1
10,12,638,462,62,186,1,-1,-1,-1
10,11,549,460,33,99,1,-1,-1,-1
10,10,1257,449,33,99,1,-1,-1,-1
10,9,1096,438,41,110,1,-1,-1,-1
10,8,1054,484,37,109,1,-1,-1,-1
10,7,1014,436,42,115,1,-1,-1,-1
10,6,934,434,42,116,1,-1,-1,-1
10,5,1089,482,33,115,1,-1,-1,-1
10,4,442,446,127,280,1,-1,-1,-1
10,3,587,443,86,266,1,-1,-1,-1
10,2,1504,421,154,352,1,-1,-1,-1
10,1,1409,415,143,387,1,-1,-1,-1
11,20,1375,434,65,130,1,-1,-1,-1
11,18,580,429,19,46,1,-1,-1,-1
11,15,592,427,22,44,1,-1,-1,-1
11,14,980,443,36,101,1,-1,-1,-1
11,13,415,454,41,87,1,-1,-1,-1
11,12,639,458,64,190,1,-1,-1,-1
11,11,549,461,33,98,1,-1,-1,-1
11,10,1257,448,33,100,1,-1,-1,-1
11,9,1096,438,41,110,1,-1,-1,-1
11,8,1054,484,37,109,1,-1,-1,-1
11,7,1014,435,42,115,1,-1,-1,-1
11,6,934,434,42,116,1,-1,-1,-1
11,5,1090,481,33,116,1,-1,-1,-1
11,4,443,445,127,281,1,-1,-1,-1
11,3,587,443,86,266,1,-1,-1,-1
11,2,1518,418,149,355,1,-1,-1,-1
11,1,1422,414,137,388,1,-1,-1,-1
12,20,1377,436,66,127,1,-1,-1,-1
12,18,579,429,20,45,1,-1,-1,-1
12,15,592,427,22,44,1,-1,-1,-1
12,14,981,443,35,101,1,-1,-1,-1
12,13,416,455,41,87,1,-1,-1,-1
12,12,639,459,63,189,1,-1,-1,-1
12,11,549,461,33,99,1,-1,-1,-1
12,10,1257,448,33,99,1,-1,-1,-1
12,9,1096,437,41,111,1,-1,-1,-1
12,8,1054,485,36,108,1,-1,-1,-1
12,7,1014,434,42,116,1,-1,-1,-1
12,6,934,435,42,116,1,-1,-1,-1
12,5,1089,482,33,116,1,-1,-1,-1
12,4,443,446,128,281,1,-1,-1,-1
12,3,587,444,85,267,1,-1,-1,-1
12,2,1526,418,149,357,1,-1,-1,-1
12,1,1431,417,135,386,1,-1,-1,-1
13,20,1380,435,65,126,1,-1,-1,-1
13,18,579,429,20,45,1,-1,-1,-1
13,17,1080,480,33,114,1,-1,-1,-1
13,15,592,427,22,43,1,-1,-1,-1
13,14,983,445,35,101,1,-1,-1,-1
13,13,416,454,41,88,1,-1,-1,-1
13,12,640,457,66,191,1,-1,-1,-1
13,11,548,460,33,100,1,-1,-1,-1
13,10,1257,448,33,99,1,-1,-1,-1
13,9,1096,437,41,111,1,-1,-1,-1
13,8,1054,485,36,109,1,-1,-1,-1
13,7,1014,439,42,114,1,-1,-1,-1
13,6,935,435,41,116,1,-1,-1,-1
13,5,1090,482,33,116,1,-1,-1,-1
13,4,445,444,127,283,1,-1,-1,-1
13,3,587,443,86,268,1,-1,-1,-1
13,2,1530,419,150,361,1,-1,-1,-1
13,1,1442,419,134,385,1,-1,-1,-1
14,20,1388,433,64,127,1,-1,-1,-1
14,18,579,429,20,44,1,-1,-1,-1
14,17,1077,480,31,114,1,-1,-1,-1
14,15,592,427,22,42,1,-1,-1,-1
14,14,984,444,34,100,1,-1,-1,-1
14,13,417,455,40,87,1,-1,-1,-1
14,12,641,456,68,193,1,-1,-1,-1
14,11,549,460,33,100,1,-1,-1,-1
14,10,1257,448,33,99,1,-1,-1,-1
14,9,1096,438,41,110,1,-1,-1,-1
14,8,1054,485,36,109,1,-1,-1,-1
14,7,1014,438,42,113,1,-1,-1,-1
14,6,935,436,41,115,1,-1,-1,-1
14,5,1090,482,32,115,1,-1,-1,-1
14,4,446,444,128,283,1,-1,-1,-1
14,3,588,443,85,268,1,-1,-1,-1
14,2,1542,420,150,363,1,-1,-1,-1
14,1,1452,417,136,387,1,-1,-1,-1
15,20,1396,431,63,129,1,-1,-1,-1
15,18,579,430,20,43,1,-1,-1,-1
15,17,1077,480,32,114,1,-1,-1,-1
15,15,592,428,22,41,1,-1,-1,-1
15,13,417,455,41,88,1,-1,-1,-1
15,12,642,455,68,195,1,-1,-1,-1
15,10,1257,447,33,100,1,-1,-1,-1
15,9,1096,437,41,111,1,-1,-1,-1
15,8,1054,486,37,108,1,-1,-1,-1
15,7,1014,444,41,110,1,-1,-1,-1
15,6,934,435,41,116,1,-1,-1,-1
15,5,1089,483,33,114,1,-1,-1,-1
15,4,447,445,126,283,1,-1,-1,-1
15,3,588,442,86,269,1,-1,-1,-1
15,2,1547,421,157,364,1,-1,-1,-1
15,1,1459,417,144,388,1,-1,-1,-1
16,20,1399,430,62,130,1,-1,-1,-1
16,18,578,427,19,43,1,-1,-1,-1
16,17,1079,480,32,114,1,-1,-1,-1
16,15,592,428,22,41,1,-1,-1,-1
16,13,417,455,41,89,1,-1,-1,-1
16,12,641,455,70,197,1,-1,-1,-1
16,10,1257,446,33,100,1,-1,-1,-1
16,9,1096,437,41,111,1,-1,-1,-1
16,8,1054,486,37,108,1,-1,-1,-1
16,7,1014,445,41,110,1,-1,-1,-1
16,6,933,435,42,116,1,-1,-1,-1
16,5,1089,484,32,114,1,-1,-1,-1
16,4,448,446,124,284,1,-1,-1,-1
16,3,588,442,86,269,1,-1,-1,-1
16,2,1552,420,166,366,1,-1,-1,-1
16,1,1462,415,159,391,1,-1,-1,-1
17,20,1401,429,63,131,1,-1,-1,-1
17,18,580,426,18,42,1,-1,-1,-1
17,17,1078,480,32,114,1,-1,-1,-1
17,15,592,428,22,41,1,-1,-1,-1
17,13,417,454,41,90,1,-1,-1,-1
17,12,640,455,70,198,1,-1,-1,-1
17,10,1256,445,33,101,1,-1,-1,-1
17,9,1097,438,40,110,1,-1,-1,-1
17,8,1053,486,37,108,1,-1,-1,-1
17,7,1014,444,41,111,1,-1,-1,-1
17,6,933,435,41,115,1,-1,-1,-1
17,5,1089,484,32,114,1,-1,-1,-1
17,4,450,446,122,285,1,-1,-1,-1
17,3,589,441,86,268,1,-1,-1,-1
17,2,1555,422,176,367,1,-1,-1,-1
17,1,1466,416,176,393,1,-1,-1,-1
18,20,1404,428,63,132,1,-1,-1,-1
18,18,580,425,19,42,1,-1,-1,-1
18,15,593,428,22,41,1,-1,-1,-1
18,13,417,453,41,91,1,-1,-1,-1
18,12,641,455,70,199,1,-1,-1,-1
18,10,1255,445,33,100,1,-1,-1,-1
18,9,1097,438,40,110,1,-1,-1,-1
18,8,1053,486,36,107,1,-1,-1,-1
18,7,1015,443,40,112,1,-1,-1,-1
18,6,932,435,42,115,1,-1,-1,-1
18,5,1089,484,32,114,1,-1,-1,-1
18,4,451,446,120,285,1,-1,-1,-1
18,3,589,442,85,268,1,-1,-1,-1
18,2,1558,425,183,367,1,-1,-1,-1
18,1,1466,416,192,393,1,-1,-1,-1
19,20,1407,429,63,134,1,-1,-1,-1
19,18,581,425,17,42,1,-1,-1,-1
19,15,593,429,21,40,1,-1,-1,-1
19,13,418,454,40,91,1,-1,-1,-1
19,12,641,456,71,199,1,-1,-1,-1
19,10,1254,445,34,100,1,-1,-1,-1
19,9,1096,438,41,110,1,-1,-1,-1
19,8,1052,485,37,108,1,-1,-1,-1
19,7,1016,441,41,113,1,-1,-1,-1
19,6,931,435,42,115,1,-1,-1,-1
19,5,1089,484,32,113,1,-1,-1,-1
19,4,452,446,119,286,1,-1,-1,-1
19,3,590,442,86,267,1,-1,-1,-1
19,2,1557,427,192,367,1,-1,-1,-1
19,1,1468,414,207,396,1,-1,-1,-1
20,20,1409,429,63,134,1,-1,-1,-1
20,18,581,425,17,42,1,-1,-1,-1
20,15,594,428,20,41,1,-1,-1,-1
20,13,418,454,40,92,1,-1,-1,-1
20,12,641,457,71,198,1,-1,-1,-1
20,10,1254,446,33,99,1,-1,-1,-1
20,9,1096,438,41,110,1,-1,-1,-1
20,8,1052,484,37,109,1,-1,-1,-1
20,7,1015,440,41,114,1,-1,-1,-1
20,6,931,436,42,114,1,-1,-1,-1
20,5,1089,483,32,114,1,-1,-1,-1
20,4,454,447,117,285,1,-1,-1,-1
20,3,590,443,86,268,1,-1,-1,-1
20,2,1568,430,194,366,1,-1,-1,-1
20,1,1469,413,218,401,1,-1,-1,-1
21,20,1412,429,63,134,1,-1,-1,-1
21,18,581,426,16,41,1,-1,-1,-1
21,17,1080,480,33,114,1,-1,-1,-1
21,15,593,428,21,40,1,-1,-1,-1
21,13,418,455,40,91,1,-1,-1,-1
21,12,641,457,71,198,1,-1,-1,-1
21,10,1254,446,33,99,1,-1,-1,-1
21,9,1096,437,40,111,1,-1,-1,-1
21,8,1052,484,37,109,1,-1,-1,-1
21,7,1014,439,41,115,1,-1,-1,-1
21,6,930,435,42,114,1,-1,-1,-1
21,5,1089,482,32,115,1,-1,-1,-1
21,4,457,447,115,286,1,-1,-1,-1
21,3,591,443,85,268,1,-1,-1,-1
21,2,1579,428,193,368,1,-1,-1,-1
21,1,1470,414,228,405,1,-1,-1,-1
22,20,1415,430,64,133,1,-1,-1,-1
22,18,580,426,16,41,1,-1,-1,-1
22,17,1081,480,34,115,1,-1,-1,-1
22,15,593,428,21,40,1,-1,-1,-1
22,13,418,455,40,91,1,-1,-1,-1
22,12,642,457,71,199,1,-1,-1,-1
22,10,1253,446,34,98,1,-1,-1,-1
22,9,1096,438,40,112,1,-1,-1,-1
22,8,1052,484,38,109,1,-1,-1,-1
22,7,1014,437,42,118,1,-1,-1,-1
22,6,930,436,42,113,1,-1,-1,-1
22,5,1089,481,32,116,1,-1,-1,-1
22,4,460,447,113,286,1,-1,-1,-1
22,3,592,444,86,268,1,-1,-1,-1
22,2,1585,426,193,371,1,-1,-1,-1
22,1,1470,413,235,408,1,-1,-1,-1
23,20,1417,428,65,134,1,-1,-1,-1
23,18,579,426,17,41,1,-1,-1,-1
23,17,1079,480,33,114,1,-1,-1,-1
23,15,593,428,21,40,1,-1,-1,-1
23,13,418,455,41,92,1,-1,-1,-1
23,12,641,458,71,199,1,-1,-1,-1
23,10,1252,446,34,98,1,-1,-1,-1
23,9,1096,438,41,112,1,-1,-1,-1
23,8,1052,484,38,110,1,-1,-1,-1
23,7,1016,436,41,119,1,-1,-1,-1
23,6,930,436,42,113,1,-1,-1,-1
23,5,1089,481,33,116,1,-1,-1,-1
23,4,464,446,112,286,1,-1,-1,-1
23,3,593,444,87,269,1,-1,-1,-1
23,2,1594,425,191,372,1,-1,-1,-1
23,1,1472,412,239,412,1,-1,-1,-1
24,20,1419,427,66,134,1,-1,-1,-1
24,18,578,426,17,41,1,-1,-1,-1
24,17,1080,479,34,115,1,-1,-1,-1
24,15,593,428,21,40,1,-1,-1,-1
24,13,418,455,41,91,1,-1,-1,-1
24,12,643,459,70,199,1,-1,-1,-1
24,10,1252,446,34,98,1,-1,-1,-1
24,9,1096,438,41,112,1,-1,-1,-1
24,8,1052,484,38,111,1,-1,-1,-1
24,7,1016,436,41,120,1,-1,-1,-1
24,6,930,436,42,114,1,-1,-1,-1
24,5,1089,480,33,117,1,-1,-1,-1
24,4,467,445,110,287,1,-1,-1,-1
24,3,593,444,88,270,1,-1,-1,-1
24,2,1606,422,187,375,1,-1,-1,-1
24,1,1475,409,241,416,1,-1,-1,-1
25,20,1422,426,67,135,1,-1,-1,-1
25,18,579,426,17,41,1,-1,-1,-1
25,17,1078,479,33,115,1,-1,-1,-1
25,15,593,428,20,40,1,-1,-1,-1
25,13,418,455,41,92,1,-1,-1,-1
25,12,643,460,71,195,1,-1,-1,-1
25,10,1252,446,34,98,1,-1,-1,-1
25,9,1096,439,41,112,1,-1,-1,-1
25,8,1052,484,38,111,1,-1,-1,-1
25,7,1013,436,43,121,1,-1,-1,-1
25,6,929,436,43,113,1,-1,-1,-1
25,5,1089,480,33,117,1,-1,-1,-1
25,4,468,444,109,289,1,-1,-1,-1
25,3,594,444,87,271,1,-1,-1,-1
25,2,1622,419,182,378,1,-1,-1,-1
25,1,1483,408,241,419,1,-1,-1,-1
26,20,1424,428,68,134,1,-1,-1,-1
26,18,578,426,17,41,1,-1,-1,-1
26,15,593,426,20,40,1,-1,-1,-1
26,13,418,456,41,92,1,-1,-1,-1
26,12,644,461,71,192,1,-1,-1,-1
26,10,1252,447,34,97,1,-1,-1,-1
26,9,1097,439,40,112,1,-1,-1,-1
26,8,1052,484,38,112,1,-1,-1,-1
26,7,1011,437,43,122,1,-1,-1,-1
26,6,929,437,43,113,1,-1,-1,-1
26,5,1089,480,33,117,1,-1,-1,-1
26,4,471,443,108,290,1,-1,-1,-1
26,3,594,443,88,271,1,-1,-1,-1
26,2,1634,417,177,381,1,-1,-1,-1
26,1,1490,407,240,424,1,-1,-1,-1
27,20,1425,428,69,134,1,-1,-1,-1
27,18,578,426,17,41,1,-1,-1,-1
27,15,593,426,19,40,1,-1,-1,-1
27,13,418,455,41,92,1,-1,-1,-1
27,12,649,462,68,189,1,-1,-1,-1
27,10,1252,447,34,96,1,-1,-1,-1
27,9,1097,439,40,112,1,-1,-1,-1
27,8,1051,484,38,112,1,-1,-1,-1
27,7,1010,436,44,121,1,-1,-1,-1
27,6,929,437,43,113,1,-1,-1,-1
27,5,1089,480,33,117,1,-1,-1,-1
27,4,474,442,106,291,1,-1,-1,-1
27,3,594,444,89,270,1,-1,-1,-1
27,2,1642,416,176,383,1,-1,-1,-1
27,1,1502,407,232,424,1,-1,-1,-1
28,20,1427,429,71,134,1,-1,-1,-1
28,18,578,426,17,41,1,-1,-1,-1
28,15,593,425,19,41,1,-1,-1,-1
28,13,419,456,40,91,1,-1,-1,-1
28,12,651,462,66,188,1,-1,-1,-1
28,10,1252,447,33,96,1,-1,-1,-1
28,9,1097,438,40,113,1,-1,-1,-1
28,8,1052,483,38,113,1,-1,-1,-1
28,7,1009,435,45,121,1,-1,-1,-1
28,6,929,437,43,113,1,-1,-1,-1
28,5,1089,480,33,117,1,-1,-1,-1
28,4,476,441,105,292,1,-1,-1,-1
28,3,595,444,89,270,1,-1,-1,-1
28,2,1652,416,175,386,1,-1,-1,-1
28,1,1517,408,223,425,1,-1,-1,-1
29,20,1430,429,71,134,1,-1,-1,-1
29,18,579,426,17,42,1,-1,-1,-1
29,15,593,424,19,41,1,-1,-1,-1
29,13,419,455,40,92,1,-1,-1,-1
29,12,654,463,65,187,1,-1,-1,-1
29,10,1252,447,33,96,1,-1,-1,-1
29,9,1096,438,41,112,1,-1,-1,-1
29,8,1052,484,38,112,1,-1,-1,-1
29,7,1009,436,44,119,1,-1,-1,-1
29,6,929,437,43,113,1,-1,-1,-1
29,5,1090,480,33,117,1,-1,-1,-1
29,4,478,443,104,291,1,-1,-1,-1
29,3,596,444,89,271,1,-1,-1,-1
29,2,1669,417,173,386,1,-1,-1,-1
29,1,1537,408,211,426,1,-1,-1,-1
30,20,1432,429,72,133,1,-1,-1,-1
30,18,578,425,18,43,1,-1,-1,-1
30,15,592,424,20,41,1,-1,-1,-1
30,13,418,455,41,91,1,-1,-1,-1
30,12,655,463,64,189,1,-1,-1,-1
30,10,1252,447,33,96,1,-1,-1,-1
30,9,1095,438,42,113,1,-1,-1,-1
30,8,1052,483,38,113,1,-1,-1,-1
30,7,1007,439,45,119,1,-1,-1,-1
30,6,929,436,43,114,1,-1,-1,-1
30,5,1090,481,33,117,1,-1,-1,-1
30,4,479,443,104,292,1,-1,-1,-1
30,3,598,443,89,272,1,-1,-1,-1
30,2,1681,415,181,388,1,-1,-1,-1
30,1,1558,403,199,429,1,-1,-1,-1
31,20,1437,428,72,134,1,-1,-1,-1
31,18,577,425,17,42,1,-1,-1,-1
31,15,592,425,20,40,1,-1,-1,-1
31,13,418,455,41,92,1,-1,-1,-1
31,12,655,461,64,191,1,-1,-1,-1
31,10,1252,447,33,96,1,-1,-1,-1
31,9,1095,438,42,113,1,-1,-1,-1
31,8,1052,482,38,112,1,-1,-1,-1
31,7,1007,439,44,120,1,-1,-1,-1
31,6,929,436,43,113,1,-1,-1,-1
31,5,1090,481,33,117,1,-1,-1,-1
31,4,479,443,105,292,1,-1,-1,-1
31,3,600,443,90,271,1,-1,-1,-1
31,2,1686,415,193,391,1,-1,-1,-1
31,1,1577,400,190,435,1,-1,-1,-1
32,20,1440,428,71,133,1,-1,-1,-1
32,18,576,426,18,42,1,-1,-1,-1
32,15,592,425,20,41,1,-1,-1,-1
32,13,419,454,40,92,1,-1,-1,-1
32,12,656,460,63,193,1,-1,-1,-1
32,10,1252,448,33,95,1,-1,-1,-1
32,9,1096,439,42,113,1,-1,-1,-1
32,8,1053,482,38,112,1,-1,-1,-1
32,7,1007,440,44,119,1,-1,-1,-1
32,6,929,436,42,113,1,-1,-1,-1
32,5,1090,482,34,116,1,-1,-1,-1
32,4,480,443,105,294,1,-1,-1,-1
32,3,601,442,90,272,1,-1,-1,-1
32,2,1695,414,205,394,1,-1,-1,-1
32,1,1596,398,180,440,1,-1,-1,-1
33,25,579,429,20,42,1,-1,-1,-1
33,20,1445,428,69,132,1,-1,-1,-1
33,18,577,425,18,43,1,-1,-1,-1
33,15,592,425,20,40,1,-1,-1,-1
33,13,419,454,40,93,1,-1,-1,-1
33,12,658,459,63,194,1,-1,-1,-1
33,10,1252,447,34,96,1,-1,-1,-1
33,9,1097,439,41,113,1,-1,-1,-1
33,8,1053,481,38,113,1,-1,-1,-1
33,7,1007,440,43,120,1,-1,-1,-1
33,6,929,436,42,112,1,-1,-1,-1
33,5,1090,482,33,117,1,-1,-1,-1
33,4,481,443,105,295,1,-1,-1,-1
33,3,603,442,89,273,1,-1,-1,-1
33,2,1698,415,215,395,1,-1,-1,-1
33,1,1609,397,179,444,1,-1,-1,-1
34,20,1448,427,68,133,1,-1,-1,-1
34,18,578,425,18,43,1,-1,-1,-1
34,15,592,425,20,40,1,-1,-1,-1
34,13,418,455,41,92,1,-1,-1,-1
34,12,659,457,64,196,1,-1,-1,-1
34,10,1254,447,33,97,1,-1,-1,-1
34,9,1097,439,42,112,1,-1,-1,-1
34,8,1051,481,38,113,1,-1,-1,-1
34,7,1007,440,43,120,1,-1,-1,-1
34,6,928,436,43,111,1,-1,-1,-1
34,5,1089,483,34,116,1,-1,-1,-1
34,4,482,444,104,296,1,-1,-1,-1
34,3,605,442,88,273,1,-1,-1,-1
34,2,1700,417,220,399,1,-1,-1,-1
34,1,1617,395,179,446,1,-1,-1,-1
35,20,1450,427,67,133,1,-1,-1,-1
35,18,577,425,18,43,1,-1,-1,-1
35,15,592,426,20,40,1,-1,-1,-1
35,13,417,456,41,92,1,-1,-1,-1
35,12,659,457,64,197,1,-1,-1,-1
35,10,1253,447,34,97,1,-1,-1,-1
35,9,1096,438,42,113,1,-1,-1,-1
35,8,1051,482,37,113,1,-1,-1,-1
35,7,1007,440,43,120,1,-1,-1,-1
35,6,928,437,43,111,1,-1,-1,-1
35,5,1088,483,34,116,1,-1,-1,-1
35,4,482,444,105,298,1,-1,-1,-1
35,3,606,442,88,274,1,-1,-1,-1
35,2,1704,416,221,402,1,-1,-1,-1
35,1,1626,396,188,449,1,-1,-1,-1
36,20,1452,428,66,132,1,-1,-1,-1
36,18,578,425,18,42,1,-1,-1,-1
36,15,592,425,21,40,1,-1,-1,-1
36,13,417,458,41,91,1,-1,-1,-1
36,12,659,456,66,199,1,-1,-1,-1
36,10,1255,447,33,98,1,-1,-1,-1
36,9,1096,438,42,113,1,-1,-1,-1
36,8,1051,483,37,112,1,-1,-1,-1
36,7,1006,440,43,119,1,-1,-1,-1
36,6,928,437,43,111,1,-1,-1,-1
36,5,1088,483,34,116,1,-1,-1,-1
36,4,482,444,105,300,1,-1,-1,-1
36,3,608,442,87,274,1,-1,-1,-1
36,2,1713,414,216,405,1,-1,-1,-1
36,1,1631,397,195,454,1,-1,-1,-1
37,25,581,430,19,42,1,-1,-1,-1
37,20,1453,429,65,132,1,-1,-1,-1
37,18,578,425,18,42,1,-1,-1,-1
37,15,593,426,20,39,1,-1,-1,-1
37,13,416,459,42,90,1,-1,-1,-1
37,12,658,457,68,200,1,-1,-1,-1
37,10,1255,446,34,99,1,-1,-1,-1
37,9,1096,439,42,112,1,-1,-1,-1
37,8,1052,484,37,111,1,-1,-1,-1
37,7,1007,439,42,118,1,-1,-1,-1
37,6,929,436,42,112,1,-1,-1,-1
37,5,1088,483,33,116,1,-1,-1,-1
37,4,483,444,105,300,1,-1,-1,-1
37,3,610,442,87,273,1,-1,-1,-1
37,2,1723,416,208,406,1,-1,-1,-1
37,1,1639,400,208,458,1,-1,-1,-1
38,25,582,429,19,42,1,-1,-1,-1
38,20,1455,429,63,133,1,-1,-1,-1
38,18,578,425,19,42,1,-1,-1,-1
38,15,593,426,19,40,1,-1,-1,-1
38,13,416,459,42,89,1,-1,-1,-1
38,12,659,458,69,201,1,-1,-1,-1
38,10,1256,446,33,99,1,-1,-1,-1
38,9,1096,439,42,112,1,-1,-1,-1
38,8,1053,483,37,112,1,-1,-1,-1
38,7,1007,440,43,118,1,-1,-1,-1
38,6,929,436,42,112,1,-1,-1,-1
38,5,1088,484,33,115,1,-1,-1,-1
38,4,484,444,105,300,1,-1,-1,-1
38,3,611,442,87,274,1,-1,-1,-1
38,2,1736,415,197,408,1,-1,-1,-1
38,1,1643,402,221,462,1,-1,-1,-1
39,25,581,429,19,42,1,-1,-1,-1
39,20,1456,429,63,132,1,-1,-1,-1
39,18,578,424,19,42,1,-1,-1,-1
39,15,593,424,20,40,1,-1,-1,-1
39,13,418,460,41,88,1,-1,-1,-1
39,12,660,459,70,201,1,-1,-1,-1
39,10,1256,445,34,100,1,-1,-1,-1
39,9,1096,439,42,111,1,-1,-1,-1
39,8,1053,484,37,111,1,-1,-1,-1
39,7,1007,439,44,120,1,-1,-1,-1
39,6,929,436,42,112,1,-1,-1,-1
39,5,1089,484,33,115,1,-1,-1,-1
39,4,484,444,106,300,1,-1,-1,-1
39,3,612,442,87,273,1,-1,-1,-1
39,2,1748,416,185,414,1,-1,-1,-1
39,1,1647,402,231,464,1,-1,-1,-1
40,30,581,461,38,127,1,-1,-1,-1
40,25,581,428,20,42,1,-1,-1,-1
40,20,1458,427,63,133,1,-1,-1,-1
40,18,578,424,19,42,1,-1,-1,-1
40,15,593,424,19,39,1,-1,-1,-1
40,13,418,460,42,88,1,-1,-1,-1
40,12,661,462,70,200,1,-1,-1,-1
40,10,1257,444,34,101,1,-1,-1,-1
40,9,1097,439,41,111,1,-1,-1,-1
40,8,1053,484,37,111,1,-1,-1,-1
40,7,1006,438,45,120,1,-1,-1,-1
40,6,929,436,42,111,1,-1,-1,-1
40,5,1089,484,33,115,1,-1,-1,-1
40,4,484,445,106,300,1,-1,-1,-1
40,3,613,443,88,271,1,-1,-1,-1
40,2,1761,419,172,419,1,-1,-1,-1
40,1,1647,404,243,466,1,-1,-1,-1
41,30,581,462,37,126,1,-1,-1,-1
41,25,582,428,20,41,1,-1,-1,-1
41,20,1459,427,64,133,1,-1,-1,-1
41,18,579,424,19,41,1,-1,-1,-1
41,15,593,424,19,39,1,-1,-1,-1
41,13,418,460,41,88,1,-1,-1,-1
41,12,662,461,71,201,1,-1,-1,-1
41,10,1257,444,34,101,1,-1,-1,-1
41,9,1096,438,42,111,1,-1,-1,-1
41,8,1053,483,37,111,1,-1,-1,-1
41,7,1006,439,45,121,1,-1,-1,-1
41,6,929,436,42,112,1,-1,-1,-1
41,5,1089,484,33,115,1,-1,-1,-1
41,4,484,446,106,299,1,-1,-1,-1
41,3,614,443,88,272,1,-1,-1,-1
41,2,1775,422,158,425,1,-1,-1,-1
41,1,1649,406,253,469,1,-1,-1,-1
42,30,582,462,37,126,1,-1,-1,-1
42,25,583,428,20,41,1,-1,-1,-1
42,20,1461,426,64,134,1,-1,-1,-1
42,18,579,424,19,41,1,-1,-1,-1
42,15,593,424,19,39,1,-1,-1,-1
42,13,417,460,42,88,1,-1,-1,-1
42,12,662,462,71,200,1,-1,-1,-1
42,10,1257,443,34,102,1,-1,-1,-1
42,9,1096,438,41,111,1,-1,-1,-1
42,8,1054,483,37,111,1,-1,-1,-1
42,7,1006,439,45,122,1,-1,-1,-1
42,6,929,436,42,111,1,-1,-1,-1
42,5,1089,484,33,115,1,-1,-1,-1
42,4,484,447,107,301,1,-1,-1,-1
42,3,615,444,87,271,1,-1,-1,-1
42,2,1797,417,138,433,1,-1,-1,-1
42,1,1653,407,258,472,1,-1,-1,-1
43,30,580,459,39,129,1,-1,-1,-1
43,25,583,427,21,42,1,-1,-1,-1
43,20,1464,426,63,133,1,-1,-1,-1
43,18,579,424,19,41,1,-1,-1,-1
43,15,593,424,19,39,1,-1,-1,-1
43,13,416,460,42,87,1,-1,-1,-1
43,12,663,459,71,203,1,-1,-1,-1
43,10,1257,443,35,102,1,-1,-1,-1
43,9,1095,438,42,111,1,-1,-1,-1
43,8,1053,484,38,110,1,-1,-1,-1
43,7,1006,439,45,122,1,-1,-1,-1
43,6,929,435,42,112,1,-1,-1,-1
43,5,1088,484,34,115,1,-1,-1,-1
43,4,483,447,108,304,1,-1,-1,-1
43,3,616,442,88,271,1,-1,-1,-1
43,2,1812,413,121,439,1,-1,-1,-1
43,1,1662,405,259,477,1,-1,-1,-1
44,30,581,459,38,129,1,-1,-1,-1
44,25,583,427,20,42,1,-1,-1,-1
44,20,1467,425,63,133,1,-1,-1,-1
44,18,579,424,19,41,1,-1,-1,-1
44,15,593,424,19,39,1,-1,-1,-1
44,13,416,460,42,87,1,-1,-1,-1
44,12,665,457,71,204,1,-1,-1,-1
44,10,1258,443,34,102,1,-1,-1,-1
44,9,1095,438,41,111,1,-1,-1,-1
44,8,1054,484,37,110,1,-1,-1,-1
44,7,1007,439,44,122,1,-1,-1,-1
44,6,929,435,42,112,1,-1,-1,-1
44,5,1088,484,34,116,1,-1,-1,-1
44,4,482,447,109,305,1,-1,-1,-1
44,3,617,442,88,271,1,-1,-1,-1
44,1,1669,403,257,480,1,-1,-1,-1
45,30,581,458,38,130,1,-1,-1,-1
45,25,582,427,22,43,1,-1,-1,-1
45,20,1471,426,61,132,1,-1,-1,-1
45,18,579,424,19,41,1,-1,-1,-1
45,15,593,424,19,39,1,-1,-1,-1
45,13,416,460,42,87,1,-1,-1,-1
45,12,666,456,70,205,1,-1,-1,-1
45,10,1258,443,34,103,1,-1,-1,-1
45,9,1094,438,42,111,1,-1,-1,-1
45,8,1053,484,37,111,1,-1,-1,-1
45,7,1007,439,44,122,1,-1,-1,-1
45,6,929,435,42,112,1,-1,-1,-1
45,5,1088,484,34,116,1,-1,-1,-1
45,4,482,446,110,307,1,-1,-1,-1
45,3,617,442,88,271,1,-1,-1,-1
45,1,1684,397,248,485,1,-1,-1,-1
46,30,581,458,39,130,1,-1,-1,-1
46,25,581,428,21,43,1,-1,-1,-1
46,20,1474,427,60,131,1,-1,-1,-1
46,18,579,425,18,41,1,-1,-1,-1
46,15,593,424,19,40,1,-1,-1,-1
46,13,416,459,42,87,1,-1,-1,-1
46,12,668,455,71,207,1,-1,-1,-1
46,10,1258,443,34,103,1,-1,-1,-1
46,9,1094,439,42,110,1,-1,-1,-1
46,8,1053,484,37,110,1,-1,-1,-1
46,7,1006,439,44,122,1,-1,-1,-1
46,6,928,435,43,113,1,-1,-1,-1
46,5,1088,484,34,116,1,-1,-1,-1
46,4,481,445,111,308,1,-1,-1,-1
46,3,618,442,88,271,1,-1,-1,-1
46,1,1700,393,235,490,1,-1,-1,-1
47,30,580,457,40,132,1,-1,-1,-1
47,25,582,428,21,43,1,-1,-1,-1
47,20,1479,427,58,131,1,-1,-1,-1
47,18,579,425,19,41,1,-1,-1,-1
47,15,593,425,19,40,1,-1,-1,-1
47,13,416,459,42,87,1,-1,-1,-1
47,12,670,454,70,208,1,-1,-1,-1
47,10,1258,443,34,103,1,-1,-1,-1
47,9,1094,438,41,111,1,-1,-1,-1
47,8,1052,484,37,110,1,-1,-1,-1
47,7,1006,440,44,121,1,-1,-1,-1
47,6,928,435,43,113,1,-1,-1,-1
47,5,1088,484,33,116,1,-1,-1,-1
47,4,481,443,110,311,1,-1,-1,-1
47,3,619,443,88,271,1,-1,-1,-1
47,1,1718,390,219,493,1,-1,-1,-1
48,30,580,455,39,133,1,-1,-1,-1
48,25,583,428,21,43,1,-1,-1,-1
48,20,1483,429,57,129,1,-1,-1,-1
48,18,579,425,19,41,1,-1,-1,-1
48,15,593,425,19,40,1,-1,-1,-1
48,13,417,459,41,87,1,-1,-1,-1
48,12,670,454,72,208,1,-1,-1,-1
48,10,1258,443,35,103,1,-1,-1,-1
48,9,1094,438,41,111,1,-1,-1,-1
48,8,1052,484,37,110,1,-1,-1,-1
48,7,1007,439,44,121,1,-1,-1,-1
48,6,928,435,43,113,1,-1,-1,-1
48,5,1089,484,33,116,1,-1,-1,-1
48,4,480,442,111,312,1,-1,-1,-1
48,3,621,444,88,271,1,-1,-1,-1
48,1,1740,387,198,496,1,-1,-1,-1
49,30,580,455,40,134,1,-1,-1,-1
49,25,583,428,22,43,1,-1,-1,-1
49,20,1487,432,56,126,1,-1,-1,-1
49,18,579,425,19,41,1,-1,-1,-1
49,15,593,425,19,41,1,-1,-1,-1
49,13,417,459,41,88,1,-1,-1,-1
49,12,670,453,72,208,1,-1,-1,-1
49,10,1258,444,35,102,1,-1,-1,-1
49,9,1095,438,41,111,1,-1,-1,-1
49,8,1052,484,38,110,1,-1,-1,-1
49,7,1008,439,44,122,1,-1,-1,-1
49,6,929,435,42,113,1,-1,-1,-1
49,5,1089,484,34,116,1,-1,-1,-1
49,4,479,441,111,313,1,-1,-1,-1
49,3,622,444,88,271,1,-1,-1,-1
49,1,1759,385,178,499,1,-1,-1,-1
50,34,595,427,21,42,1,-1,-1,-1
50,30,580,455,41,134,1,-1,-1,-1
50,25,583,428,21,42,1,-1,-1,-1
50,20,1491,432,54,126,1,-1,-1,-1
50,18,579,425,18,42,1,-1,-1,-1
50,15,593,425,19,41,1,-1,-1,-1
50,13,417,458,41,89,1,-1,-1,-1
50,12,671,456,72,206,1,-1,-1,-1
50,10,1259,444,34,102,1,-1,-1,-1
50,9,1095,438,41,111,1,-1,-1,-1
50,8,1053,484,37,110,1,-1,-1,-1
50,7,1009,440,44,121,1,-1,-1,-1
50,6,929,435,42,113,1,-1,-1,-1
50,5,1090,484,33,116,1,-1,-1,-1
50,4,479,440,112,313,1,-1,-1,-1
50,3,624,444,88,272,1,-1,-1,-1
50,1,1777,383,159,501,1,-1,-1,-1
51,35,1081,480,34,115,1,-1,-1,-1
51,34,596,427,20,41,1,-1,-1,-1
51,30,580,454,41,134,1,-1,-1,-1
51,25,583,428,21,42,1,-1,-1,-1
51,20,1496,433,52,125,1,-1,-1,-1
51,18,579,425,18,41,1,-1,-1,-1
51,15,593,425,19,40,1,-1,-1,-1
51,13,417,458,41,89,1,-1,-1,-1
51,12,672,455,71,207,1,-1,-1,-1
51,10,1259,444,34,103,1,-1,-1,-1
51,9,1095,438,42,110,1,-1,-1,-1
51,8,1054,483,36,111,1,-1,-1,-1
51,7,1009,439,44,122,1,-1,-1,-1
51,6,929,434,42,113,1,-1,-1,-1
51,5,1090,484,33,116,1,-1,-1,-1
51,4,478,440,113,314,1,-1,-1,-1
51,3,623,445,89,271,1,-1,-1,-1
51,1,1792,383,141,502,1,-1,-1,-1
52,35,1081,480,34,115,1,-1,-1,-1
52,34,596,428,20,40,1,-1,-1,-1
52,30,581,454,41,135,1,-1,-1,-1
52,25,583,428,20,41,1,-1,-1,-1
52,20,1500,433,52,125,1,-1,-1,-1
52,18,580,425,18,41,1,-1,-1,-1
52,15,593,425,19,40,1,-1,-1,-1
52,13,418,457,41,90,1,-1,-1,-1
52,12,673,454,71,207,1,-1,-1,-1
52,10,1258,444,35,102,1,-1,-1,-1
52,9,1095,438,41,110,1,-1,-1,-1
52,8,1053,483,37,111,1,-1,-1,-1
52,7,1008,439,44,122,1,-1,-1,-1
52,6,929,434,42,113,1,-1,-1,-1
52,5,1090,484,33,116,1,-1,-1,-1
52,4,477,439,114,315,1,-1,-1,-1
52,3,624,445,88,272,1,-1,-1,-1
52,1,1801,382,128,503,1,-1,-1,-1
53,35,1076,480,32,114,1,-1,-1,-1
53,34,596,428,20,41,1,-1,-1,-1
53,30,581,455,41,135,1,-1,-1,-1
53,25,583,428,21,42,1,-1,-1,-1
53,20,1503,433,52,124,1,-1,-1,-1
53,18,580,425,18,41,1,-1,-1,-1
53,15,593,426,19,40,1,-1,-1,-1
53,13,418,458,41,89,1,-1,-1,-1
53,12,672,453,71,207,1,-1,-1,-1
53,10,1258,445,35,102,1,-1,-1,-1
53,9,1094,438,42,111,1,-1,-1,-1
53,8,1053,483,37,111,1,-1,-1,-1
53,7,1007,438,44,120,1,-1,-1,-1
53,6,929,435,42,113,1,-1,-1,-1
53,5,1090,484,33,115,1,-1,-1,-1
53,4,477,439,113,315,1,-1,-1,-1
53,3,624,445,89,272,1,-1,-1,-1
53,1,1809,384,118,504,1,-1,-1,-1
54,35,1079,480,33,114,1,-1,-1,-1
54,34,596,428,20,40,1,-1,-1,-1
54,30,581,455,41,135,1,-1,-1,-1
54,25,583,428,20,41,1,-1,-1,-1
54,20,1505,432,53,124,1,-1,-1,-1
54,18,580,425,17,40,1,-1,-1,-1
54,15,593,425,19,40,1,-1,-1,-1
54,13,418,458,41,89,1,-1,-1,-1
54,12,673,454,70,207,1,-1,-1,-1
54,10,1259,445,35,103,1,-1,-1,-1
54,9,1094,438,42,111,1,-1,-1,-1
54,8,1053,483,37,111,1,-1,-1,-1
54,7,1007,439,44,119,1,-1,-1,-1
54,6,929,435,42,113,1,-1,-1,-1
54,5,1091,484,33,114,1,-1,-1,-1
54,4,476,439,115,315,1,-1,-1,-1
54,3,625,444,88,273,1,-1,-1,-1
54,1,1814,384,110,504,1,-1,-1,-1
55,35,1081,481,33,113,1,-1,-1,-1
55,30,581,456,41,134,1,-1,-1,-1
55,25,582,429,20,41,1,-1,-1,-1
55,20,1505,433,56,123,1,-1,-1,-1
55,18,579,426,18,40,1,-1,-1,-1
55,15,593,425,19,40,1,-1,-1,-1
55,13,419,458,40,90,1,-1,-1,-1
55,12,677,454,71,206,1,-1,-1,-1
55,10,1259,446,35,102,1,-1,-1,-1
55,9,1094,438,41,110,1,-1,-1,-1
55,8,1053,483,37,111,1,-1,-1,-1
55,7,1006,439,43,119,1,-1,-1,-1
55,6,929,435,42,113,1,-1,-1,-1
55,5,1090,483,33,114,1,-1,-1,-1
55,4,477,439,115,316,1,-1,-1,-1
55,3,624,443,88,274,1,-1,-1,-1
55,1,1819,385,103,504,1,-1,-1,-1
56,35,1081,481,34,113,1,-1,-1,-1
56,30,581,456,42,134,1,-1,-1,-1
56,25,582,429,20,41,1,-1,-1,-1
56,20,1506,434,57,122,1,-1,-1,-1
56,18,579,426,18,40,1,-1,-1,-1
56,15,593,425,19,40,1,-1,-1,-1
56,13,419,458,40,89,1,-1,-1,-1
56,12,680,454,71,205,1,-1,-1,-1
56,10,1259,446,35,102,1,-1,-1,-1
56,9,1094,438,41,110,1,-1,-1,-1
56,8,1053,483,37,111,1,-1,-1,-1
56,7,1006,439,42,118,1,-1,-1,-1
56,6,929,435,42,113,1,-1,-1,-1
56,5,1090,483,33,114,1,-1,-1,-1
56,4,478,438,115,317,1,-1,-1,-1
56,3,624,443,88,274,1,-1,-1,-1
56,1,1825,385,96,504,1,-1,-1,-1
57,35,1074,480,32,114,1,-1,-1,-1
57,30,581,456,42,133,1,-1,-1,-1
57,25,581,429,21,41,1,-1,-1,-1
57,20,1507,433,58,123,1,-1,-1,-1
57,18,578,426,18,40,1,-1,-1,-1
57,15,593,425,19,40,1,-1,-1,-1
57,13,419,458,40,90,1,-1,-1,-1
57,12,682,455,71,205,1,-1,-1,-1
57,10,1259,446,35,102,1,-1,-1,-1
57,9,1094,437,42,111,1,-1,-1,-1
57,8,1054,483,37,111,1,-1,-1,-1
57,7,1006,439,41,117,1,-1,-1,-1
57,6,929,435,42,112,1,-1,-1,-1
57,5,1091,484,33,113,1,-1,-1,-1
57,4,479,438,116,317,1,-1,-1,-1
57,3,624,443,88,276,1,-1,-1,-1
57,1,1828,385,92,503,1,-1,-1,-1
58,35,1068,479,32,115,1,-1,-1,-1
58,30,581,455,42,134,1,-1,-1,-1
58,25,579,428,22,41,1,-1,-1,-1
58,20,1508,435,58,121,1,-1,-1,-1
58,18,577,425,19,41,1,-1,-1,-1
58,15,593,424,19,40,1,-1,-1,-1
58,13,419,457,40,90,1,-1,-1,-1
58,12,683,454,72,207,1,-1,-1,-1
58,10,1259,445,35,102,1,-1,-1,-1
58,9,1096,439,41,110,1,-1,-1,-1
58,8,1055,483,36,111,1,-1,-1,-1
58,7,1006,439,40,116,1,-1,-1,-1
58,6,929,434,43,113,1,-1,-1,-1
58,5,1092,483,33,114,1,-1,-1,-1
58,4,479,439,118,317,1,-1,-1,-1
58,3,624,442,89,277,1,-1,-1,-1
58,1,1833,383,87,505,1,-1,-1,-1
59,35,1068,480,31,114,1,-1,-1,-1
59,30,581,455,41,134,1,-1,-1,-1
59,25,578,427,22,42,1,-1,-1,-1
59,20,1510,436,57,120,1,-1,-1,-1
59,18,576,425,19,41,1,-1,-1,-1
59,15,592,424,20,40,1,-1,-1,-1
59,13,419,457,40,90,1,-1,-1,-1
59,12,685,454,72,209,1,-1,-1,-1
59,10,1259,446,35,102,1,-1,-1,-1
59,9,1097,440,40,109,1,-1,-1,-1
59,8,1056,483,35,111,1,-1,-1,-1
59,7,1006,439,39,114,1,-1,-1,-1
59,6,929,434,43,113,1,-1,-1,-1
59,5,1091,484,34,113,1,-1,-1,-1
59,4,480,438,121,318,1,-1,-1,-1
59,3,624,441,89,278,1,-1,-1,-1
59,1,1837,382,82,509,1,-1,-1,-1
60,36,1030,442,37,111,1,-1,-1,-1
60,35,1067,479,30,115,1,-1,-1,-1
60,30,579,454,42,134,1,-1,-1,-1
60,25,579,426,22,42,1,-1,-1,-1
60,20,1514,435,57,120,1,-1,-1,-1
60,18,576,425,19,41,1,-1,-1,-1
60,15,592,424,20,40,1,-1,-1,-1
60,13,419,456,40,90,1,-1,-1,-1
60,12,686,457,71,209,1,-1,-1,-1
60,10,1260,446,35,101,1,-1,-1,-1
60,9,1096,439,41,109,1,-1,-1,-1
60,8,1056,482,36,112,1,-1,-1,-1
60,7,1005,440,38,112,1,-1,-1,-1
60,6,929,434,43,112,1,-1,-1,-1
60,5,1091,485,33,113,1,-1,-1,-1
60,4,483,438,123,319,1,-1,-1,-1
60,3,624,442,89,278,1,-1,-1,-1
60,1,1842,380,77,514,1,-1,-1,-1
61,36,1031,444,36,112,1,-1,-1,-1
61,30,579,455,42,134,1,-1,-1,-1
61,25,579,426,22,42,1,-1,-1,-1
61,20,1519,433,56,121,1,-1,-1,-1
61,18,575,425,19,40,1,-1,-1,-1
61,15,592,424,20,40,1,-1,-1,-1
61,13,420,456,40,90,1,-1,-1,-1
61,12,686,456,72,210,1,-1,-1,-1
61,10,1259,445,35,101,1,-1,-1,-1
61,9,1095,439,41,110,1,-1,-1,-1
61,8,1057,482,35,112,1,-1,-1,-1
61,7,1004,441,38,111,1,-1,-1,-1
61,6,929,434,42,113,1,-1,-1,-1
61,5,1091,485,33,113,1,-1,-1,-1
61,4,486,438,125,320,1,-1,-1,-1
61,3,624,442,89,280,1,-1,-1,-1
61,1,1853,378,68,521,1,-1,-1,-1
62,36,1033,444,35,113,1,-1,-1,-1
62,30,580,457,41,134,1,-1,-1,-1
62,25,578,426,22,42,1,-1,-1,-1
62,20,1523,434,55,120,1,-1,-1,-1
62,18,575,424,19,41,1,-1,-1,-1
62,15,591,423,21,40,1,-1,-1,-1
62,13,420,456,40,90,1,-1,-1,-1
62,12,686,457,73,211,1,-1,-1,-1
62,10,1259,446,35,101,1,-1,-1,-1
62,9,1095,437,41,110,1,-1,-1,-1
62,8,1057,482,35,112,1,-1,-1,-1
62,7,1004,442,38,111,1,-1,-1,-1
62,6,928,434,43,113,1,-1,-1,-1
62,5,1090,483,33,114,1,-1,-1,-1
62,4,487,437,129,322,1,-1,-1,-1
62,3,623,442,89,281,1,-1,-1,-1
62,1,1864,386,58,520,1,-1,-1,-1
63,37,471,457,35,87,1,-1,-1,-1
63,36,1033,445,35,111,1,-1,-1,-1
63,30,580,455,41,134,1,-1,-1,-1
63,25,578,426,21,41,1,-1,-1,-1
63,20,1526,433,53,121,1,-1,-1,-1
63,18,575,424,19,41,1,-1,-1,-1
63,15,591,423,21,40,1,-1,-1,-1
63,13,420,457,39,89,1,-1,-1,-1
63,12,686,458,72,213,1,-1,-1,-1
63,10,1259,445,35,101,1,-1,-1,-1
63,9,1094,437,41,110,1,-1,-1,-1
63,8,1056,482,36,111,1,-1,-1,-1
63,7,1003,444,38,110,1,-1,-1,-1
63,6,928,435,43,112,1,-1,-1,-1
63,5,1089,483,33,114,1,-1,-1,-1
63,4,489,438,132,322,1,-1,-1,-1
63,3,621,442,90,283,1,-1,-1,-1
64,37,471,456,35,89,1,-1,-1,-1
64,36,1033,445,35,111,1,-1,-1,-1
64,35,1069,478,31,116,1,-1,-1,-1
64,25,578,427,21,41,1,-1,-1,-1
64,20,1528,432,52,122,1,-1,-1,-1
64,18,574,425,19,41,1,-1,-1,-1
64,15,591,424,21,40,1,-1,-1,-1
64,13,420,457,39,89,1,-1,-1,-1
64,12,686,459,74,213,1,-1,-1,-1
64,10,1259,445,35,101,1,-1,-1,-1
64,9,1094,437,41,110,1,-1,-1,-1
64,8,1056,481,36,112,1,-1,-1,-1
64,7,1002,443,38,110,1,-1,-1,-1
64,6,928,435,43,113,1,-1,-1,-1
64,5,1088,483,33,114,1,-1,-1,-1
64,4,489,439,134,322,1,-1,-1,-1
64,3,621,443,90,282,1,-1,-1,-1
65,37,471,457,36,90,1,-1,-1,-1
65,36,1034,445,34,111,1,-1,-1,-1
65,25,581,427,20,41,1,-1,-1,-1
65,20,1531,432,52,122,1,-1,-1,-1
65,18,574,425,19,40,1,-1,-1,-1
65,15,592,425,20,40,1,-1,-1,-1
65,13,419,456,40,89,1,-1,-1,-1
65,12,687,459,74,215,1,-1,-1,-1
65,10,1258,445,36,101,1,-1,-1,-1
65,9,1093,437,41,110,1,-1,-1,-1
65,8,1055,481,36,112,1,-1,-1,-1
65,7,1002,442,38,111,1,-1,-1,-1
65,6,928,435,43,113,1,-1,-1,-1
65,5,1087,482,33,115,1,-1,-1,-1
65,4,491,438,134,323,1,-1,-1,-1
65,3,621,444,90,283,1,-1,-1,-1
66,39,595,427,20,46,1,-1,-1,-1
66,37,471,458,36,91,1,-1,-1,-1
66,36,1034,445,34,112,1,-1,-1,-1
66,25,584,427,20,41,1,-1,-1,-1
66,20,1536,430,53,123,1,-1,-1,-1
66,18,575,424,19,41,1,-1,-1,-1
66,15,592,425,20,42,1,-1,-1,-1
66,13,419,455,39,91,1,-1,-1,-1
66,12,688,458,74,215,1,-1,-1,-1
66,10,1258,445,35,100,1,-1,-1,-1
66,9,1093,437,41,110,1,-1,-1,-1
66,8,1055,482,36,111,1,-1,-1,-1
66,7,1001,442,38,111,1,-1,-1,-1
66,6,928,435,43,113,1,-1,-1,-1
66,5,1087,482,33,115,1,-1,-1,-1
66,4,492,439,135,323,1,-1,-1,-1
66,3,621,445,89,283,1,-1,-1,-1
67,39,596,427,20,45,1,-1,-1,-1
67,37,472,458,36,91,1,-1,-1,-1
67,36,1035,445,34,113,1,-1,-1,-1
67,25,586,426,20,40,1,-1,-1,-1
67,20,1540,429,53,123,1,-1,-1,-1
67,18,576,423,19,41,1,-1,-1,-1
67,15,592,425,20,42,1,-1,-1,-1
67,13,419,455,39,90,1,-1,-1,-1
67,12,689,458,74,215,1,-1,-1,-1
67,10,1258,446,35,101,1,-1,-1,-1
67,9,1094,437,41,110,1,-1,-1,-1
67,8,1054,482,36,111,1,-1,-1,-1
67,7,1001,440,38,112,1,-1,-1,-1
67,6,928,435,43,113,1,-1,-1,-1
67,5,1087,482,33,115,1,-1,-1,-1
67,4,494,440,135,323,1,-1,-1,-1
67,3,621,446,89,283,1,-1,-1,-1
68,39,597,427,20,46,1,-1,-1,-1
68,38,1079,481,32,113,1,-1,-1,-1
68,37,480,457,34,94,1,-1,-1,-1
68,36,1035,444,34,111,1,-1,-1,-1
68,25,587,426,20,40,1,-1,-1,-1
68,20,1542,428,52,124,1,-1,-1,-1
68,18,577,422,18,40,1,-1,-1,-1
68,15,593,425,20,42,1,-1,-1,-1
68,13,420,453,39,91,1,-1,-1,-1
68,12,692,457,74,216,1,-1,-1,-1
68,10,1259,447,35,100,1,-1,-1,-1
68,9,1094,438,41,109,1,-1,-1,-1
68,8,1053,485,36,110,1,-1,-1,-1
68,7,1000,440,39,111,1,-1,-1,-1
68,6,928,435,43,113,1,-1,-1,-1
68,5,1088,482,33,115,1,-1,-1,-1
68,4,497,443,135,321,1,-1,-1,-1
68,3,620,446,89,284,1,-1,-1,-1
69,39,599,426,20,44,1,-1,-1,-1
69,38,1079,481,31,113,1,-1,-1,-1
69,37,480,455,34,95,1,-1,-1,-1
69,36,1037,443,34,110,1,-1,-1,-1
69,25,587,424,20,40,1,-1,-1,-1
69,20,1543,428,52,124,1,-1,-1,-1
69,18,579,420,19,40,1,-1,-1,-1
69,15,593,423,20,42,1,-1,-1,-1
69,13,420,453,39,90,1,-1,-1,-1
69,12,692,458,75,216,1,-1,-1,-1
69,10,1259,448,35,100,1,-1,-1,-1
69,9,1095,438,40,109,1,-1,-1,-1
69,8,1052,485,36,109,1,-1,-1,-1
69,7,1001,439,38,111,1,-1,-1,-1
69,6,929,435,42,112,1,-1,-1,-1
69,5,1088,482,33,114,1,-1,-1,-1
69,4,500,443,134,321,1,-1,-1,-1
69,3,620,446,89,284,1,-1,-1,-1
70,40,491,455,29,93,1,-1,-1,-1
70,39,600,425,21,43,1,-1,-1,-1
70,38,1080,481,31,113,1,-1,-1,-1
70,36,1038,443,33,109,1,-1,-1,-1
70,25,587,424,21,38,1,-1,-1,-1
70,20,1544,428,51,125,1,-1,-1,-1
70,18,579,419,19,40,1,-1,-1,-1
70,15,593,421,20,42,1,-1,-1,-1
70,13,420,453,39,90,1,-1,-1,-1
70,12,693,459,75,216,1,-1,-1,-1
70,10,1259,448,35,100,1,-1,-1,-1
70,9,1095,438,40,109,1,-1,-1,-1
70,8,1052,485,36,109,1,-1,-1,-1
70,7,1001,438,39,112,1,-1,-1,-1
70,6,929,434,42,114,1,-1,-1,-1
70,5,1088,482,33,115,1,-1,-1,-1
70,4,502,444,134,320,1,-1,-1,-1
70,3,620,445,89,285,1,-1,-1,-1
71,36,1040,445,34,106,1,-1,-1,-1
71,25,586,424,22,37,1,-1,-1,-1
71,20,1544,428,52,125,1,-1,-1,-1
71,18,580,419,19,39,1,-1,-1,-1
71,15,593,420,20,42,1,-1,-1,-1
71,13,420,452,39,90,1,-1,-1,-1
71,12,694,458,75,217,1,-1,-1,-1
71,10,1259,446,35,100,1,-1,-1,-1
71,9,1095,437,40,110,1,-1,-1,-1
71,8,1051,483,37,111,1,-1,-1,-1
71,7,1001,438,40,112,1,-1,-1,-1
71,6,929,435,42,113,1,-1,-1,-1
71,5,1088,482,33,115,1,-1,-1,-1
71,4,505,444,131,320,1,-1,-1,-1
71,3,619,444,89,285,1,-1,-1,-1
72,41,470,461,34,100,1,-1,-1,-1
72,36,1040,444,34,105,1,-1,-1,-1
72,25,585,424,23,37,1,-1,-1,-1
72,20,1545,428,51,125,1,-1,-1,-1
72,18,578,419,20,38,1,-1,-1,-1
72,15,593,421,20,41,1,-1,-1,-1
72,13,419,453,40,89,1,-1,-1,-1
72,12,695,458,76,217,1,-1,-1,-1
72,10,1259,447,35,100,1,-1,-1,-1
72,9,1095,438,40,110,1,-1,-1,-1
72,8,1051,483,36,111,1,-1,-1,-1
72,7,1001,437,40,112,1,-1,-1,-1
72,6,928,435,43,113,1,-1,-1,-1
72,5,1088,481,33,116,1,-1,-1,-1
72,4,508,444,129,320,1,-1,-1,-1
72,3,617,444,91,285,1,-1,-1,-1
73,41,469,462,35,102,1,-1,-1,-1
73,36,1041,443,34,104,1,-1,-1,-1
73,20,1546,427,51,126,1,-1,-1,-1
73,18,579,419,19,38,1,-1,-1,-1
73,15,593,420,20,41,1,-1,-1,-1
73,13,419,452,39,90,1,-1,-1,-1
73,12,696,458,77,218,1,-1,-1,-1
73,10,1259,446,35,100,1,-1,-1,-1
73,9,1094,438,41,110,1,-1,-1,-1
73,8,1051,482,37,111,1,-1,-1,-1
73,7,1000,437,41,112,1,-1,-1,-1
73,6,929,435,42,112,1,-1,-1,-1
73,5,1088,481,33,116,1,-1,-1,-1
73,4,511,442,127,322,1,-1,-1,-1
73,3,616,444,92,285,1,-1,-1,-1
74,41,467,462,35,103,1,-1,-1,-1
74,40,500,453,28,97,1,-1,-1,-1
74,36,1042,443,35,102,1,-1,-1,-1
74,20,1548,426,51,126,1,-1,-1,-1
74,18,579,420,19,37,1,-1,-1,-1
74,15,593,419,20,40,1,-1,-1,-1
74,13,419,452,39,89,1,-1,-1,-1
74,12,697,458,77,218,1,-1,-1,-1
74,10,1259,447,35,100,1,-1,-1,-1
74,9,1094,438,41,110,1,-1,-1,-1
74,8,1051,481,37,112,1,-1,-1,-1
74,7,1000,437,41,113,1,-1,-1,-1
74,6,928,435,43,113,1,-1,-1,-1
74,5,1088,482,33,116,1,-1,-1,-1
74,4,515,441,125,323,1,-1,-1,-1
74,3,615,444,92,286,1,-1,-1,-1
75,41,467,461,35,105,1,-1,-1,-1
75,40,499,454,30,101,1,-1,-1,-1
75,36,1044,444,34,102,1,-1,-1,-1
75,20,1551,427,50,125,1,-1,-1,-1
75,18,579,420,18,37,1,-1,-1,-1
75,15,592,419,20,39,1,-1,-1,-1
75,13,419,453,40,88,1,-1,-1,-1
75,12,698,458,78,219,1,-1,-1,-1
75,10,1259,448,35,100,1,-1,-1,-1
75,9,1094,438,41,111,1,-1,-1,-1
75,8,1051,480,37,113,1,-1,-1,-1
75,7,1000,438,41,113,1,-1,-1,-1
75,6,928,435,43,113,1,-1,-1,-1
75,5,1087,482,34,116,1,-1,-1,-1
75,4,519,440,124,324,1,-1,-1,-1
75,3,615,443,92,286,1,-1,-1,-1
76,41,467,461,35,106,1,-1,-1,-1
76,40,498,453,31,104,1,-1,-1,-1
76,36,1044,444,35,102,1,-1,-1,-1
76,20,1553,428,49,124,1,-1,-1,-1
76,18,579,421,17,37,1,-1,-1,-1
76,15,592,419,20,39,1,-1,-1,-1
76,13,419,453,39,89,1,-1,-1,-1
76,12,699,457,78,219,1,-1,-1,-1
76,10,1259,448,35,100,1,-1,-1,-1
76,9,1094,438,41,111,1,-1,-1,-1
76,8,1052,480,37,113,1,-1,-1,-1
76,7,1000,438,41,114,1,-1,-1,-1
76,6,928,435,43,112,1,-1,-1,-1
76,5,1087,483,34,115,1,-1,-1,-1
76,4,523,440,121,325,1,-1,-1,-1
76,3,615,443,93,286,1,-1,-1,-1
77,41,466,461,35,107,1,-1,-1,-1
77,40,497,454,32,108,1,-1,-1,-1
77,36,1044,444,35,101,1,-1,-1,-1
77,20,1556,429,48,123,1,-1,-1,-1
77,18,578,422,18,36,1,-1,-1,-1
77,15,592,420,20,38,1,-1,-1,-1
77,13,419,454,39,89,1,-1,-1,-1
77,12,701,457,80,219,1,-1,-1,-1
77,10,1259,448,35,100,1,-1,-1,-1
77,9,1094,438,42,111,1,-1,-1,-1
77,8,1052,480,37,113,1,-1,-1,-1
77,7,1000,439,42,114,1,-1,-1,-1
77,6,929,435,42,112,1,-1,-1,-1
77,5,1087,483,34,115,1,-1,-1,-1
77,4,527,439,118,326,1,-1,-1,-1
77,3,616,443,92,286,1,-1,-1,-1
78,41,466,460,34,108,1,-1,-1,-1
78,40,497,453,32,110,1,-1,-1,-1
78,36,1044,445,35,101,1,-1,-1,-1
78,18,578,422,17,37,1,-1,-1,-1
78,15,592,422,20,37,1,-1,-1,-1
78,13,420,454,38,89,1,-1,-1,-1
78,12,704,458,81,219,1,-1,-1,-1
78,10,1259,447,35,101,1,-1,-1,-1
78,9,1095,439,41,111,1,-1,-1,-1
78,8,1051,480,37,113,1,-1,-1,-1
78,7,1000,439,42,114,1,-1,-1,-1
78,6,928,435,42,112,1,-1,-1,-1
78,5,1087,482,34,116,1,-1,-1,-1
78,4,531,439,115,328,1,-1,-1,-1
78,3,616,443,92,286,1,-1,-1,-1
79,41,465,460,35,108,1,-1,-1,-1
79,40,496,453,33,111,1,-1,-1,-1
79,36,1045,448,34,99,1,-1,-1,-1
79,18,577,423,18,37,1,-1,-1,-1
79,15,592,423,20,36,1,-1,-1,-1
79,13,420,454,38,89,1,-1,-1,-1
79,12,707,458,83,220,1,-1,-1,-1
79,10,1259,446,35,100,1,-1,-1,-1
79,9,1096,439,41,111,1,-1,-1,-1
79,8,1051,479,37,114,1,-1,-1,-1
79,7,1000,438,42,114,1,-1,-1,-1
79,6,928,435,43,112,1,-1,-1,-1
79,5,1087,482,34,116,1,-1,-1,-1
79,4,535,440,113,328,1,-1,-1,-1
79,3,617,442,91,287,1,-1,-1,-1
80,41,465,460,34,107,1,-1,-1,-1
80,40,496,452,33,112,1,-1,-1,-1
80,18,577,423,18,37,1,-1,-1,-1
80,15,593,423,20,36,1,-1,-1,-1
80,13,420,455,39,88,1,-1,-1,-1
80,12,710,457,87,222,1,-1,-1,-1
80,10,1259,447,36,101,1,-1,-1,-1
80,9,1096,440,41,110,1,-1,-1,-1
80,8,1051,479,37,114,1,-1,-1,-1
80,7,1000,438,42,114,1,-1,-1,-1
80,6,928,435,43,112,1,-1,-1,-1
80,5,1087,482,34,116,1,-1,-1,-1
80,4,538,441,110,330,1,-1,-1,-1
80,3,616,441,92,288,1,-1,-1,-1
81,41,465,461,34,105,1,-1,-1,-1
81,40,495,452,34,111,1,-1,-1,-1
81,18,578,423,18,37,1,-1,-1,-1
81,15,593,423,20,37,1,-1,-1,-1
81,13,421,455,38,89,1,-1,-1,-1
81,12,712,455,90,225,1,-1,-1,-1
81,10,1259,447,36,101,1,-1,-1,-1
81,9,1096,440,41,110,1,-1,-1,-1
81,8,1051,479,37,114,1,-1,-1,-1
81,7,1000,438,42,114,1,-1,-1,-1
81,6,928,435,43,112,1,-1,-1,-1
81,5,1086,482,35,116,1,-1,-1,-1
81,4,540,440,109,332,1,-1,-1,-1
81,3,616,441,93,289,1,-1,-1,-1
82,42,579,428,20,35,1,-1,-1,-1
82,41,465,462,34,104,1,-1,-1,-1
82,40,495,454,34,111,1,-1,-1,-1
82,18,577,423,19,37,1,-1,-1,-1
82,15,593,424,19,36,1,-1,-1,-1
82,13,422,455,38,89,1,-1,-1,-1
82,12,713,454,93,224,1,-1,-1,-1
82,10,1259,445,36,101,1,-1,-1,-1
82,9,1097,440,41,110,1,-1,-1,-1
82,8,1051,479,37,114,1,-1,-1,-1
82,7,1001,439,42,113,1,-1,-1,-1
82,6,929,435,42,112,1,-1,-1,-1
82,5,1086,481,35,117,1,-1,-1,-1
82,4,543,441,109,332,1,-1,-1,-1
82,3,618,442,93,289,1,-1,-1,-1
83,42,579,428,20,35,1,-1,-1,-1
83,41,464,462,34,103,1,-1,-1,-1
83,40,495,454,34,111,1,-1,-1,-1
83,18,577,423,18,38,1,-1,-1,-1
83,15,592,424,20,36,1,-1,-1,-1
83,13,423,455,37,89,1,-1,-1,-1
83,12,715,454,93,224,1,-1,-1,-1
83,10,1259,446,35,101,1,-1,-1,-1
83,9,1096,439,42,111,1,-1,-1,-1
83,8,1051,479,38,114,1,-1,-1,-1
83,7,1001,439,42,114,1,-1,-1,-1
83,6,929,434,42,113,1,-1,-1,-1
83,5,1087,481,35,117,1,-1,-1,-1
83,4,546,440,108,333,1,-1,-1,-1
83,3,621,443,93,288,1,-1,-1,-1
84,42,580,428,19,35,1,-1,-1,-1
84,41,464,463,34,102,1,-1,-1,-1
84,40,495,454,34,111,1,-1,-1,-1
84,18,577,424,18,37,1,-1,-1,-1
84,15,593,424,19,36,1,-1,-1,-1
84,13,424,455,37,89,1,-1,-1,-1
84,12,717,454,92,224,1,-1,-1,-1
84,10,1259,447,36,101,1,-1,-1,-1
84,9,1096,439,42,111,1,-1,-1,-1
84,8,1052,479,37,114,1,-1,-1,-1
84,7,1002,439,41,113,1,-1,-1,-1
84,6,929,434,43,112,1,-1,-1,-1
84,5,1087,481,35,117,1,-1,-1,-1
84,4,547,440,108,334,1,-1,-1,-1
84,3,625,444,92,289,1,-1,-1,-1
85,42,581,427,19,36,1,-1,-1,-1
85,41,464,463,34,103,1,-1,-1,-1
85,40,495,454,33,111,1,-1,-1,-1
85,18,578,423,18,38,1,-1,-1,-1
85,15,593,424,19,36,1,-1,-1,-1
85,13,424,455,38,89,1,-1,-1,-1
85,12,718,453,93,225,1,-1,-1,-1
85,10,1260,446,35,100,1,-1,-1,-1
85,9,1096,439,42,111,1,-1,-1,-1
85,8,1051,479,38,114,1,-1,-1,-1
85,7,1001,440,42,112,1,-1,-1,-1
85,6,930,434,42,112,1,-1,-1,-1
85,5,1087,481,35,117,1,-1,-1,-1
85,4,548,442,108,334,1,-1,-1,-1
85,3,627,445,93,288,1,-1,-1,-1
86,42,581,428,19,35,1,-1,-1,-1
86,41,465,463,34,104,1,-1,-1,-1
86,40,495,454,32,111,1,-1,-1,-1
86,18,579,423,18,39,1,-1,-1,-1
86,15,593,424,19,36,1,-1,-1,-1
86,13,425,456,38,89,1,-1,-1,-1
86,12,720,453,93,225,1,-1,-1,-1
86,10,1259,446,36,101,1,-1,-1,-1
86,9,1095,440,43,110,1,-1,-1,-1
86,8,1051,479,37,114,1,-1,-1,-1
86,7,1001,439,42,112,1,-1,-1,-1
86,6,930,434,42,112,1,-1,-1,-1
86,5,1087,481,35,117,1,-1,-1,-1
86,4,549,441,108,335,1,-1,-1,-1
86,3,629,445,93,288,1,-1,-1,-1
87,41,463,463,36,105,1,-1,-1,-1
87,40,494,454,32,110,1,-1,-1,-1
87,18,579,424,18,39,1,-1,-1,-1
87,15,593,424,19,36,1,-1,-1,-1
87,13,425,456,38,88,1,-1,-1,-1
87,12,721,453,92,226,1,-1,-1,-1
87,10,1259,447,35,100,1,-1,-1,-1
87,9,1096,440,42,110,1,-1,-1,-1
87,8,1050,479,38,114,1,-1,-1,-1
87,7,1001,440,41,110,1,-1,-1,-1
87,6,929,434,43,112,1,-1,-1,-1
87,5,1087,481,35,117,1,-1,-1,-1
87,4,550,441,108,338,1,-1,-1,-1
87,3,630,445,94,287,1,-1,-1,-1
88,41,462,462,36,105,1,-1,-1,-1
88,40,495,454,32,109,1,-1,-1,-1
88,18,580,424,18,39,1,-1,-1,-1
88,15,594,424,18,36,1,-1,-1,-1
88,13,425,456,38,88,1,-1,-1,-1
88,12,723,455,91,226,1,-1,-1,-1
88,10,1259,447,36,100,1,-1,-1,-1
88,9,1096,441,42,109,1,-1,-1,-1
88,8,1050,479,38,114,1,-1,-1,-1
88,7,1002,439,40,110,1,-1,-1,-1
88,6,929,435,42,112,1,-1,-1,-1
88,5,1087,480,35,118,1,-1,-1,-1
88,4,551,440,109,340,1,-1,-1,-1
88,3,631,445,95,287,1,-1,-1,-1
89,41,462,462,36,105,1,-1,-1,-1
89,40,496,454,31,110,1,-1,-1,-1
89,18,580,425,18,39,1,-1,-1,-1
89,15,594,424,18,37,1,-1,-1,-1
89,13,425,456,38,88,1,-1,-1,-1
89,12,725,455,90,226,1,-1,-1,-1
89,10,1259,447,35,101,1,-1,-1,-1
89,9,1096,441,42,110,1,-1,-1,-1
89,8,1050,480,38,114,1,-1,-1,-1
89,7,1002,440,40,110,1,-1,-1,-1
89,6,929,435,42,112,1,-1,-1,-1
89,5,1087,480,35,118,1,-1,-1,-1
89,4,552,440,109,342,1,-1,-1,-1
89,3,633,445,95,288,1,-1,-1,-1
90,41,463,463,36,105,1,-1,-1,-1
90,40,495,453,31,110,1,-1,-1,-1
90,18,580,426,17,40,1,-1,-1,-1
90,15,594,425,18,38,1,-1,-1,-1
90,13,425,456,38,88,1,-1,-1,-1
90,12,727,454,90,227,1,-1,-1,-1
90,10,1259,447,35,100,1,-1,-1,-1
90,9,1097,441,41,110,1,-1,-1,-1
90,8,1051,479,37,114,1,-1,-1,-1
90,7,1002,440,40,110,1,-1,-1,-1
90,6,929,435,42,112,1,-1,-1,-1
90,5,1088,480,35,118,1,-1,-1,-1
90,4,552,441,110,343,1,-1,-1,-1
90,3,634,445,95,289,1,-1,-1,-1
91,41,463,462,36,106,1,-1,-1,-1
91,40,496,452,31,108,1,-1,-1,-1
91,18,579,426,18,40,1,-1,-1,-1
91,15,593,426,19,37,1,-1,-1,-1
91,13,427,456,37,88,1,-1,-1,-1
91,12,729,453,88,228,1,-1,-1,-1
91,10,1259,446,35,100,1,-1,-1,-1
91,9,1097,440,42,110,1,-1,-1,-1
91,8,1051,479,37,114,1,-1,-1,-1
91,7,1003,440,40,110,1,-1,-1,-1
91,6,930,435,42,112,1,-1,-1,-1
91,5,1087,480,35,118,1,-1,-1,-1
91,4,553,442,111,346,1,-1,-1,-1
91,3,634,444,97,290,1,-1,-1,-1
92,41,464,464,36,106,1,-1,-1,-1
92,40,495,453,31,108,1,-1,-1,-1
92,18,579,426,17,40,1,-1,-1,-1
92,15,594,426,18,38,1,-1,-1,-1
92,13,427,454,37,88,1,-1,-1,-1
92,12,732,451,86,230,1,-1,-1,-1
92,10,1259,446,35,100,1,-1,-1,-1
92,9,1098,439,42,109,1,-1,-1,-1
92,8,1050,480,38,113,1,-1,-1,-1
92,7,1003,441,39,110,1,-1,-1,-1
92,6,930,435,42,112,1,-1,-1,-1
92,5,1087,479,35,118,1,-1,-1,-1
92,4,555,443,110,348,1,-1,-1,-1
92,3,635,443,98,292,1,-1,-1,-1
93,41,463,464,37,106,1,-1,-1,-1
93,40,496,453,31,109,1,-1,-1,-1
93,18,578,427,18,40,1,-1,-1,-1
93,15,593,426,19,38,1,-1,-1,-1
93,13,428,454,37,88,1,-1,-1,-1
93,12,735,451,84,231,1,-1,-1,-1
93,10,1259,446,35,100,1,-1,-1,-1
93,9,1098,439,41,110,1,-1,-1,-1
93,8,1050,480,37,113,1,-1,-1,-1
93,7,1003,441,39,110,1,-1,-1,-1
93,6,930,435,42,112,1,-1,-1,-1
93,5,1086,479,36,119,1,-1,-1,-1
93,4,555,442,110,351,1,-1,-1,-1
93,3,636,443,98,293,1,-1,-1,-1
94,41,461,464,38,107,1,-1,-1,-1
94,40,495,454,32,108,1,-1,-1,-1
94,18,578,427,18,40,1,-1,-1,-1
94,15,593,426,19,39,1,-1,-1,-1
94,13,428,455,36,87,1,-1,-1,-1
94,12,738,452,83,231,1,-1,-1,-1
94,10,1259,446,35,100,1,-1,-1,-1
94,9,1098,439,42,109,1,-1,-1,-1
94,8,1050,480,38,113,1,-1,-1,-1
94,7,1003,441,39,109,1,-1,-1,-1
94,6,930,435,42,112,1,-1,-1,-1
94,5,1086,479,36,119,1,-1,-1,-1
94,4,554,443,110,353,1,-1,-1,-1
94,3,637,443,99,294,1,-1,-1,-1
95,41,459,464,37,107,1,-1,-1,-1
95,40,496,454,32,110,1,-1,-1,-1
95,18,577,427,18,40,1,-1,-1,-1
95,15,594,426,18,39,1,-1,-1,-1
95,13,427,456,37,87,1,-1,-1,-1
95,12,741,452,81,232,1,-1,-1,-1
95,10,1259,446,35,101,1,-1,-1,-1
95,9,1098,439,41,109,1,-1,-1,-1
95,8,1050,480,37,113,1,-1,-1,-1
95,7,1003,440,39,110,1,-1,-1,-1
95,6,930,435,42,112,1,-1,-1,-1
95,5,1087,479,35,119,1,-1,-1,-1
95,4,552,443,112,356,1,-1,-1,-1
95,3,639,443,99,295,1,-1,-1,-1
96,41,458,466,38,106,1,-1,-1,-1
96,40,496,455,33,111,1,-1,-1,-1
96,18,577,427,18,40,1,-1,-1,-1
96,15,594,426,18,39,1,-1,-1,-1
96,13,428,459,37,85,1,-1,-1,-1
96,12,743,451,80,233,1,-1,-1,-1
96,10,1259,446,35,102,1,-1,-1,-1
96,9,1098,439,40,109,1,-1,-1,-1
96,8,1050,480,37,113,1,-1,-1,-1
96,7,1002,441,39,110,1,-1,-1,-1
96,6,930,435,42,112,1,-1,-1,-1
96,5,1087,480,35,118,1,-1,-1,-1
96,4,551,442,112,358,1,-1,-1,-1
96,3,640,442,100,296,1,-1,-1,-1
97,41,456,467,38,105,1,-1,-1,-1
97,40,496,456,33,111,1,-1,-1,-1
97,13,429,462,37,82,1,-1,-1,-1
97,12,745,452,79,233,1,-1,-1,-1
97,10,1259,446,35,102,1,-1,-1,-1
97,9,1097,439,41,109,1,-1,-1,-1
97,8,1050,480,37,113,1,-1,-1,-1
97,7,1002,442,39,109,1,-1,-1,-1
97,6,929,435,43,112,1,-1,-1,-1
97,5,1086,480,36,118,1,-1,-1,-1
97,4,551,441,112,359,1,-1,-1,-1
97,3,642,442,100,297,1,-1,-1,-1
98,41,455,467,38,105,1,-1,-1,-1
98,40,494,456,34,110,1,-1,-1,-1
98,13,428,462,36,81,1,-1,-1,-1
98,12,748,451,78,235,1,-1,-1,-1
98,10,1259,446,35,102,1,-1,-1,-1
98,9,1097,438,41,110,1,-1,-1,-1
98,8,1050,480,37,113,1,-1,-1,-1
98,7,1001,442,40,110,1,-1,-1,-1
98,6,929,435,43,112,1,-1,-1,-1
98,5,1087,480,35,118,1,-1,-1,-1
98,4,552,441,112,359,1,-1,-1,-1
98,3,643,441,101,298,1,-1,-1,-1
99,41,455,467,38,105,1,-1,-1,-1
99,40,494,457,34,109,1,-1,-1,-1
99,13,429,464,36,80,1,-1,-1,-1
99,12,750,451,79,236,1,-1,-1,-1
99,10,1258,446,35,101,1,-1,-1,-1
99,9,1098,439,41,109,1,-1,-1,-1
99,8,1051,481,38,112,1,-1,-1,-1
99,7,1001,442,40,110,1,-1,-1,-1
99,6,929,434,43,112,1,-1,-1,-1
99,5,1086,480,35,118,1,-1,-1,-1
99,4,553,441,112,358,1,-1,-1,-1
99,3,645,441,101,298,1,-1,-1,-1
100,41,454,467,38,104,1,-1,-1,-1
100,40,495,458,34,108,1,-1,-1,-1
100,13,430,464,35,79,1,-1,-1,-1
100,12,752,451,79,236,1,-1,-1,-1
100,10,1258,446,35,101,1,-1,-1,-1
100,9,1098,439,41,109,1,-1,-1,-1
100,8,1052,480,37,113,1,-1,-1,-1
100,7,1001,442,40,110,1,-1,-1,-1
100,6,929,435,43,112,1,-1,-1,-1
100,5,1087,480,35,118,1,-1,-1,-1
100,4,554,441,111,358,1,-1,-1,-1
100,3,646,440,101,299,1,-1,-1,-1
101,41,453,467,38,103,1,-1,-1,-1
101,40,492,459,34,107,1,-1,-1,-1
101,12,753,451,78,237,1,-1,-1,-1
101,10,1258,445,35,102,1,-1,-1,-1
101,9,1098,438,40,109,1,-1,-1,-1
101,8,1052,480,38,113,1,-1,-1,-1
101,7,1001,443,40,110,1,-1,-1,-1
101,6,929,435,43,112,1,-1,-1,-1
101,5,1086,480,35,118,1,-1,-1,-1
101,4,555,441,111,358,1,-1,-1,-1
101,3,646,440,102,299,1,-1,-1,-1
102,41,452,467,38,103,1,-1,-1,-1
102,15,593,425,19,37,1,-1,-1,-1
102,12,754,450,79,238,1,-1,-1,-1
102,10,1258,445,34,102,1,-1,-1,-1
102,9,1097,438,41,109,1,-1,-1,-1
102,8,1053,481,37,112,1,-1,-1,-1
102,7,1001,442,41,111,1,-1,-1,-1
102,6,929,435,43,112,1,-1,-1,-1
102,5,1086,479,35,119,1,-1,-1,-1
102,4,556,442,110,357,1,-1,-1,-1
102,3,648,440,102,299,1,-1,-1,-1
103,45,500,459,33,103,1,-1,-1,-1
103,41,450,466,39,104,1,-1,-1,-1
103,15,593,425,19,38,1,-1,-1,-1
103,12,754,451,80,239,1,-1,-1,-1
103,10,1257,445,35,102,1,-1,-1,-1
103,9,1097,438,41,108,1,-1,-1,-1
103,8,1052,481,38,112,1,-1,-1,-1
103,7,1001,442,41,111,1,-1,-1,-1
103,6,929,435,43,112,1,-1,-1,-1
103,5,1086,480,35,118,1,-1,-1,-1
103,4,556,442,111,357,1,-1,-1,-1
103,3,650,439,101,300,1,-1,-1,-1
104,45,502,462,32,102,1,-1,-1,-1
104,41,448,467,40,103,1,-1,-1,-1
104,15,593,425,19,37,1,-1,-1,-1
104,12,756,452,79,239,1,-1,-1,-1
104,10,1257,445,34,101,1,-1,-1,-1
104,9,1097,438,41,108,1,-1,-1,-1
104,8,1051,481,38,112,1,-1,-1,-1
104,7,1001,441,41,111,1,-1,-1,-1
104,6,929,435,43,112,1,-1,-1,-1
104,5,1086,481,34,117,1,-1,-1,-1
104,4,555,441,113,357,1,-1,-1,-1
104,3,652,439,101,300,1,-1,-1,-1
105,48,578,424,17,39,1,-1,-1,-1
105,45,501,462,33,104,1,-1,-1,-1
105,41,447,467,40,103,1,-1,-1,-1
105,12,758,453,79,240,1,-1,-1,-1
105,10,1256,445,34,100,1,-1,-1,-1
105,9,1097,438,41,108,1,-1,-1,-1
105,8,1050,481,38,112,1,-1,-1,-1
105,7,1001,441,40,111,1,-1,-1,-1
105,6,929,435,43,112,1,-1,-1,-1
105,5,1085,482,35,117,1,-1,-1,-1
105,4,556,440,113,357,1,-1,-1,-1
105,3,654,439,101,301,1,-1,-1,-1
106,48,580,423,16,38,1,-1,-1,-1
106,45,500,463,33,104,1,-1,-1,-1
106,41,446,467,41,103,1,-1,-1,-1
106,12,759,454,79,240,1,-1,-1,-1
106,10,1255,445,34,100,1,-1,-1,-1
106,9,1097,438,41,108,1,-1,-1,-1
106,8,1050,481,38,112,1,-1,-1,-1
106,7,1001,441,40,110,1,-1,-1,-1
106,6,929,435,43,112,1,-1,-1,-1
106,5,1086,482,34,117,1,-1,-1,-1
106,4,556,439,115,358,1,-1,-1,-1
106,3,656,440,100,302,1,-1,-1,-1
107,48,581,423,15,38,1,-1,-1,-1
107,45,500,463,33,104,1,-1,-1,-1
107,41,445,466,41,103,1,-1,-1,-1
107,12,761,453,80,241,1,-1,-1,-1
107,10,1255,444,34,101,1,-1,-1,-1
107,9,1097,438,41,108,1,-1,-1,-1
107,8,1050,481,38,112,1,-1,-1,-1
107,7,1001,441,40,110,1,-1,-1,-1
107,6,930,435,43,113,1,-1,-1,-1
107,5,1086,482,35,117,1,-1,-1,-1
107,4,556,439,116,357,1,-1,-1,-1
107,3,658,440,100,304,1,-1,-1,-1
108,48,579,423,16,38,1,-1,-1,-1
108,45,500,464,33,105,1,-1,-1,-1
108,41,444,467,42,102,1,-1,-1,-1
108,12,762,451,80,243,1,-1,-1,-1
108,10,1254,444,34,100,1,-1,-1,-1
108,9,1097,438,41,108,1,-1,-1,-1
108,8,1050,481,38,112,1,-1,-1,-1
108,7,1001,441,40,110,1,-1,-1,-1
108,6,930,435,43,113,1,-1,-1,-1
108,5,1086,481,35,117,1,-1,-1,-1
108,4,556,440,118,357,1,-1,-1,-1
108,3,660,440,99,305,1,-1,-1,-1
109,48,579,423,16,38,1,-1,-1,-1
109,45,500,465,33,103,1,-1,-1,-1
109,41,442,467,43,102,1,-1,-1,-1
109,12,762,449,82,245,1,-1,-1,-1
109,10,1252,444,34,100,1,-1,-1,-1
109,9,1097,438,41,107,1,-1,-1,-1
109,8,1050,482,38,112,1,-1,-1,-1
109,7,1001,442,40,109,1,-1,-1,-1
109,6,930,435,44,113,1,-1,-1,-1
109,5,1086,481,35,117,1,-1,-1,-1
109,4,557,441,121,357,1,-1,-1,-1
109,3,662,440,98,306,1,-1,-1,-1
110,48,579,423,16,38,1,-1,-1,-1
110,45,499,465,33,102,1,-1,-1,-1
110,41,441,467,43,102,1,-1,-1,-1
110,12,763,448,84,247,1,-1,-1,-1
110,10,1251,444,34,100,1,-1,-1,-1
110,9,1096,438,42,107,1,-1,-1,-1
110,8,1050,481,39,112,1,-1,-1,-1
110,7,1000,442,41,109,1,-1,-1,-1
110,6,931,436,43,113,1,-1,-1,-1
110,5,1086,480,35,118,1,-1,-1,-1
110,4,556,442,125,357,1,-1,-1,-1
110,3,663,439,98,308,1,-1,-1,-1
111,48,579,423,16,38,1,-1,-1,-1
111,45,499,465,33,102,1,-1,-1,-1
111,41,440,468,43,101,1,-1,-1,-1
111,12,764,448,84,247,1,-1,-1,-1
111,10,1249,444,35,100,1,-1,-1,-1
111,9,1096,438,42,107,1,-1,-1,-1
111,8,1050,481,39,112,1,-1,-1,-1
111,7,1000,442,41,108,1,-1,-1,-1
111,6,931,435,44,114,1,-1,-1,-1
111,5,1086,480,35,118,1,-1,-1,-1
111,4,556,442,128,358,1,-1,-1,-1
111,3,665,439,97,309,1,-1,-1,-1
112,48,578,423,17,38,1,-1,-1,-1
112,45,498,464,34,102,1,-1,-1,-1
112,41,439,468,44,101,1,-1,-1,-1
112,12,765,448,84,248,1,-1,-1,-1
112,10,1248,444,35,100,1,-1,-1,-1
112,9,1095,438,43,108,1,-1,-1,-1
112,8,1051,481,38,112,1,-1,-1,-1
112,7,1001,442,40,109,1,-1,-1,-1
112,6,931,436,44,114,1,-1,-1,-1
112,5,1086,479,34,118,1,-1,-1,-1
112,4,555,442,131,360,1,-1,-1,-1
112,3,667,439,96,309,1,-1,-1,-1
113,48,580,422,16,38,1,-1,-1,-1
113,45,498,465,34,102,1,-1,-1,-1
113,41,438,468,45,101,1,-1,-1,-1
113,12,766,448,83,249,1,-1,-1,-1
113,10,1247,445,35,99,1,-1,-1,-1
113,9,1095,438,42,108,1,-1,-1,-1
113,8,1051,481,38,113,1,-1,-1,-1
113,7,1001,442,40,108,1,-1,-1,-1
113,6,932,435,43,115,1,-1,-1,-1
113,5,1086,480,35,118,1,-1,-1,-1
113,4,554,442,133,361,1,-1,-1,-1
113,3,668,439,96,310,1,-1,-1,-1
114,48,580,422,16,38,1,-1,-1,-1
114,45,498,465,33,101,1,-1,-1,-1
114,41,438,468,44,102,1,-1,-1,-1
114,12,767,448,83,249,1,-1,-1,-1
114,10,1246,444,36,100,1,-1,-1,-1
114,9,1095,438,43,107,1,-1,-1,-1
114,8,1050,480,39,113,1,-1,-1,-1
114,7,1001,442,40,108,1,-1,-1,-1
114,6,932,435,43,114,1,-1,-1,-1
114,5,1086,480,35,118,1,-1,-1,-1
114,4,554,441,135,363,1,-1,-1,-1
114,3,670,440,95,310,1,-1,-1,-1
115,48,579,422,17,38,1,-1,-1,-1
115,45,498,465,33,102,1,-1,-1,-1
115,41,438,468,44,102,1,-1,-1,-1
115,12,768,449,83,249,1,-1,-1,-1
115,10,1245,443,36,100,1,-1,-1,-1
115,9,1095,437,42,108,1,-1,-1,-1
115,8,1052,481,38,113,1,-1,-1,-1
115,7,1001,443,39,106,1,-1,-1,-1
115,6,933,434,43,116,1,-1,-1,-1
115,5,1086,480,34,117,1,-1,-1,-1
115,4,553,441,137,364,1,-1,-1,-1
115,3,672,440,94,311,1,-1,-1,-1
116,45,497,465,34,102,1,-1,-1,-1
116,41,437,468,45,102,1,-1,-1,-1
116,12,769,449,83,249,1,-1,-1,-1
116,10,1244,443,36,100,1,-1,-1,-1
116,9,1094,436,42,109,1,-1,-1,-1
116,8,1053,481,37,113,1,-1,-1,-1
116,7,1002,443,39,107,1,-1,-1,-1
116,6,933,435,43,115,1,-1,-1,-1
116,5,1087,480,34,117,1,-1,-1,-1
116,4,554,441,136,366,1,-1,-1,-1
116,3,673,439,94,311,1,-1,-1,-1
117,45,498,466,33,103,1,-1,-1,-1
117,41,437,468,44,102,1,-1,-1,-1
117,12,770,450,84,249,1,-1,-1,-1
117,10,1243,443,36,99,1,-1,-1,-1
117,9,1093,437,42,109,1,-1,-1,-1
117,8,1053,482,37,112,1,-1,-1,-1
117,7,1002,443,40,108,1,-1,-1,-1
117,6,934,435,43,115,1,-1,-1,-1
117,5,1087,480,34,117,1,-1,-1,-1
117,4,554,440,136,368,1,-1,-1,-1
117,3,674,439,94,312,1,-1,-1,-1
118,45,498,467,34,104,1,-1,-1,-1
118,41,436,467,44,103,1,-1,-1,-1
118,12,771,450,84,249,1,-1,-1,-1
118,10,1243,443,36,100,1,-1,-1,-1
118,9,1092,437,43,111,1,-1,-1,-1
118,8,1052,482,38,113,1,-1,-1,-1
118,7,1004,443,39,108,1,-1,-1,-1
118,6,935,436,42,115,1,-1,-1,-1
118,5,1087,480,33,117,1,-1,-1,-1
118,4,555,440,137,370,1,-1,-1,-1
118,3,675,440,94,313,1,-1,-1,-1
119,45,497,467,34,104,1,-1,-1,-1
119,41,436,467,44,103,1,-1,-1,-1
119,12,773,451,84,248,1,-1,-1,-1
119,10,1241,443,36,100,1,-1,-1,-1
119,9,1093,438,43,111,1,-1,-1,-1
119,8,1052,481,38,113,1,-1,-1,-1
119,7,1005,443,39,109,1,-1,-1,-1
119,6,936,436,42,116,1,-1,-1,-1
119,5,1087,480,33,117,1,-1,-1,-1
119,4,556,441,136,372,1,-1,-1,-1
119,3,676,441,95,314,1,-1,-1,-1
120,45,497,468,34,103,1,-1,-1,-1
120,41,435,467,44,103,1,-1,-1,-1
120,12,776,451,86,249,1,-1,-1,-1
120,10,1241,444,35,99,1,-1,-1,-1
120,9,1094,438,42,110,1,-1,-1,-1
120,8,1052,481,37,113,1,-1,-1,-1
120,7,1005,443,39,109,1,-1,-1,-1
120,6,937,436,42,116,1,-1,-1,-1
120,5,1086,480,34,117,1,-1,-1,-1
120,4,558,442,135,374,1,-1,-1,-1
120,3,678,442,94,315,1,-1,-1,-1
121,54,529,456,29,90,1,-1,-1,-1
121,45,496,468,35,104,1,-1,-1,-1
121,41,435,467,44,104,1,-1,-1,-1
121,12,777,451,88,249,1,-1,-1,-1
121,10,1240,444,35,99,1,-1,-1,-1
121,9,1094,437,43,110,1,-1,-1,-1
121,8,1051,482,38,112,1,-1,-1,-1
121,7,1005,443,39,110,1,-1,-1,-1
121,6,938,436,42,116,1,-1,-1,-1
121,5,1086,480,34,117,1,-1,-1,-1
121,4,559,442,134,377,1,-1,-1,-1
121,3,679,442,95,317,1,-1,-1,-1
122,54,530,454,30,90,1,-1,-1,-1
122,45,496,466,34,106,1,-1,-1,-1
122,41,434,467,45,104,1,-1,-1,-1
122,12,780,451,91,249,1,-1,-1,-1
122,10,1238,445,36,99,1,-1,-1,-1
122,9,1095,437,42,109,1,-1,-1,-1
122,8,1052,482,38,112,1,-1,-1,-1
122,7,1005,444,39,110,1,-1,-1,-1
122,6,938,435,43,117,1,-1,-1,-1
122,5,1086,480,34,117,1,-1,-1,-1
122,4,560,442,134,379,1,-1,-1,-1
122,3,680,441,96,318,1,-1,-1,-1
123,54,529,454,31,88,1,-1,-1,-1
123,45,496,464,34,106,1,-1,-1,-1
123,41,434,465,45,105,1,-1,-1,-1
123,12,781,451,94,250,1,-1,-1,-1
123,10,1237,447,36,99,1,-1,-1,-1
123,9,1095,437,42,109,1,-1,-1,-1
123,8,1052,482,38,112,1,-1,-1,-1
123,7,1005,443,39,111,1,-1,-1,-1
123,6,939,435,43,118,1,-1,-1,-1
123,5,1086,479,34,117,1,-1,-1,-1
123,4,562,441,134,381,1,-1,-1,-1
123,3,681,440,96,319,1,-1,-1,-1
124,54,529,453,31,87,1,-1,-1,-1
124,45,496,463,34,108,1,-1,-1,-1
124,41,434,465,45,106,1,-1,-1,-1
124,12,782,451,97,251,1,-1,-1,-1
124,10,1235,448,37,99,1,-1,-1,-1
124,9,1096,438,42,108,1,-1,-1,-1
124,8,1052,481,38,113,1,-1,-1,-1
124,7,1004,443,40,111,1,-1,-1,-1
124,6,940,435,43,117,1,-1,-1,-1
124,5,1087,479,34,117,1,-1,-1,-1
124,4,563,440,135,383,1,-1,-1,-1
124,3,681,439,97,320,1,-1,-1,-1
125,54,529,453,31,89,1,-1,-1,-1
125,45,496,463,34,108,1,-1,-1,-1
125,41,432,464,46,107,1,-1,-1,-1
125,12,784,452,98,251,1,-1,-1,-1
125,10,1234,449,37,99,1,-1,-1,-1
125,9,1095,438,42,107,1,-1,-1,-1
125,8,1052,481,38,113,1,-1,-1,-1
125,7,1003,443,40,110,1,-1,-1,-1
125,6,941,435,42,118,1,-1,-1,-1
125,5,1087,480,34,116,1,-1,-1,-1
125,4,565,440,135,383,1,-1,-1,-1
125,3,681,438,97,322,1,-1,-1,-1
126,54,529,452,31,88,1,-1,-1,-1
126,45,496,465,34,106,1,-1,-1,-1
126,41,431,464,46,107,1,-1,-1,-1
126,12,786,449,100,252,1,-1,-1,-1
126,10,1233,449,37,99,1,-1,-1,-1
126,9,1095,438,42,107,1,-1,-1,-1
126,8,1052,481,38,113,1,-1,-1,-1
126,7,1002,443,40,110,1,-1,-1,-1
126,6,942,435,42,118,1,-1,-1,-1
126,5,1087,480,34,117,1,-1,-1,-1
126,4,566,441,135,383,1,-1,-1,-1
126,3,681,437,98,323,1,-1,-1,-1
127,54,528,451,31,84,1,-1,-1,-1
127,45,494,467,34,104,1,-1,-1,-1
127,41,430,466,46,106,1,-1,-1,-1
127,12,786,452,100,251,1,-1,-1,-1
127,10,1231,448,37,99,1,-1,-1,-1
127,9,1094,437,42,109,1,-1,-1,-1
127,8,1052,481,38,113,1,-1,-1,-1
127,7,1002,443,40,109,1,-1,-1,-1
127,6,943,435,42,117,1,-1,-1,-1
127,5,1087,480,34,117,1,-1,-1,-1
127,4,567,440,136,384,1,-1,-1,-1
127,3,681,436,99,324,1,-1,-1,-1
128,54,528,451,31,82,1,-1,-1,-1
128,45,493,468,34,103,1,-1,-1,-1
128,41,429,467,47,105,1,-1,-1,-1
128,12,787,454,100,251,1,-1,-1,-1
128,10,1229,447,38,100,1,-1,-1,-1
128,9,1094,438,42,108,1,-1,-1,-1
128,8,1051,481,38,112,1,-1,-1,-1
128,7,1003,443,39,108,1,-1,-1,-1
128,6,944,435,42,117,1,-1,-1,-1
128,5,1087,479,34,117,1,-1,-1,-1
128,4,569,440,136,385,1,-1,-1,-1
128,3,681,436,99,324,1,-1,-1,-1
129,56,582,424,15,37,1,-1,-1,-1
129,54,527,451,31,80,1,-1,-1,-1
129,45,493,467,34,103,1,-1,-1,-1
129,41,427,467,49,105,1,-1,-1,-1
129,12,789,454,99,251,1,-1,-1,-1
129,10,1228,447,38,100,1,-1,-1,-1
129,9,1094,437,42,108,1,-1,-1,-1
129,8,1052,481,38,112,1,-1,-1,-1
129,7,1002,444,39,107,1,-1,-1,-1
129,6,945,436,42,116,1,-1,-1,-1
129,5,1087,479,34,117,1,-1,-1,-1
129,4,571,440,135,385,1,-1,-1,-1
129,3,682,436,99,325,1,-1,-1,-1
130,56,581,424,15,38,1,-1,-1,-1
130,54,527,451,31,79,1,-1,-1,-1
130,45,493,467,34,103,1,-1,-1,-1
130,41,423,467,50,105,1,-1,-1,-1
130,12,791,454,97,252,1,-1,-1,-1
130,10,1226,448,39,99,1,-1,-1,-1
130,9,1093,438,42,109,1,-1,-1,-1
130,8,1052,480,38,113,1,-1,-1,-1
130,7,1003,444,38,106,1,-1,-1,-1
130,6,946,436,41,116,1,-1,-1,-1
130,5,1087,478,35,118,1,-1,-1,-1
130,4,573,440,134,386,1,-1,-1,-1
130,3,682,436,100,325,1,-1,-1,-1
131,56,582,424,15,38,1,-1,-1,-1
131,54,528,452,30,78,1,-1,-1,-1
131,45,493,467,34,102,1,-1,-1,-1
131,41,421,467,51,104,1,-1,-1,-1
131,12,792,454,97,253,1,-1,-1,-1
131,10,1225,448,39,99,1,-1,-1,-1
131,9,1093,438,42,110,1,-1,-1,-1
131,8,1053,481,38,112,1,-1,-1,-1
131,7,1004,443,38,107,1,-1,-1,-1
131,6,948,436,40,117,1,-1,-1,-1
131,5,1088,478,34,117,1,-1,-1,-1
131,4,575,440,133,388,1,-1,-1,-1
131,3,683,435,100,326,1,-1,-1,-1
132,54,528,453,30,77,1,-1,-1,-1
132,45,493,468,34,102,1,-1,-1,-1
132,41,419,467,52,104,1,-1,-1,-1
132,12,794,455,94,253,1,-1,-1,-1
132,10,1224,449,39,99,1,-1,-1,-1
132,9,1094,437,41,109,1,-1,-1,-1
132,8,1053,481,38,112,1,-1,-1,-1
132,7,1005,443,37,107,1,-1,-1,-1
132,6,949,436,40,116,1,-1,-1,-1
132,5,1089,479,34,116,1,-1,-1,-1
132,4,576,440,132,390,1,-1,-1,-1
132,3,684,434,100,327,1,-1,-1,-1
133,54,528,452,30,77,1,-1,-1,-1
133,45,493,468,34,102,1,-1,-1,-1
133,41,416,469,53,103,1,-1,-1,-1
133,12,795,455,93,253,1,-1,-1,-1
133,10,1224,448,39,100,1,-1,-1,-1
133,9,1094,437,42,109,1,-1,-1,-1
133,8,1053,481,38,113,1,-1,-1,-1
133,7,1005,442,38,108,1,-1,-1,-1
133,6,950,436,40,115,1,-1,-1,-1
133,5,1088,479,35,116,1,-1,-1,-1
133,4,578,438,131,393,1,-1,-1,-1
133,3,685,434,100,327,1,-1,-1,-1
134,58,449,460,38,102,1,-1,-1,-1
134,54,528,451,30,77,1,-1,-1,-1
134,45,492,467,35,103,1,-1,-1,-1
134,41,414,469,54,103,1,-1,-1,-1
134,12,797,453,91,256,1,-1,-1,-1
134,10,1220,448,40,101,1,-1,-1,-1
134,9,1095,438,42,109,1,-1,-1,-1
134,8,1053,481,38,112,1,-1,-1,-1
134,7,1004,441,38,107,1,-1,-1,-1
134,6,951,436,39,115,1,-1,-1,-1
134,5,1088,479,34,116,1,-1,-1,-1
134,4,579,436,131,396,1,-1,-1,-1
134,3,687,434,99,327,1,-1,-1,-1
135,58,449,457,37,97,1,-1,-1,-1
135,56,584,422,15,37,1,-1,-1,-1
135,54,528,451,30,76,1,-1,-1,-1
135,45,491,464,35,105,1,-1,-1,-1
135,41,413,469,55,103,1,-1,-1,-1
135,12,799,451,89,257,1,-1,-1,-1
135,10,1218,448,40,102,1,-1,-1,-1
135,9,1094,439,43,109,1,-1,-1,-1
135,8,1053,480,38,113,1,-1,-1,-1
135,7,1003,441,38,107,1,-1,-1,-1
135,6,951,436,40,115,1,-1,-1,-1
135,5,1088,479,34,116,1,-1,-1,-1
135,4,578,436,132,399,1,-1,-1,-1
135,3,688,433,99,328,1,-1,-1,-1
136,58,448,460,37,94,1,-1,-1,-1
136,56,585,422,14,37,1,-1,-1,-1
136,55,838,433,78,243,1,-1,-1,-1
136,54,527,450,30,77,1,-1,-1,-1
136,45,491,463,35,107,1,-1,-1,-1
136,41,411,470,56,102,1,-1,-1,-1
136,12,800,450,88,259,1,-1,-1,-1
136,10,1217,447,40,103,1,-1,-1,-1
136,9,1094,439,42,110,1,-1,-1,-1
136,8,1052,480,39,113,1,-1,-1,-1
136,7,1003,441,38,106,1,-1,-1,-1
136,6,952,436,39,115,1,-1,-1,-1
136,5,1088,480,33,116,1,-1,-1,-1
136,4,578,437,133,401,1,-1,-1,-1
136,3,690,433,99,328,1,-1,-1,-1
137,58,450,461,38,93,1,-1,-1,-1
137,56,585,422,15,36,1,-1,-1,-1
137,55,842,434,79,240,1,-1,-1,-1
137,54,527,450,29,76,1,-1,-1,-1
137,45,489,463,36,108,1,-1,-1,-1
137,41,409,469,57,102,1,-1,-1,-1
137,12,803,450,86,259,1,-1,-1,-1
137,10,1216,447,39,103,1,-1,-1,-1
137,9,1093,438,42,110,1,-1,-1,-1
137,8,1052,480,38,113,1,-1,-1,-1
137,7,1002,440,39,107,1,-1,-1,-1
137,6,953,436,39,115,1,-1,-1,-1
137,5,1088,480,34,116,1,-1,-1,-1
137,4,579,437,134,405,1,-1,-1,-1
137,3,692,432,99,329,1,-1,-1,-1
138,58,453,461,38,95,1,-1,-1,-1
138,56,584,424,14,36,1,-1,-1,-1
138,55,845,437,80,239,1,-1,-1,-1
138,54,527,451,29,75,1,-1,-1,-1
138,45,489,462,36,109,1,-1,-1,-1
138,41,408,469,59,102,1,-1,-1,-1
138,12,806,449,85,261,1,-1,-1,-1
138,10,1215,447,39,104,1,-1,-1,-1
138,9,1092,438,42,110,1,-1,-1,-1
138,8,1052,480,39,113,1,-1,-1,-1
138,7,1003,441,38,106,1,-1,-1,-1
138,6,953,437,39,114,1,-1,-1,-1
138,5,1088,480,34,117,1,-1,-1,-1
138,4,579,437,135,409,1,-1,-1,-1
138,3,694,431,100,330,1,-1,-1,-1
139,58,454,462,38,95,1,-1,-1,-1
139,56,584,424,14,37,1,-1,-1,-1
139,55,849,435,82,238,1,-1,-1,-1
139,54,527,451,30,75,1,-1,-1,-1
139,45,489,461,37,110,1,-1,-1,-1
139,41,408,468,60,103,1,-1,-1,-1
139,12,810,448,84,262,1,-1,-1,-1
139,10,1214,447,40,104,1,-1,-1,-1
139,9,1092,439,42,108,1,-1,-1,-1
139,8,1052,481,39,112,1,-1,-1,-1
139,7,1004,440,38,107,1,-1,-1,-1
139,6,953,436,39,114,1,-1,-1,-1
139,5,1088,481,34,116,1,-1,-1,-1
139,4,579,437,136,414,1,-1,-1,-1
139,3,697,429,101,331,1,-1,-1,-1
140,59,1113,449,33,94,1,-1,-1,-1
140,58,458,464,36,94,1,-1,-1,-1
140,56,584,424,15,37,1,-1,-1,-1
140,55,855,436,85,238,1,-1,-1,-1
140,54,527,451,30,74,1,-1,-1,-1
140,45,489,461,37,110,1,-1,-1,-1
140,41,408,468,60,103,1,-1,-1,-1
140,12,814,448,82,264,1,-1,-1,-1
140,10,1213,448,40,103,1,-1,-1,-1
140,9,1092,436,40,110,1,-1,-1,-1
140,8,1053,481,38,112,1,-1,-1,-1
140,7,1004,441,38,107,1,-1,-1,-1
140,6,954,436,38,113,1,-1,-1,-1
140,5,1088,482,34,115,1,-1,-1,-1
140,4,580,436,137,418,1,-1,-1,-1
140,3,699,429,104,333,1,-1,-1,-1
141,59,1114,448,33,96,1,-1,-1,-1
141,58,460,466,35,97,1,-1,-1,-1
141,56,584,425,14,37,1,-1,-1,-1
141,55,857,438,87,237,1,-1,-1,-1
141,54,526,451,29,74,1,-1,-1,-1
141,45,488,461,37,110,1,-1,-1,-1
141,41,408,468,60,103,1,-1,-1,-1
141,12,816,448,82,266,1,-1,-1,-1
141,10,1212,447,39,104,1,-1,-1,-1
141,9,1091,436,41,110,1,-1,-1,-1
141,8,1053,481,38,112,1,-1,-1,-1
141,7,1004,441,38,107,1,-1,-1,-1
141,6,954,437,38,112,1,-1,-1,-1
141,5,1088,481,34,115,1,-1,-1,-1
141,4,580,436,137,421,1,-1,-1,-1
141,3,701,429,107,333,1,-1,-1,-1
142,59,1115,448,34,96,1,-1,-1,-1
142,58,461,465,35,97,1,-1,-1,-1
142,56,583,425,15,38,1,-1,-1,-1
142,55,860,440,89,238,1,-1,-1,-1
142,54,526,452,29,72,1,-1,-1,-1
142,45,487,461,37,110,1,-1,-1,-1
142,41,408,468,59,103,1,-1,-1,-1
142,12,818,447,80,269,1,-1,-1,-1
142,10,1210,446,39,103,1,-1,-1,-1
142,9,1091,436,40,110,1,-1,-1,-1
142,8,1053,481,38,111,1,-1,-1,-1
142,7,1003,441,38,106,1,-1,-1,-1
142,6,955,437,38,111,1,-1,-1,-1
142,5,1088,481,34,115,1,-1,-1,-1
142,4,579,436,139,425,1,-1,-1,-1
142,3,702,429,111,333,1,-1,-1,-1
143,60,538,451,26,72,1,-1,-1,-1
143,59,1116,445,35,100,1,-1,-1,-1
143,56,584,424,14,39,1,-1,-1,-1
143,55,862,441,90,237,1,-1,-1,-1
143,54,524,452,29,72,1,-1,-1,-1
143,45,484,460,38,111,1,-1,-1,-1
143,41,407,467,61,104,1,-1,-1,-1
143,12,819,446,80,272,1,-1,-1,-1
143,10,1209,445,38,103,1,-1,-1,-1
143,9,1091,435,40,110,1,-1,-1,-1
143,8,1052,481,39,111,1,-1,-1,-1
143,7,1003,441,38,106,1,-1,-1,-1
143,6,956,437,37,111,1,-1,-1,-1
143,5,1088,480,35,116,1,-1,-1,-1
143,4,578,437,141,427,1,-1,-1,-1
143,3,703,429,114,333,1,-1,-1,-1
144,64,498,455,34,99,1,-1,-1,-1
144,63,554,453,24,68,1,-1,-1,-1
144,62,478,460,38,114,1,-1,-1,-1
144,60,543,451,26,71,1,-1,-1,-1
144,59,1117,444,35,101,1,-1,-1,-1
144,56,584,425,14,39,1,-1,-1,-1
144,55,863,440,89,238,1,-1,-1,-1
144,54,522,452,28,72,1,-1,-1,-1
144,41,408,466,59,104,1,-1,-1,-1
144,12,821,446,79,274,1,-1,-1,-1
144,10,1207,445,38,103,1,-1,-1,-1
144,9,1089,435,41,111,1,-1,-1,-1
144,8,1052,480,38,112,1,-1,-1,-1
144,7,1002,442,39,106,1,-1,-1,-1
144,6,956,439,36,110,1,-1,-1,-1
144,5,1088,479,35,116,1,-1,-1,-1
144,4,576,436,141,431,1,-1,-1,-1
144,3,704,430,117,334,1,-1,-1,-1
145,64,500,455,31,105,1,-1,-1,-1
145,63,555,453,23,67,1,-1,-1,-1
145,62,477,458,38,116,1,-1,-1,-1
145,59,1118,443,35,102,1,-1,-1,-1
145,56,584,425,15,38,1,-1,-1,-1
145,55,868,440,88,238,1,-1,-1,-1
145,54,522,452,29,71,1,-1,-1,-1
145,41,408,465,59,105,1,-1,-1,-1
145,12,823,447,78,273,1,-1,-1,-1
145,10,1205,445,38,103,1,-1,-1,-1
145,9,1088,435,41,110,1,-1,-1,-1
145,8,1051,480,39,112,1,-1,-1,-1
145,7,1002,442,39,106,1,-1,-1,-1
145,6,957,439,36,110,1,-1,-1,-1
145,5,1088,478,35,117,1,-1,-1,-1
145,4,574,436,143,434,1,-1,-1,-1
145,3,705,433,121,332,1,-1,-1,-1
146,64,499,455,32,106,1,-1,-1,-1
146,63,554,453,24,67,1,-1,-1,-1
146,62,475,457,37,117,1,-1,-1,-1
146,59,1120,444,36,100,1,-1,-1,-1
146,56,584,425,15,38,1,-1,-1,-1
146,55,869,438,87,239,1,-1,-1,-1
146,54,525,452,28,71,1,-1,-1,-1
146,41,407,465,59,105,1,-1,-1,-1
146,12,825,447,79,273,1,-1,-1,-1
146,10,1204,444,38,104,1,-1,-1,-1
146,9,1088,434,41,110,1,-1,-1,-1
146,8,1051,480,39,112,1,-1,-1,-1
146,7,1003,442,38,106,1,-1,-1,-1
146,6,957,439,35,109,1,-1,-1,-1
146,5,1088,478,35,118,1,-1,-1,-1
146,4,571,437,145,438,1,-1,-1,-1
146,3,706,433,124,333,1,-1,-1,-1
147,66,1087,462,40,108,1,-1,-1,-1
147,64,501,454,31,107,1,-1,-1,-1
147,63,553,453,24,68,1,-1,-1,-1
147,62,472,457,36,118,1,-1,-1,-1
147,59,1122,446,35,99,1,-1,-1,-1
147,56,585,425,15,38,1,-1,-1,-1
147,55,871,438,87,240,1,-1,-1,-1
147,41,407,465,58,106,1,-1,-1,-1
147,12,827,448,80,273,1,-1,-1,-1
147,10,1203,444,37,104,1,-1,-1,-1
147,9,1089,434,40,110,1,-1,-1,-1
147,8,1051,480,39,112,1,-1,-1,-1
147,7,1003,442,39,105,1,-1,-1,-1
147,6,957,439,35,108,1,-1,-1,-1
147,5,1088,478,35,118,1,-1,-1,-1
147,4,568,438,147,442,1,-1,-1,-1
147,3,707,435,125,332,1,-1,-1,-1
148,64,502,453,31,109,1,-1,-1,-1
148,63,551,453,25,68,1,-1,-1,-1
148,62,472,458,35,117,1,-1,-1,-1
148,59,1123,448,35,98,1,-1,-1,-1
148,56,584,424,16,38,1,-1,-1,-1
148,55,874,437,85,240,1,-1,-1,-1
148,41,407,465,57,106,1,-1,-1,-1
148,12,828,448,81,274,1,-1,-1,-1
148,10,1201,445,38,103,1,-1,-1,-1
148,9,1089,435,40,110,1,-1,-1,-1
148,8,1052,481,38,111,1,-1,-1,-1
148,7,1004,442,37,104,1,-1,-1,-1
148,6,958,439,34,107,1,-1,-1,-1
148,5,1088,479,35,118,1,-1,-1,-1
148,4,564,437,150,445,1,-1,-1,-1
148,3,709,437,126,331,1,-1,-1,-1
149,64,502,453,31,109,1,-1,-1,-1
149,63,551,453,25,69,1,-1,-1,-1
149,62,471,459,36,117,1,-1,-1,-1
149,59,1125,451,35,95,1,-1,-1,-1
149,56,584,424,15,37,1,-1,-1,-1
149,55,875,436,84,241,1,-1,-1,-1
149,41,407,465,58,106,1,-1,-1,-1
149,12,829,448,82,275,1,-1,-1,-1
149,10,1200,444,38,103,1,-1,-1,-1
149,9,1090,436,40,109,1,-1,-1,-1
149,8,1051,481,39,112,1,-1,-1,-1
149,7,1004,443,37,104,1,-1,-1,-1
149,6,958,439,35,107,1,-1,-1,-1
149,5,1087,479,35,117,1,-1,-1,-1
149,4,562,436,151,448,1,-1,-1,-1
149,3,711,437,127,331,1,-1,-1,-1
150,64,502,453,32,109,1,-1,-1,-1
150,63,549,453,26,70,1,-1,-1,-1
150,62,471,460,37,116,1,-1,-1,-1
150,59,1125,452,35,94,1,-1,-1,-1
150,56,582,423,16,37,1,-1,-1,-1
150,55,878,435,82,241,1,-1,-1,-1
150,41,407,466,58,106,1,-1,-1,-1
150,12,830,448,83,278,1,-1,-1,-1
150,10,1199,443,38,103,1,-1,-1,-1
150,9,1091,436,39,108,1,-1,-1,-1
150,8,1051,481,38,112,1,-1,-1,-1
150,7,1003,442,37,104,1,-1,-1,-1
150,6,958,438,35,106,1,-1,-1,-1
150,5,1086,480,35,117,1,-1,-1,-1
150,4,557,435,153,450,1,-1,-1,-1
150,3,713,437,127,332,1,-1,-1,-1
151,64,501,453,32,109,1,-1,-1,-1
151,62,470,462,38,115,1,-1,-1,-1
151,59,1125,453,36,93,1,-1,-1,-1
151,56,581,424,16,36,1,-1,-1,-1
151,55,881,435,80,243,1,-1,-1,-1
151,41,406,466,58,107,1,-1,-1,-1
151,12,830,447,84,281,1,-1,-1,-1
151,10,1198,444,38,102,1,-1,-1,-1
151,9,1091,436,39,108,1,-1,-1,-1
151,8,1050,481,39,111,1,-1,-1,-1
151,7,1003,441,38,104,1,-1,-1,-1
151,6,959,438,35,105,1,-1,-1,-1
151,5,1086,480,35,117,1,-1,-1,-1
151,4,552,433,154,452,1,-1,-1,-1
151,3,715,437,127,333,1,-1,-1,-1
152,64,501,453,32,110,1,-1,-1,-1
152,62,470,463,38,115,1,-1,-1,-1
152,59,1125,451,36,94,1,-1,-1,-1
152,55,885,434,78,245,1,-1,-1,-1
152,41,405,467,58,106,1,-1,-1,-1
152,12,831,445,84,282,1,-1,-1,-1
152,10,1197,444,38,102,1,-1,-1,-1
152,9,1091,435,39,108,1,-1,-1,-1
152,8,1050,480,39,112,1,-1,-1,-1
152,7,1003,441,37,104,1,-1,-1,-1
152,6,959,438,35,105,1,-1,-1,-1
152,5,1085,481,35,117,1,-1,-1,-1
152,4,549,431,155,456,1,-1,-1,-1
152,3,716,436,125,333,1,-1,-1,-1
153,64,502,453,32,110,1,-1,-1,-1
153,62,470,464,38,114,1,-1,-1,-1
153,59,1125,451,35,94,1,-1,-1,-1
153,55,888,433,75,246,1,-1,-1,-1
153,41,404,467,58,106,1,-1,-1,-1
153,12,831,444,84,284,1,-1,-1,-1
153,10,1195,444,39,103,1,-1,-1,-1
153,9,1091,436,39,108,1,-1,-1,-1
153,8,1050,481,39,111,1,-1,-1,-1
153,7,1002,441,38,104,1,-1,-1,-1
153,6,959,439,36,105,1,-1,-1,-1
153,5,1085,481,35,117,1,-1,-1,-1
153,4,545,430,155,459,1,-1,-1,-1
153,3,718,435,123,334,1,-1,-1,-1
154,64,502,453,33,113,1,-1,-1,-1
154,62,470,465,37,113,1,-1,-1,-1
154,59,1126,451,35,95,1,-1,-1,-1
154,55,890,433,74,247,1,-1,-1,-1
154,41,404,467,57,106,1,-1,-1,-1
154,12,832,442,84,286,1,-1,-1,-1
154,10,1194,444,39,102,1,-1,-1,-1
154,9,1091,436,39,107,1,-1,-1,-1
154,8,1050,481,39,111,1,-1,-1,-1
154,7,1002,441,38,103,1,-1,-1,-1
154,6,959,439,36,106,1,-1,-1,-1
154,5,1085,481,36,117,1,-1,-1,-1
154,4,543,429,154,461,1,-1,-1,-1
154,3,720,433,121,336,1,-1,-1,-1
155,64,502,453,34,114,1,-1,-1,-1
155,62,469,465,38,113,1,-1,-1,-1
155,59,1127,452,35,94,1,-1,-1,-1
155,55,892,433,74,248,1,-1,-1,-1
155,41,404,468,57,106,1,-1,-1,-1
155,12,832,441,85,288,1,-1,-1,-1
155,10,1193,443,40,103,1,-1,-1,-1
155,9,1091,436,38,106,1,-1,-1,-1
155,8,1049,481,40,111,1,-1,-1,-1
155,7,1002,440,37,104,1,-1,-1,-1
155,6,960,439,36,106,1,-1,-1,-1
155,5,1085,481,35,117,1,-1,-1,-1
155,4,541,428,154,463,1,-1,-1,-1
155,3,723,432,120,337,1,-1,-1,-1
156,64,503,453,33,113,1,-1,-1,-1
156,62,469,465,37,112,1,-1,-1,-1
156,59,1128,452,35,94,1,-1,-1,-1
156,55,893,432,74,251,1,-1,-1,-1
156,41,404,469,56,105,1,-1,-1,-1
156,12,833,441,85,288,1,-1,-1,-1
156,10,1191,442,40,104,1,-1,-1,-1
156,9,1090,435,38,107,1,-1,-1,-1
156,8,1049,481,40,111,1,-1,-1,-1
156,7,1001,441,38,103,1,-1,-1,-1
156,6,961,440,35,107,1,-1,-1,-1
156,5,1085,482,35,115,1,-1,-1,-1
156,4,540,426,154,466,1,-1,-1,-1
156,3,726,430,119,339,1,-1,-1,-1
157,68,622,436,111,367,1,-1,-1,-1
157,64,503,452,34,114,1,-1,-1,-1
157,62,468,464,37,113,1,-1,-1,-1
157,59,1129,453,34,94,1,-1,-1,-1
157,55,895,434,75,251,1,-1,-1,-1
157,41,404,469,56,105,1,-1,-1,-1
157,12,835,442,85,288,1,-1,-1,-1
157,10,1190,442,39,104,1,-1,-1,-1
157,9,1090,435,38,107,1,-1,-1,-1
157,8,1049,482,40,110,1,-1,-1,-1
157,7,1001,441,38,103,1,-1,-1,-1
157,6,962,439,36,107,1,-1,-1,-1
157,5,1085,481,35,116,1,-1,-1,-1
157,4,541,425,153,467,1,-1,-1,-1
157,3,729,430,118,340,1,-1,-1,-1
158,68,620,440,114,357,1,-1,-1,-1
158,64,503,452,35,114,1,-1,-1,-1
158,62,468,463,36,113,1,-1,-1,-1
158,59,1130,453,34,93,1,-1,-1,-1
158,55,898,434,77,252,1,-1,-1,-1
158,41,404,469,56,105,1,-1,-1,-1
158,12,837,443,85,288,1,-1,-1,-1
158,10,1190,443,38,103,1,-1,-1,-1
158,9,1090,436,38,106,1,-1,-1,-1
158,8,1049,482,40,111,1,-1,-1,-1
158,7,1001,441,38,103,1,-1,-1,-1
158,6,965,439,34,107,1,-1,-1,-1
158,5,1084,481,36,116,1,-1,-1,-1
158,4,542,424,154,468,1,-1,-1,-1
158,3,732,430,117,342,1,-1,-1,-1
159,68,619,443,116,351,1,-1,-1,-1
159,64,504,452,35,114,1,-1,-1,-1
159,62,467,464,36,111,1,-1,-1,-1
159,59,1130,453,35,93,1,-1,-1,-1
159,55,904,434,79,253,1,-1,-1,-1
159,41,404,469,55,104,1,-1,-1,-1
159,12,840,442,85,289,1,-1,-1,-1
159,10,1189,443,38,102,1,-1,-1,-1
159,9,1090,436,38,106,1,-1,-1,-1
159,8,1048,481,41,111,1,-1,-1,-1
159,7,1001,441,38,103,1,-1,-1,-1
159,5,1085,481,35,116,1,-1,-1,-1
159,4,542,424,155,468,1,-1,-1,-1
159,3,734,429,117,344,1,-1,-1,-1
160,68,617,444,120,348,1,-1,-1,-1
160,64,504,452,35,114,1,-1,-1,-1
160,62,467,464,36,111,1,-1,-1,-1
160,59,1131,453,35,93,1,-1,-1,-1
160,55,908,433,81,254,1,-1,-1,-1
160,41,405,470,54,103,1,-1,-1,-1
160,12,842,442,85,290,1,-1,-1,-1
160,10,1189,444,37,102,1,-1,-1,-1
160,9,1090,436,39,107,1,-1,-1,-1
160,8,1048,480,41,113,1,-1,-1,-1
160,7,1001,442,38,102,1,-1,-1,-1
160,5,1084,482,36,115,1,-1,-1,-1
160,4,542,424,156,468,1,-1,-1,-1
160,3,737,429,115,344,1,-1,-1,-1
161,68,617,446,121,347,1,-1,-1,-1
161,64,503,452,36,113,1,-1,-1,-1
161,62,467,464,35,111,1,-1,-1,-1
161,59,1132,452,35,93,1,-1,-1,-1
161,55,911,434,83,254,1,-1,-1,-1
161,41,405,469,54,105,1,-1,-1,-1
161,12,845,443,86,290,1,-1,-1,-1
161,10,1188,445,36,101,1,-1,-1,-1
161,9,1090,437,39,106,1,-1,-1,-1
161,8,1048,480,41,113,1,-1,-1,-1
161,7,1001,442,37,102,1,-1,-1,-1
161,5,1084,482,36,115,1,-1,-1,-1
161,4,542,425,156,468,1,-1,-1,-1
161,3,740,428,114,346,1,-1,-1,-1
162,68,623,443,118,353,1,-1,-1,-1
162,64,503,452,37,113,1,-1,-1,-1
162,62,467,464,35,112,1,-1,-1,-1
162,59,1133,451,34,94,1,-1,-1,-1
162,55,913,435,83,255,1,-1,-1,-1
162,41,405,469,54,105,1,-1,-1,-1
162,12,849,444,88,291,1,-1,-1,-1
162,10,1187,446,36,99,1,-1,-1,-1
162,9,1090,437,39,106,1,-1,-1,-1
162,8,1049,480,40,113,1,-1,-1,-1
162,7,1001,442,37,103,1,-1,-1,-1
162,5,1084,482,36,114,1,-1,-1,-1
162,4,541,425,157,468,1,-1,-1,-1
162,3,743,428,113,347,1,-1,-1,-1
163,68,624,441,117,358,1,-1,-1,-1
163,64,506,451,37,113,1,-1,-1,-1
163,62,467,463,35,112,1,-1,-1,-1
163,59,1133,449,35,94,1,-1,-1,-1
163,55,915,437,82,254,1,-1,-1,-1
163,41,405,469,54,104,1,-1,-1,-1
163,12,852,445,90,291,1,-1,-1,-1
163,10,1186,446,36,99,1,-1,-1,-1
163,9,1090,437,39,107,1,-1,-1,-1
163,8,1049,480,40,113,1,-1,-1,-1
163,7,1000,442,38,104,1,-1,-1,-1
163,5,1084,481,37,116,1,-1,-1,-1
163,4,542,425,158,469,1,-1,-1,-1
163,3,745,429,112,348,1,-1,-1,-1
164,68,629,441,115,363,1,-1,-1,-1
164,64,507,451,36,113,1,-1,-1,-1
164,62,467,463,35,112,1,-1,-1,-1
164,59,1135,447,35,96,1,-1,-1,-1
164,55,918,439,83,253,1,-1,-1,-1
164,41,405,468,54,105,1,-1,-1,-1
164,12,855,446,93,290,1,-1,-1,-1
164,10,1186,445,35,100,1,-1,-1,-1
164,9,1091,437,39,107,1,-1,-1,-1
164,8,1049,480,40,113,1,-1,-1,-1
164,7,1000,441,37,104,1,-1,-1,-1
164,5,1085,481,36,116,1,-1,-1,-1
164,4,542,425,162,470,1,-1,-1,-1
164,3,748,431,111,350,1,-1,-1,-1
165,68,633,441,113,366,1,-1,-1,-1
165,64,508,452,37,111,1,-1,-1,-1
165,62,467,463,34,113,1,-1,-1,-1
165,59,1135,447,35,95,1,-1,-1,-1
165,55,922,437,82,254,1,-1,-1,-1
165,41,405,469,55,105,1,-1,-1,-1
165,12,858,445,97,290,1,-1,-1,-1
165,10,1184,447,35,99,1,-1,-1,-1
165,9,1091,438,39,108,1,-1,-1,-1
165,8,1050,479,40,114,1,-1,-1,-1
165,7,999,442,37,104,1,-1,-1,-1
165,5,1086,481,36,116,1,-1,-1,-1
165,4,541,425,165,471,1,-1,-1,-1
165,3,750,429,112,351,1,-1,-1,-1
166,69,473,458,37,105,1,-1,-1,-1
166,68,636,439,111,369,1,-1,-1,-1
166,64,508,452,36,111,1,-1,-1,-1
166,62,467,462,35,113,1,-1,-1,-1
166,59,1137,447,34,95,1,-1,-1,-1
166,55,926,436,81,256,1,-1,-1,-1
166,41,406,469,54,105,1,-1,-1,-1
166,12,860,445,101,289,1,-1,-1,-1
166,10,1181,449,36,97,1,-1,-1,-1
166,9,1091,438,40,108,1,-1,-1,-1
166,8,1050,480,40,113,1,-1,-1,-1
166,7,999,442,37,105,1,-1,-1,-1
166,5,1085,481,37,116,1,-1,-1,-1
166,4,540,426,170,472,1,-1,-1,-1
166,3,752,430,112,353,1,-1,-1,-1
167,69,473,459,37,104,1,-1,-1,-1
167,68,632,438,115,364,1,-1,-1,-1
167,64,508,453,36,109,1,-1,-1,-1
167,62,467,462,35,113,1,-1,-1,-1
167,59,1137,448,35,95,1,-1,-1,-1
167,55,929,436,80,257,1,-1,-1,-1
167,41,406,469,55,106,1,-1,-1,-1
167,12,863,445,105,289,1,-1,-1,-1
167,10,1180,450,35,97,1,-1,-1,-1
167,9,1092,439,40,108,1,-1,-1,-1
167,8,1050,480,40,113,1,-1,-1,-1
167,7,998,441,38,106,1,-1,-1,-1
167,5,1085,481,37,117,1,-1,-1,-1
167,4,540,427,175,472,1,-1,-1,-1
167,3,753,430,113,354,1,-1,-1,-1
168,69,475,459,37,104,1,-1,-1,-1
168,68,631,439,118,365,1,-1,-1,-1
168,64,506,456,36,107,1,-1,-1,-1
168,62,467,462,36,114,1,-1,-1,-1
168,59,1140,447,36,96,1,-1,-1,-1
168,55,930,434,81,258,1,-1,-1,-1
168,41,407,469,54,105,1,-1,-1,-1
168,12,867,445,111,290,1,-1,-1,-1
168,10,1180,450,35,98,1,-1,-1,-1
168,9,1092,440,40,108,1,-1,-1,-1
168,8,1049,480,40,113,1,-1,-1,-1
168,7,998,441,38,106,1,-1,-1,-1
168,5,1086,481,36,117,1,-1,-1,-1
168,4,541,426,179,473,1,-1,-1,-1
168,3,755,431,112,354,1,-1,-1,-1
169,69,473,459,37,104,1,-1,-1,-1
169,68,632,441,118,367,1,-1,-1,-1
169,64,505,456,37,107,1,-1,-1,-1
169,62,467,462,36,114,1,-1,-1,-1
169,59,1141,448,36,96,1,-1,-1,-1
169,55,932,432,81,261,1,-1,-1,-1
169,41,407,468,54,105,1,-1,-1,-1
169,12,869,445,116,292,1,-1,-1,-1
169,10,1177,451,36,97,1,-1,-1,-1
169,9,1092,440,41,109,1,-1,-1,-1
169,8,1049,479,39,114,1,-1,-1,-1
169,7,997,441,38,105,1,-1,-1,-1
169,5,1085,482,37,117,1,-1,-1,-1
169,4,541,426,185,473,1,-1,-1,-1
169,3,756,433,113,355,1,-1,-1,-1
170,69,472,459,37,104,1,-1,-1,-1
170,64,505,456,37,107,1,-1,-1,-1
170,62,467,462,36,114,1,-1,-1,-1
170,59,1143,449,36,96,1,-1,-1,-1
170,55,936,435,79,263,1,-1,-1,-1
170,41,406,467,54,106,1,-1,-1,-1
170,12,870,445,119,292,1,-1,-1,-1
170,10,1178,450,36,97,1,-1,-1,-1
170,9,1092,440,41,110,1,-1,-1,-1
170,8,1049,479,40,114,1,-1,-1,-1
170,7,997,441,38,105,1,-1,-1,-1
170,5,1086,483,36,115,1,-1,-1,-1
170,4,543,426,191,473,1,-1,-1,-1
170,3,757,433,114,354,1,-1,-1,-1
171,64,506,456,37,106,1,-1,-1,-1
171,62,467,462,36,114,1,-1,-1,-1
171,59,1144,447,38,98,1,-1,-1,-1
171,55,941,434,78,265,1,-1,-1,-1
171,41,406,468,53,105,1,-1,-1,-1
171,12,871,446,121,291,1,-1,-1,-1
171,10,1178,449,36,97,1,-1,-1,-1
171,9,1092,440,41,111,1,-1,-1,-1
171,8,1050,479,40,114,1,-1,-1,-1
171,7,998,441,37,107,1,-1,-1,-1
171,5,1086,481,36,116,1,-1,-1,-1
171,4,546,425,198,473,1,-1,-1,-1
171,3,759,433,115,356,1,-1,-1,-1
172,64,506,457,37,106,1,-1,-1,-1
172,62,467,462,36,114,1,-1,-1,-1
172,59,1145,448,37,97,1,-1,-1,-1
172,55,947,433,78,265,1,-1,-1,-1
172,41,406,467,53,106,1,-1,-1,-1
172,12,872,446,122,292,1,-1,-1,-1
172,10,1176,449,36,97,1,-1,-1,-1
172,9,1092,441,41,110,1,-1,-1,-1
172,8,1050,479,40,114,1,-1,-1,-1
172,7,998,442,37,106,1,-1,-1,-1
172,5,1086,483,36,116,1,-1,-1,-1
172,4,546,424,202,476,1,-1,-1,-1
172,3,761,433,115,355,1,-1,-1,-1
173,64,507,458,37,105,1,-1,-1,-1
173,62,467,463,35,114,1,-1,-1,-1
173,59,1145,449,37,97,1,-1,-1,-1
173,55,952,433,77,264,1,-1,-1,-1
173,41,405,467,53,106,1,-1,-1,-1
173,12,875,446,121,292,1,-1,-1,-1
173,10,1174,449,37,96,1,-1,-1,-1
173,9,1093,441,41,110,1,-1,-1,-1
173,8,1049,479,41,114,1,-1,-1,-1
173,7,998,442,36,107,1,-1,-1,-1
173,5,1086,484,36,115,1,-1,-1,-1
173,4,548,426,209,477,1,-1,-1,-1
173,3,762,434,115,355,1,-1,-1,-1
174,64,507,458,37,104,1,-1,-1,-1
174,62,467,463,35,114,1,-1,-1,-1
174,59,1146,449,37,97,1,-1,-1,-1
174,55,956,433,77,262,1,-1,-1,-1
174,41,404,467,54,106,1,-1,-1,-1
174,12,877,446,121,292,1,-1,-1,-1
174,10,1173,449,38,96,1,-1,-1,-1
174,9,1093,440,41,109,1,-1,-1,-1
174,8,1049,479,40,115,1,-1,-1,-1
174,5,1086,484,36,115,1,-1,-1,-1
174,4,550,426,214,479,1,-1,-1,-1
174,3,764,435,115,355,1,-1,-1,-1
175,64,507,459,36,103,1,-1,-1,-1
175,62,467,463,35,113,1,-1,-1,-1
175,59,1147,449,36,97,1,-1,-1,-1
175,55,959,433,80,260,1,-1,-1,-1
175,41,403,466,55,107,1,-1,-1,-1
175,12,879,446,121,292,1,-1,-1,-1
175,10,1172,450,39,95,1,-1,-1,-1
175,9,1093,439,41,109,1,-1,-1,-1
175,8,1049,479,40,115,1,-1,-1,-1
175,5,1086,484,36,115,1,-1,-1,-1
175,4,552,427,219,480,1,-1,-1,-1
175,3,766,436,116,356,1,-1,-1,-1
176,64,508,459,35,102,1,-1,-1,-1
176,62,466,464,35,112,1,-1,-1,-1
176,59,1149,449,37,96,1,-1,-1,-1
176,55,959,433,84,260,1,-1,-1,-1
176,41,404,467,54,106,1,-1,-1,-1
176,12,882,446,120,293,1,-1,-1,-1
176,10,1170,450,40,96,1,-1,-1,-1
176,9,1092,439,42,108,1,-1,-1,-1
176,8,1049,479,40,115,1,-1,-1,-1
176,5,1086,484,36,115,1,-1,-1,-1
176,4,558,424,219,481,1,-1,-1,-1
176,3,769,437,115,358,1,-1,-1,-1
177,71,545,455,25,64,1,-1,-1,-1
177,64,508,460,35,101,1,-1,-1,-1
177,62,466,463,35,113,1,-1,-1,-1
177,59,1152,448,36,96,1,-1,-1,-1
177,55,959,434,90,261,1,-1,-1,-1
177,41,404,467,55,106,1,-1,-1,-1
177,12,884,446,119,295,1,-1,-1,-1
177,10,1168,449,40,96,1,-1,-1,-1
177,9,1093,438,41,108,1,-1,-1,-1
177,8,1049,480,40,114,1,-1,-1,-1
177,5,1086,484,36,115,1,-1,-1,-1
177,4,561,423,220,482,1,-1,-1,-1
177,3,772,437,114,360,1,-1,-1,-1
178,71,544,455,25,64,1,-1,-1,-1
178,64,508,459,35,102,1,-1,-1,-1
178,62,466,463,35,113,1,-1,-1,-1
178,59,1155,447,37,98,1,-1,-1,-1
178,55,959,435,98,261,1,-1,-1,-1
178,41,406,466,55,107,1,-1,-1,-1
178,12,886,447,117,294,1,-1,-1,-1
178,9,1093,439,41,107,1,-1,-1,-1
178,8,1048,481,40,113,1,-1,-1,-1
178,5,1085,484,37,115,1,-1,-1,-1
178,4,565,422,217,484,1,-1,-1,-1
178,3,774,436,113,362,1,-1,-1,-1
179,71,544,456,25,64,1,-1,-1,-1
179,64,507,459,35,102,1,-1,-1,-1
179,62,466,463,35,113,1,-1,-1,-1
179,55,960,436,103,262,1,-1,-1,-1
179,41,407,466,55,107,1,-1,-1,-1
179,12,889,447,116,295,1,-1,-1,-1
179,9,1092,438,41,108,1,-1,-1,-1
179,8,1048,481,40,112,1,-1,-1,-1
179,5,1085,485,36,114,1,-1,-1,-1
179,4,567,423,213,485,1,-1,-1,-1
179,3,776,436,112,363,1,-1,-1,-1
180,74,581,422,18,38,1,-1,-1,-1
180,71,543,454,24,65,1,-1,-1,-1
180,64,508,458,35,103,1,-1,-1,-1
180,62,466,462,36,114,1,-1,-1,-1
180,55,961,436,107,263,1,-1,-1,-1
180,41,406,466,55,107,1,-1,-1,-1
180,12,894,446,113,297,1,-1,-1,-1
180,9,1092,438,41,108,1,-1,-1,-1
180,8,1048,482,40,111,1,-1,-1,-1
180,5,1085,485,36,114,1,-1,-1,-1
180,4,573,421,208,485,1,-1,-1,-1
180,3,778,434,112,365,1,-1,-1,-1
181,74,580,422,18,38,1,-1,-1,-1
181,64,509,458,34,103,1,-1,-1,-1
181,62,466,463,35,113,1,-1,-1,-1
181,55,962,435,109,265,1,-1,-1,-1
181,41,405,466,55,107,1,-1,-1,-1
181,12,898,445,110,298,1,-1,-1,-1
181,9,1092,437,41,108,1,-1,-1,-1
181,8,1048,482,40,111,1,-1,-1,-1
181,5,1085,484,36,114,1,-1,-1,-1
181,4,577,418,203,488,1,-1,-1,-1
181,3,779,432,112,367,1,-1,-1,-1
182,76,567,457,49,146,1,-1,-1,-1
182,74,580,422,17,37,1,-1,-1,-1
182,64,510,457,34,104,1,-1,-1,-1
182,62,465,464,36,112,1,-1,-1,-1
182,55,963,435,109,266,1,-1,-1,-1
182,41,404,466,55,107,1,-1,-1,-1
182,12,904,444,105,300,1,-1,-1,-1
182,9,1093,437,40,108,1,-1,-1,-1
182,8,1048,482,40,111,1,-1,-1,-1
182,5,1085,483,36,115,1,-1,-1,-1
182,4,581,418,200,488,1,-1,-1,-1
182,3,780,431,112,367,1,-1,-1,-1
183,76,569,458,49,145,1,-1,-1,-1
183,75,1156,451,36,96,1,-1,-1,-1
183,74,579,422,18,38,1,-1,-1,-1
183,64,510,457,34,105,1,-1,-1,-1
183,62,465,464,36,112,1,-1,-1,-1
183,55,964,435,111,267,1,-1,-1,-1
183,41,405,467,54,106,1,-1,-1,-1
183,12,909,443,101,302,1,-1,-1,-1
183,9,1093,437,41,107,1,-1,-1,-1
183,8,1048,482,39,110,1,-1,-1,-1
183,5,1085,482,36,115,1,-1,-1,-1
183,4,584,419,197,489,1,-1,-1,-1
183,3,782,430,113,369,1,-1,-1,-1
184,76,569,456,50,146,1,-1,-1,-1
184,75,1156,453,36,94,1,-1,-1,-1
184,74,578,422,19,38,1,-1,-1,-1
184,71,544,453,26,67,1,-1,-1,-1
184,64,511,457,33,105,1,-1,-1,-1
184,62,465,464,36,111,1,-1,-1,-1
184,55,968,434,110,269,1,-1,-1,-1
184,41,405,467,54,106,1,-1,-1,-1
184,12,915,442,97,303,1,-1,-1,-1
184,9,1094,436,40,109,1,-1,-1,-1
184,8,1048,483,39,110,1,-1,-1,-1
184,5,1085,482,36,115,1,-1,-1,-1
184,4,589,419,194,490,1,-1,-1,-1
184,3,784,430,112,369,1,-1,-1,-1
185,77,1075,478,35,115,1,-1,-1,-1
185,76,568,454,53,150,1,-1,-1,-1
185,75,1155,452,37,94,1,-1,-1,-1
185,74,579,422,18,37,1,-1,-1,-1
185,73,590,424,22,35,1,-1,-1,-1
185,71,543,452,26,67,1,-1,-1,-1
185,64,511,456,32,106,1,-1,-1,-1
185,62,465,464,36,111,1,-1,-1,-1
185,55,972,433,108,270,1,-1,-1,-1
185,41,406,467,54,106,1,-1,-1,-1
185,12,921,443,94,304,1,-1,-1,-1
185,9,1094,436,41,109,1,-1,-1,-1
185,8,1051,483,38,109,1,-1,-1,-1
185,5,1085,483,36,114,1,-1,-1,-1
185,4,596,420,189,491,1,-1,-1,-1
185,3,786,431,112,370,1,-1,-1,-1
186,77,1076,479,36,115,1,-1,-1,-1
186,76,567,454,55,156,1,-1,-1,-1
186,75,1155,452,37,94,1,-1,-1,-1
186,74,579,421,18,38,1,-1,-1,-1
186,73,590,423,22,35,1,-1,-1,-1
186,71,542,451,27,67,1,-1,-1,-1
186,64,511,455,32,107,1,-1,-1,-1
186,62,465,464,35,111,1,-1,-1,-1
186,55,983,434,101,269,1,-1,-1,-1
186,41,406,466,54,107,1,-1,-1,-1
186,12,926,445,91,305,1,-1,-1,-1
186,9,1095,436,41,109,1,-1,-1,-1
186,5,1086,484,36,114,1,-1,-1,-1
186,4,601,419,186,494,1,-1,-1,-1
186,3,788,431,112,371,1,-1,-1,-1
187,77,1076,479,38,115,1,-1,-1,-1
187,76,568,453,55,158,1,-1,-1,-1
187,75,1155,452,37,93,1,-1,-1,-1
187,74,579,421,19,38,1,-1,-1,-1
187,73,590,423,22,35,1,-1,-1,-1
187,71,542,451,28,68,1,-1,-1,-1
187,64,511,454,32,108,1,-1,-1,-1
187,62,465,463,35,112,1,-1,-1,-1
187,55,991,434,96,271,1,-1,-1,-1
187,41,405,466,54,107,1,-1,-1,-1
187,12,929,445,91,306,1,-1,-1,-1
187,9,1095,437,41,109,1,-1,-1,-1
187,5,1087,484,35,114,1,-1,-1,-1
187,4,606,419,183,496,1,-1,-1,-1
187,3,790,431,112,371,1,-1,-1,-1
188,76,568,450,56,163,1,-1,-1,-1
188,75,1154,452,38,93,1,-1,-1,-1
188,74,579,421,19,38,1,-1,-1,-1
188,73,590,423,22,35,1,-1,-1,-1
188,71,542,451,28,69,1,-1,-1,-1
188,64,511,454,32,108,1,-1,-1,-1
188,62,465,463,35,112,1,-1,-1,-1
188,55,995,434,93,272,1,-1,-1,-1
188,41,406,465,52,108,1,-1,-1,-1
188,12,933,444,93,306,1,-1,-1,-1
188,9,1095,437,42,110,1,-1,-1,-1
188,5,1087,484,36,114,1,-1,-1,-1
188,4,611,418,179,499,1,-1,-1,-1
188,3,792,431,112,371,1,-1,-1,-1
189,76,567,449,58,164,1,-1,-1,-1
189,75,1153,451,38,94,1,-1,-1,-1
189,74,580,421,18,39,1,-1,-1,-1
189,73,590,423,22,34,1,-1,-1,-1
189,71,542,451,28,69,1,-1,-1,-1
189,64,511,453,32,109,1,-1,-1,-1
189,62,465,463,35,112,1,-1,-1,-1
189,55,999,433,90,273,1,-1,-1,-1
189,41,405,466,53,107,1,-1,-1,-1
189,12,938,444,95,306,1,-1,-1,-1
189,9,1095,437,42,110,1,-1,-1,-1
189,5,1087,484,36,114,1,-1,-1,-1
189,4,616,418,175,503,1,-1,-1,-1
189,3,794,431,112,372,1,-1,-1,-1
190,80,574,424,23,41,1,-1,-1,-1
190,76,567,450,58,164,1,-1,-1,-1
190,75,1152,450,38,95,1,-1,-1,-1
190,74,580,422,18,39,1,-1,-1,-1
190,73,591,423,21,35,1,-1,-1,-1
190,71,543,452,28,69,1,-1,-1,-1
190,64,511,453,32,109,1,-1,-1,-1
190,62,465,462,35,113,1,-1,-1,-1
190,55,999,434,89,273,1,-1,-1,-1
190,41,406,466,52,106,1,-1,-1,-1
190,12,942,443,98,307,1,-1,-1,-1
190,9,1095,438,43,111,1,-1,-1,-1
190,5,1087,485,36,114,1,-1,-1,-1
190,4,621,420,170,506,1,-1,-1,-1
190,3,796,431,112,373,1,-1,-1,-1
191,76,566,450,58,165,1,-1,-1,-1
191,75,1149,452,38,94,1,-1,-1,-1
191,74,580,422,18,39,1,-1,-1,-1
191,73,591,424,21,35,1,-1,-1,-1
191,71,542,450,27,70,1,-1,-1,-1
191,64,510,453,33,109,1,-1,-1,-1
191,62,464,463,35,112,1,-1,-1,-1
191,55,1001,434,88,272,1,-1,-1,-1
191,41,406,466,52,106,1,-1,-1,-1
191,12,945,443,103,307,1,-1,-1,-1
191,9,1095,438,43,112,1,-1,-1,-1
191,5,1086,484,36,114,1,-1,-1,-1
191,4,625,421,167,509,1,-1,-1,-1
191,3,797,430,113,375,1,-1,-1,-1
192,82,494,457,31,103,1,-1,-1,-1
192,81,1170,451,38,94,1,-1,-1,-1
192,76,566,451,58,164,1,-1,-1,-1
192,75,1147,453,38,93,1,-1,-1,-1
192,74,579,423,18,38,1,-1,-1,-1
192,73,592,424,20,36,1,-1,-1,-1
192,71,543,453,26,68,1,-1,-1,-1
192,64,510,455,32,108,1,-1,-1,-1
192,62,463,463,36,112,1,-1,-1,-1
192,55,1004,435,88,272,1,-1,-1,-1
192,41,406,466,51,106,1,-1,-1,-1
192,12,946,444,107,308,1,-1,-1,-1
192,9,1095,437,43,114,1,-1,-1,-1
192,5,1086,482,36,115,1,-1,-1,-1
192,4,629,424,165,515,1,-1,-1,-1
192,3,800,430,114,375,1,-1,-1,-1
193,84,1150,450,41,96,1,-1,-1,-1
193,82,490,456,30,101,1,-1,-1,-1
193,81,1172,451,38,94,1,-1,-1,-1
193,76,566,450,59,165,1,-1,-1,-1
193,75,1145,454,37,93,1,-1,-1,-1
193,74,580,423,17,38,1,-1,-1,-1
193,73,592,425,20,36,1,-1,-1,-1
193,64,510,454,32,108,1,-1,-1,-1
193,62,462,463,35,112,1,-1,-1,-1
193,55,1009,435,86,272,1,-1,-1,-1
193,41,405,466,52,106,1,-1,-1,-1
193,12,947,445,110,309,1,-1,-1,-1
193,9,1094,437,44,115,1,-1,-1,-1
193,5,1086,481,36,116,1,-1,-1,-1
193,4,633,423,163,518,1,-1,-1,-1
193,3,803,430,116,376,1,-1,-1,-1
194,82,490,456,30,102,1,-1,-1,-1
194,81,1172,450,39,95,1,-1,-1,-1
194,80,578,427,21,39,1,-1,-1,-1
194,76,567,451,58,165,1,-1,-1,-1
194,75,1144,455,36,92,1,-1,-1,-1
194,74,581,424,17,38,1,-1,-1,-1
194,73,593,425,19,37,1,-1,-1,-1
194,64,511,456,32,108,1,-1,-1,-1
194,62,461,463,36,111,1,-1,-1,-1
194,55,1012,435,86,274,1,-1,-1,-1
194,41,406,465,51,107,1,-1,-1,-1
194,12,948,445,112,311,1,-1,-1,-1
194,9,1094,437,45,117,1,-1,-1,-1
194,5,1084,478,38,118,1,-1,-1,-1
194,4,637,424,163,523,1,-1,-1,-1
194,3,805,430,118,377,1,-1,-1,-1
195,82,488,456,30,101,1,-1,-1,-1
195,81,1173,449,39,96,1,-1,-1,-1
195,80,578,427,20,39,1,-1,-1,-1
195,76,567,450,60,166,1,-1,-1,-1
195,75,1143,455,36,92,1,-1,-1,-1
195,73,593,424,19,37,1,-1,-1,-1
195,64,511,456,32,108,1,-1,-1,-1
195,62,461,463,35,111,1,-1,-1,-1
195,55,1017,434,86,276,1,-1,-1,-1
195,41,407,465,50,107,1,-1,-1,-1
195,12,949,445,114,313,1,-1,-1,-1
195,9,1094,438,46,118,1,-1,-1,-1
195,5,1082,476,39,119,1,-1,-1,-1
195,4,640,425,164,526,1,-1,-1,-1
195,3,809,429,122,377,1,-1,-1,-1
196,82,486,457,31,101,1,-1,-1,-1
196,81,1173,448,39,97,1,-1,-1,-1
196,80,577,427,21,40,1,-1,-1,-1
196,76,567,450,60,167,1,-1,-1,-1
196,75,1142,456,35,92,1,-1,-1,-1
196,73,593,425,19,37,1,-1,-1,-1
196,64,510,457,33,107,1,-1,-1,-1
196,62,459,465,36,110,1,-1,-1,-1
196,55,1020,430,88,279,1,-1,-1,-1
196,41,407,465,50,107,1,-1,-1,-1
196,12,951,444,116,314,1,-1,-1,-1
196,9,1095,439,45,118,1,-1,-1,-1
196,4,643,422,164,528,1,-1,-1,-1
196,3,813,428,127,378,1,-1,-1,-1
197,82,486,458,30,101,1,-1,-1,-1
197,81,1175,449,39,97,1,-1,-1,-1
197,80,576,428,21,40,1,-1,-1,-1
197,76,569,451,60,166,1,-1,-1,-1
197,75,1141,456,36,92,1,-1,-1,-1
197,73,592,425,20,37,1,-1,-1,-1
197,64,511,457,32,107,1,-1,-1,-1
197,62,458,465,37,110,1,-1,-1,-1
197,55,1024,430,91,280,1,-1,-1,-1
197,41,407,465,50,107,1,-1,-1,-1
197,12,954,444,116,315,1,-1,-1,-1
197,9,1095,438,45,119,1,-1,-1,-1
197,4,647,421,164,529,1,-1,-1,-1
197,3,817,429,135,377,1,-1,-1,-1
198,82,486,459,30,100,1,-1,-1,-1
198,81,1178,449,38,96,1,-1,-1,-1
198,80,576,428,20,41,1,-1,-1,-1
198,76,570,451,61,166,1,-1,-1,-1
198,75,1142,457,35,91,1,-1,-1,-1
198,74,580,425,17,39,1,-1,-1,-1
198,73,592,424,20,38,1,-1,-1,-1
198,64,512,456,32,107,1,-1,-1,-1
198,62,457,466,36,109,1,-1,-1,-1
198,55,1029,430,94,281,1,-1,-1,-1
198,41,407,466,49,107,1,-1,-1,-1
198,12,959,444,115,315,1,-1,-1,-1
198,9,1095,438,46,118,1,-1,-1,-1
198,4,651,421,164,530,1,-1,-1,-1
198,3,819,429,141,378,1,-1,-1,-1
199,82,487,462,29,101,1,-1,-1,-1
199,81,1180,449,38,95,1,-1,-1,-1
199,80,575,428,20,41,1,-1,-1,-1
199,76,571,451,61,166,1,-1,-1,-1
199,75,1141,457,36,91,1,-1,-1,-1
199,74,580,425,18,40,1,-1,-1,-1
199,73,593,424,19,38,1,-1,-1,-1
199,64,512,455,33,108,1,-1,-1,-1
199,62,456,467,37,108,1,-1,-1,-1
199,55,1033,431,95,281,1,-1,-1,-1
199,41,408,466,48,107,1,-1,-1,-1
199,12,962,444,114,316,1,-1,-1,-1
199,9,1096,438,46,117,1,-1,-1,-1
199,4,654,421,165,531,1,-1,-1,-1
199,3,821,429,147,379,1,-1,-1,-1
200,85,541,453,27,68,1,-1,-1,-1
200,82,486,463,29,103,1,-1,-1,-1
200,81,1181,450,38,94,1,-1,-1,-1
200,80,577,428,20,41,1,-1,-1,-1
200,76,572,452,61,166,1,-1,-1,-1
200,75,1141,456,35,91,1,-1,-1,-1
200,74,580,425,18,39,1,-1,-1,-1
200,73,592,425,20,37,1,-1,-1,-1
200,64,512,455,33,108,1,-1,-1,-1
200,62,455,467,37,108,1,-1,-1,-1
200,55,1036,432,97,280,1,-1,-1,-1
200,41,408,466,48,107,1,-1,-1,-1
200,12,966,445,113,316,1,-1,-1,-1
200,9,1096,438,47,116,1,-1,-1,-1
200,4,660,420,165,533,1,-1,-1,-1
200,3,821,429,151,379,1,-1,-1,-1
201,85,541,454,26,65,1,-1,-1,-1
201,82,484,463,30,105,1,-1,-1,-1
201,81,1182,450,37,94,1,-1,-1,-1
201,80,577,428,20,41,1,-1,-1,-1
201,76,573,453,61,165,1,-1,-1,-1
201,75,1139,456,35,91,1,-1,-1,-1
201,74,581,424,18,40,1,-1,-1,-1
201,73,592,425,20,37,1,-1,-1,-1
201,64,512,455,32,107,1,-1,-1,-1
201,62,454,467,37,108,1,-1,-1,-1
201,55,1039,434,99,281,1,-1,-1,-1
201,41,407,467,49,107,1,-1,-1,-1
201,12,971,445,110,317,1,-1,-1,-1
201,9,1095,438,47,118,1,-1,-1,-1
201,4,665,421,165,534,1,-1,-1,-1
201,3,823,429,154,379,1,-1,-1,-1
202,85,542,454,25,65,1,-1,-1,-1
202,82,481,462,30,107,1,-1,-1,-1
202,81,1183,450,37,94,1,-1,-1,-1
202,80,579,428,20,40,1,-1,-1,-1
202,76,573,453,63,165,1,-1,-1,-1
202,75,1137,456,36,91,1,-1,-1,-1
202,74,580,424,18,39,1,-1,-1,-1
202,73,592,425,20,37,1,-1,-1,-1
202,64,512,454,32,108,1,-1,-1,-1
202,62,452,468,38,107,1,-1,-1,-1
202,55,1043,435,100,281,1,-1,-1,-1
202,41,407,467,49,107,1,-1,-1,-1
202,12,977,445,108,317,1,-1,-1,-1
202,4,669,422,164,535,1,-1,-1,-1
202,3,823,429,157,380,1,-1,-1,-1
203,85,543,455,25,64,1,-1,-1,-1
203,82,478,463,31,108,1,-1,-1,-1
203,81,1184,450,37,95,1,-1,-1,-1
203,80,581,427,20,41,1,-1,-1,-1
203,76,575,454,62,165,1,-1,-1,-1
203,75,1136,456,35,91,1,-1,-1,-1
203,74,580,424,18,39,1,-1,-1,-1
203,73,592,425,20,38,1,-1,-1,-1
203,64,511,454,33,108,1,-1,-1,-1
203,62,451,467,38,108,1,-1,-1,-1
203,55,1046,434,100,283,1,-1,-1,-1
203,41,407,467,48,107,1,-1,-1,-1
203,12,982,445,106,318,1,-1,-1,-1
203,4,671,424,164,537,1,-1,-1,-1
203,3,825,429,157,380,1,-1,-1,-1
204,85,543,454,26,64,1,-1,-1,-1
204,82,477,462,32,109,1,-1,-1,-1
204,81,1185,450,37,95,1,-1,-1,-1
204,80,582,428,20,41,1,-1,-1,-1
204,76,576,454,62,165,1,-1,-1,-1
204,75,1136,456,34,91,1,-1,-1,-1
204,74,580,424,18,39,1,-1,-1,-1
204,73,592,426,20,38,1,-1,-1,-1
204,64,511,454,32,108,1,-1,-1,-1
204,62,451,467,38,107,1,-1,-1,-1
204,55,1047,435,101,283,1,-1,-1,-1
204,41,406,467,49,107,1,-1,-1,-1
204,12,987,447,105,318,1,-1,-1,-1
204,4,674,424,165,541,1,-1,-1,-1
204,3,827,429,158,380,1,-1,-1,-1
205,85,545,455,26,63,1,-1,-1,-1
205,82,477,462,32,108,1,-1,-1,-1
205,81,1186,452,37,94,1,-1,-1,-1
205,80,581,428,20,40,1,-1,-1,-1
205,76,576,451,61,168,1,-1,-1,-1
205,75,1135,456,33,90,1,-1,-1,-1
205,74,579,423,19,39,1,-1,-1,-1
205,73,592,425,20,38,1,-1,-1,-1
205,64,511,454,32,108,1,-1,-1,-1
205,62,450,467,38,107,1,-1,-1,-1
205,55,1048,437,101,283,1,-1,-1,-1
205,41,406,468,48,105,1,-1,-1,-1
205,12,991,447,104,318,1,-1,-1,-1
205,4,678,422,162,542,1,-1,-1,-1
205,3,828,429,159,381,1,-1,-1,-1
206,85,547,456,25,63,1,-1,-1,-1
206,82,479,461,32,107,1,-1,-1,-1
206,81,1187,453,36,93,1,-1,-1,-1
206,80,580,428,19,40,1,-1,-1,-1
206,76,577,451,61,168,1,-1,-1,-1
206,75,1134,456,33,90,1,-1,-1,-1
206,74,578,423,18,39,1,-1,-1,-1
206,73,592,425,20,37,1,-1,-1,-1
206,64,512,454,31,108,1,-1,-1,-1
206,62,449,467,38,106,1,-1,-1,-1
206,55,1051,437,100,283,1,-1,-1,-1
206,41,406,468,48,105,1,-1,-1,-1
206,12,998,447,103,316,1,-1,-1,-1
206,4,683,423,163,547,1,-1,-1,-1
206,3,830,429,159,381,1,-1,-1,-1
207,85,549,457,25,62,1,-1,-1,-1
207,82,481,461,32,106,1,-1,-1,-1
207,81,1188,453,37,94,1,-1,-1,-1
207,80,580,428,20,40,1,-1,-1,-1
207,76,579,450,60,170,1,-1,-1,-1
207,75,1134,454,33,91,1,-1,-1,-1
207,74,580,423,18,39,1,-1,-1,-1
207,73,592,425,20,37,1,-1,-1,-1
207,64,513,454,31,109,1,-1,-1,-1
207,62,448,467,39,106,1,-1,-1,-1
207,55,1054,435,99,284,1,-1,-1,-1
207,41,407,467,47,106,1,-1,-1,-1
207,12,1005,446,104,317,1,-1,-1,-1
207,4,688,423,162,552,1,-1,-1,-1
207,3,831,430,160,381,1,-1,-1,-1
208,85,553,456,25,63,1,-1,-1,-1
208,82,482,460,32,105,1,-1,-1,-1
208,81,1189,452,37,94,1,-1,-1,-1
208,76,581,449,59,171,1,-1,-1,-1
208,75,1134,453,33,92,1,-1,-1,-1
208,74,581,423,18,39,1,-1,-1,-1
208,73,592,425,20,37,1,-1,-1,-1
208,64,513,454,31,109,1,-1,-1,-1
208,62,447,467,39,107,1,-1,-1,-1
208,55,1054,435,101,290,1,-1,-1,-1
208,41,407,467,47,106,1,-1,-1,-1
208,12,1012,444,111,318,1,-1,-1,-1
208,4,692,422,162,555,1,-1,-1,-1
208,3,833,430,160,381,1,-1,-1,-1
209,85,555,456,25,64,1,-1,-1,-1
209,82,482,460,32,104,1,-1,-1,-1
209,81,1190,451,38,95,1,-1,-1,-1
209,76,583,449,58,172,1,-1,-1,-1
209,74,581,423,18,39,1,-1,-1,-1
209,73,592,425,20,37,1,-1,-1,-1
209,64,513,454,31,109,1,-1,-1,-1
209,62,446,466,39,107,1,-1,-1,-1
209,55,1061,436,101,296,1,-1,-1,-1
209,41,407,467,47,106,1,-1,-1,-1
209,12,1018,443,122,319,1,-1,-1,-1
209,4,698,419,160,557,1,-1,-1,-1
209,3,836,430,159,382,1,-1,-1,-1
210,90,546,455,24,64,1,-1,-1,-1
210,85,556,457,25,63,1,-1,-1,-1
210,82,484,461,31,102,1,-1,-1,-1
210,81,1192,450,38,96,1,-1,-1,-1
210,76,585,449,57,173,1,-1,-1,-1
210,74,581,423,18,38,1,-1,-1,-1
210,73,592,425,21,36,1,-1,-1,-1
210,64,514,454,30,109,1,-1,-1,-1
210,62,444,467,38,106,1,-1,-1,-1
210,55,1064,435,103,303,1,-1,-1,-1
210,41,408,468,48,105,1,-1,-1,-1
210,12,1020,444,132,318,1,-1,-1,-1
210,4,701,417,159,559,1,-1,-1,-1
210,3,839,430,158,382,1,-1,-1,-1
211,90,546,454,24,66,1,-1,-1,-1
211,89,593,430,23,43,1,-1,-1,-1
211,85,556,457,25,63,1,-1,-1,-1
211,82,485,461,30,101,1,-1,-1,-1
211,81,1193,449,38,96,1,-1,-1,-1
211,76,587,449,56,173,1,-1,-1,-1
211,74,582,423,18,38,1,-1,-1,-1
211,73,592,425,21,36,1,-1,-1,-1
211,64,513,454,32,109,1,-1,-1,-1
211,62,444,466,38,107,1,-1,-1,-1
211,55,1068,436,105,309,1,-1,-1,-1
211,41,409,467,48,106,1,-1,-1,-1
211,12,1023,444,140,320,1,-1,-1,-1
211,4,704,415,158,561,1,-1,-1,-1
211,3,845,429,156,383,1,-1,-1,-1
212,90,545,453,24,66,1,-1,-1,-1
212,89,592,429,23,42,1,-1,-1,-1
212,82,484,459,31,102,1,-1,-1,-1
212,81,1195,450,39,97,1,-1,-1,-1
212,76,589,447,55,174,1,-1,-1,-1
212,74,581,423,18,38,1,-1,-1,-1
212,73,592,425,21,36,1,-1,-1,-1
212,64,513,454,32,109,1,-1,-1,-1
212,62,444,466,37,107,1,-1,-1,-1
212,55,1075,435,104,315,1,-1,-1,-1
212,41,410,467,47,105,1,-1,-1,-1
212,12,1023,444,147,322,1,-1,-1,-1
212,4,705,414,159,564,1,-1,-1,-1
212,3,850,428,154,383,1,-1,-1,-1
213,90,546,453,23,66,1,-1,-1,-1
213,82,484,460,31,101,1,-1,-1,-1
213,81,1197,450,39,97,1,-1,-1,-1
213,76,591,447,54,174,1,-1,-1,-1
213,74,580,423,18,38,1,-1,-1,-1
213,73,592,426,21,36,1,-1,-1,-1
213,64,514,455,31,108,1,-1,-1,-1
213,62,443,467,37,106,1,-1,-1,-1
213,55,1083,426,101,308,1,-1,-1,-1
213,41,411,467,46,106,1,-1,-1,-1
213,12,1023,445,152,322,1,-1,-1,-1
213,4,707,413,159,567,1,-1,-1,-1
213,3,856,428,150,384,1,-1,-1,-1
214,90,545,453,25,67,1,-1,-1,-1
214,82,483,460,31,101,1,-1,-1,-1
214,81,1199,450,40,98,1,-1,-1,-1
214,76,592,447,54,175,1,-1,-1,-1
214,74,580,423,18,37,1,-1,-1,-1
214,73,593,425,20,37,1,-1,-1,-1
214,64,514,455,31,108,1,-1,-1,-1
214,62,443,468,38,105,1,-1,-1,-1
214,41,412,467,45,106,1,-1,-1,-1
214,12,1023,446,156,322,1,-1,-1,-1
214,4,710,413,160,570,1,-1,-1,-1
214,3,864,428,144,386,1,-1,-1,-1
215,90,546,454,25,67,1,-1,-1,-1
215,82,482,460,31,101,1,-1,-1,-1
215,81,1202,450,39,98,1,-1,-1,-1
215,76,594,447,53,175,1,-1,-1,-1
215,74,580,423,19,37,1,-1,-1,-1
215,73,593,425,20,37,1,-1,-1,-1
215,64,514,455,31,108,1,-1,-1,-1
215,62,443,468,37,105,1,-1,-1,-1
215,41,413,468,44,105,1,-1,-1,-1
215,12,1022,445,159,324,1,-1,-1,-1
215,4,712,412,162,572,1,-1,-1,-1
215,3,871,428,139,388,1,-1,-1,-1
216,90,546,455,25,66,1,-1,-1,-1
216,85,557,456,25,66,1,-1,-1,-1
216,82,481,459,31,101,1,-1,-1,-1
216,81,1204,451,39,98,1,-1,-1,-1
216,76,596,448,53,176,1,-1,-1,-1
216,74,580,423,19,37,1,-1,-1,-1
216,73,593,425,20,38,1,-1,-1,-1
216,64,514,455,31,108,1,-1,-1,-1
216,62,443,468,37,105,1,-1,-1,-1
216,41,414,468,43,105,1,-1,-1,-1
216,12,1023,445,162,324,1,-1,-1,-1
216,4,715,411,164,573,1,-1,-1,-1
216,3,876,427,135,390,1,-1,-1,-1
217,92,571,464,20,59,1,-1,-1,-1
217,90,546,454,25,67,1,-1,-1,-1
217,85,556,455,25,66,1,-1,-1,-1
217,82,482,460,31,101,1,-1,-1,-1
217,81,1205,451,39,99,1,-1,-1,-1
217,76,598,449,53,175,1,-1,-1,-1
217,74,579,423,19,37,1,-1,-1,-1
217,73,594,426,19,37,1,-1,-1,-1
217,64,514,454,31,109,1,-1,-1,-1
217,62,442,467,37,106,1,-1,-1,-1
217,55,1089,429,133,301,1,-1,-1,-1
217,41,417,468,41,105,1,-1,-1,-1
217,12,1026,445,163,325,1,-1,-1,-1
217,4,717,409,166,575,1,-1,-1,-1
217,3,879,427,133,392,1,-1,-1,-1
218,92,571,463,20,60,1,-1,-1,-1
218,90,545,454,25,67,1,-1,-1,-1
218,85,554,455,26,66,1,-1,-1,-1
218,82,481,460,31,101,1,-1,-1,-1
218,81,1205,450,41,101,1,-1,-1,-1
218,76,599,448,53,175,1,-1,-1,-1
218,74,578,423,20,38,1,-1,-1,-1
218,73,593,426,20,37,1,-1,-1,-1
218,64,514,454,31,109,1,-1,-1,-1
218,62,440,468,38,105,1,-1,-1,-1
218,55,1093,428,138,301,1,-1,-1,-1
218,41,418,469,41,105,1,-1,-1,-1
218,12,1032,444,161,327,1,-1,-1,-1
218,4,718,409,170,578,1,-1,-1,-1
218,3,882,427,131,394,1,-1,-1,-1
219,93,1036,439,53,130,1,-1,-1,-1
219,92,571,462,20,60,1,-1,-1,-1
219,90,545,454,26,67,1,-1,-1,-1
219,85,556,455,25,66,1,-1,-1,-1
219,82,481,460,31,101,1,-1,-1,-1
219,81,1204,448,42,102,1,-1,-1,-1
219,76,601,450,52,175,1,-1,-1,-1
219,74,578,423,19,38,1,-1,-1,-1
219,73,593,425,20,39,1,-1,-1,-1
219,64,514,454,31,109,1,-1,-1,-1
219,62,441,468,37,105,1,-1,-1,-1
219,55,1095,428,143,300,1,-1,-1,-1
219,41,417,469,41,105,1,-1,-1,-1
219,12,1037,444,158,328,1,-1,-1,-1
219,4,722,409,177,580,1,-1,-1,-1
219,3,886,427,129,398,1,-1,-1,-1
220,95,596,427,20,45,1,-1,-1,-1
220,93,1037,439,52,128,1,-1,-1,-1
220,92,571,463,20,59,1,-1,-1,-1
220,90,545,455,26,66,1,-1,-1,-1
220,85,557,455,25,66,1,-1,-1,-1
220,82,480,460,32,101,1,-1,-1,-1
220,81,1204,448,43,104,1,-1,-1,-1
220,76,602,452,52,174,1,-1,-1,-1
220,74,577,424,20,38,1,-1,-1,-1
220,73,593,426,20,39,1,-1,-1,-1
220,64,514,454,31,109,1,-1,-1,-1
220,62,440,468,38,105,1,-1,-1,-1
220,55,1095,433,145,297,1,-1,-1,-1
220,41,417,469,39,105,1,-1,-1,-1
220,12,1042,444,156,329,1,-1,-1,-1
220,4,725,408,186,583,1,-1,-1,-1
220,3,889,428,130,401,1,-1,-1,-1
221,95,596,427,20,45,1,-1,-1,-1
221,93,1040,438,50,125,1,-1,-1,-1
221,92,570,463,20,58,1,-1,-1,-1
221,90,545,456,26,65,1,-1,-1,-1
221,85,559,456,24,66,1,-1,-1,-1
221,82,479,460,32,100,1,-1,-1,-1
221,81,1206,448,43,104,1,-1,-1,-1
221,76,602,453,52,172,1,-1,-1,-1
221,74,577,424,20,39,1,-1,-1,-1
221,73,593,426,20,40,1,-1,-1,-1
221,64,514,454,32,109,1,-1,-1,-1
221,62,439,467,38,105,1,-1,-1,-1
221,55,1105,434,140,297,1,-1,-1,-1
221,41,422,468,41,106,1,-1,-1,-1
221,12,1049,443,151,330,1,-1,-1,-1
221,4,726,403,194,583,1,-1,-1,-1
221,3,893,428,129,404,1,-1,-1,-1
222,95,596,428,20,45,1,-1,-1,-1
222,94,409,465,45,106,1,-1,-1,-1
222,93,1042,438,49,126,1,-1,-1,-1
222,92,570,463,19,58,1,-1,-1,-1
222,90,544,456,26,65,1,-1,-1,-1
222,85,560,456,23,66,1,-1,-1,-1
222,82,479,459,32,101,1,-1,-1,-1
222,81,1209,449,44,104,1,-1,-1,-1
222,76,603,454,51,172,1,-1,-1,-1
222,74,577,425,20,38,1,-1,-1,-1
222,73,593,426,20,40,1,-1,-1,-1
222,64,514,453,32,110,1,-1,-1,-1
222,62,437,467,38,105,1,-1,-1,-1
222,55,1111,434,136,298,1,-1,-1,-1
222,41,421,468,40,106,1,-1,-1,-1
222,12,1060,445,145,329,1,-1,-1,-1
222,4,729,403,201,582,1,-1,-1,-1
222,3,894,428,129,406,1,-1,-1,-1
223,95,596,428,19,43,1,-1,-1,-1
223,94,412,466,44,107,1,-1,-1,-1
223,93,1043,439,48,127,1,-1,-1,-1
223,92,570,463,20,58,1,-1,-1,-1
223,90,543,457,26,64,1,-1,-1,-1
223,85,558,456,24,66,1,-1,-1,-1
223,82,478,458,33,101,1,-1,-1,-1
223,81,1211,449,44,103,1,-1,-1,-1
223,76,604,453,52,172,1,-1,-1,-1
223,74,578,424,20,39,1,-1,-1,-1
223,73,593,425,20,40,1,-1,-1,-1
223,64,514,453,32,110,1,-1,-1,-1
223,62,435,466,39,106,1,-1,-1,-1
223,55,1119,433,131,298,1,-1,-1,-1
223,41,423,468,41,106,1,-1,-1,-1
223,12,1071,445,135,331,1,-1,-1,-1
223,4,737,401,212,584,1,-1,-1,-1
223,3,897,428,129,408,1,-1,-1,-1
224,94,410,467,44,108,1,-1,-1,-1
224,93,1044,439,48,125,1,-1,-1,-1
224,92,570,463,20,57,1,-1,-1,-1
224,90,544,456,25,65,1,-1,-1,-1
224,85,558,456,23,65,1,-1,-1,-1
224,82,478,458,33,101,1,-1,-1,-1
224,81,1214,448,44,104,1,-1,-1,-1
224,76,605,452,51,173,1,-1,-1,-1
224,74,579,423,20,39,1,-1,-1,-1
224,73,593,425,20,40,1,-1,-1,-1
224,64,515,453,31,110,1,-1,-1,-1
224,62,433,466,40,106,1,-1,-1,-1
224,55,1126,431,125,299,1,-1,-1,-1
224,12,1082,444,126,333,1,-1,-1,-1
224,4,741,401,223,586,1,-1,-1,-1
224,3,899,428,130,410,1,-1,-1,-1
225,96,1048,487,40,106,1,-1,-1,-1
225,94,407,467,46,108,1,-1,-1,-1
225,93,1045,440,46,122,1,-1,-1,-1
225,92,570,462,20,59,1,-1,-1,-1
225,90,543,456,26,65,1,-1,-1,-1
225,85,557,455,24,67,1,-1,-1,-1
225,82,480,458,32,102,1,-1,-1,-1
225,81,1217,449,44,102,1,-1,-1,-1
225,76,606,453,51,173,1,-1,-1,-1
225,74,580,423,20,40,1,-1,-1,-1
225,73,593,425,20,40,1,-1,-1,-1
225,64,515,453,31,110,1,-1,-1,-1
225,55,1130,432,121,299,1,-1,-1,-1
225,12,1091,443,119,336,1,-1,-1,-1
225,4,744,402,233,588,1,-1,-1,-1
225,3,901,427,129,412,1,-1,-1,-1
226,96,1049,485,40,108,1,-1,-1,-1
226,94,405,467,47,108,1,-1,-1,-1
226,93,1047,440,45,120,1,-1,-1,-1
226,92,570,464,20,58,1,-1,-1,-1
226,90,544,456,26,66,1,-1,-1,-1
226,85,557,455,24,67,1,-1,-1,-1
226,82,480,458,31,102,1,-1,-1,-1
226,81,1220,451,43,101,1,-1,-1,-1
226,76,608,453,51,175,1,-1,-1,-1
226,74,579,423,21,40,1,-1,-1,-1
226,73,593,425,20,40,1,-1,-1,-1
226,64,514,453,32,110,1,-1,-1,-1
226,55,1134,431,117,301,1,-1,-1,-1
226,12,1099,444,113,336,1,-1,-1,-1
226,4,745,403,240,589,1,-1,-1,-1
226,3,903,427,129,414,1,-1,-1,-1
227,96,1047,486,40,108,1,-1,-1,-1
227,94,402,467,48,107,1,-1,-1,-1
227,93,1048,442,44,119,1,-1,-1,-1
227,92,570,465,20,58,1,-1,-1,-1
227,90,544,456,26,66,1,-1,-1,-1
227,85,554,455,24,66,1,-1,-1,-1
227,82,480,457,31,103,1,-1,-1,-1
227,81,1220,451,44,100,1,-1,-1,-1
227,76,608,452,51,177,1,-1,-1,-1
227,74,579,424,20,39,1,-1,-1,-1
227,73,593,426,20,40,1,-1,-1,-1
227,64,514,453,31,110,1,-1,-1,-1
227,55,1138,430,115,302,1,-1,-1,-1
227,41,426,468,42,106,1,-1,-1,-1
227,12,1106,445,108,337,1,-1,-1,-1
227,4,745,403,247,591,1,-1,-1,-1
227,3,905,428,128,416,1,-1,-1,-1
228,96,1047,486,40,108,1,-1,-1,-1
228,95,595,431,19,42,1,-1,-1,-1
228,94,397,466,45,104,1,-1,-1,-1
228,93,1049,441,45,121,1,-1,-1,-1
228,92,571,467,20,56,1,-1,-1,-1
228,90,543,456,27,66,1,-1,-1,-1
228,85,553,455,24,67,1,-1,-1,-1
228,82,479,457,31,103,1,-1,-1,-1
228,81,1221,450,44,101,1,-1,-1,-1
228,76,610,452,51,178,1,-1,-1,-1
228,74,579,424,20,39,1,-1,-1,-1
228,73,593,426,20,40,1,-1,-1,-1
228,64,514,453,31,110,1,-1,-1,-1
228,55,1145,430,111,303,1,-1,-1,-1
228,41,425,469,42,106,1,-1,-1,-1
228,12,1112,445,106,338,1,-1,-1,-1
228,4,747,406,252,592,1,-1,-1,-1
228,3,906,427,128,417,1,-1,-1,-1
229,98,1079,482,38,113,1,-1,-1,-1
229,96,1047,487,40,107,1,-1,-1,-1
229,95,595,431,19,43,1,-1,-1,-1
229,94,395,467,43,102,1,-1,-1,-1
229,93,1050,442,45,122,1,-1,-1,-1
229,92,572,467,19,57,1,-1,-1,-1
229,90,543,456,27,66,1,-1,-1,-1
229,85,553,455,25,66,1,-1,-1,-1
229,82,478,457,31,103,1,-1,-1,-1
229,76,611,451,51,181,1,-1,-1,-1
229,74,578,424,20,39,1,-1,-1,-1
229,73,593,427,20,39,1,-1,-1,-1
229,64,513,453,32,110,1,-1,-1,-1
229,55,1147,429,114,304,1,-1,-1,-1
229,41,424,469,42,106,1,-1,-1,-1
229,12,1118,444,105,341,1,-1,-1,-1
229,4,750,407,255,592,1,-1,-1,-1
229,3,907,427,129,419,1,-1,-1,-1
230,98,1079,482,39,114,1,-1,-1,-1
230,96,1047,486,40,108,1,-1,-1,-1
230,95,596,431,18,43,1,-1,-1,-1
230,94,395,468,43,101,1,-1,-1,-1
230,93,1052,442,46,124,1,-1,-1,-1
230,92,570,468,20,56,1,-1,-1,-1
230,90,544,456,27,66,1,-1,-1,-1
230,85,555,456,24,66,1,-1,-1,-1
230,82,479,457,30,103,1,-1,-1,-1
230,76,612,450,51,182,1,-1,-1,-1
230,74,579,425,20,39,1,-1,-1,-1
230,73,593,427,20,39,1,-1,-1,-1
230,64,513,453,32,110,1,-1,-1,-1
230,55,1156,430,113,310,1,-1,-1,-1
230,41,424,469,42,106,1,-1,-1,-1
230,12,1126,444,109,342,1,-1,-1,-1
230,4,753,406,257,593,1,-1,-1,-1
230,3,907,427,130,421,1,-1,-1,-1
231,98,1081,485,37,111,1,-1,-1,-1
231,96,1046,487,41,107,1,-1,-1,-1
231,95,596,432,18,42,1,-1,-1,-1
231,94,394,468,43,101,1,-1,-1,-1
231,93,1053,442,47,125,1,-1,-1,-1
231,92,570,468,19,56,1,-1,-1,-1
231,90,545,457,27,65,1,-1,-1,-1
231,85,557,457,24,65,1,-1,-1,-1
231,82,478,457,31,103,1,-1,-1,-1
231,76,614,449,51,183,1,-1,-1,-1
231,74,580,425,20,39,1,-1,-1,-1
231,73,594,426,19,40,1,-1,-1,-1
231,64,514,454,31,110,1,-1,-1,-1
231,41,423,469,43,106,1,-1,-1,-1
231,12,1132,444,113,345,1,-1,-1,-1
231,4,758,405,259,594,1,-1,-1,-1
231,3,909,427,130,421,1,-1,-1,-1
232,98,1082,488,37,110,1,-1,-1,-1
232,96,1045,486,42,110,1,-1,-1,-1
232,93,1056,442,47,126,1,-1,-1,-1
232,92,569,468,20,56,1,-1,-1,-1
232,90,546,458,26,64,1,-1,-1,-1
232,85,559,458,23,64,1,-1,-1,-1
232,82,478,457,30,103,1,-1,-1,-1
232,76,616,449,52,183,1,-1,-1,-1
232,74,581,425,19,40,1,-1,-1,-1
232,73,594,427,19,39,1,-1,-1,-1
232,64,514,455,31,109,1,-1,-1,-1
232,41,422,469,43,106,1,-1,-1,-1
232,12,1135,444,119,347,1,-1,-1,-1
232,4,763,405,260,595,1,-1,-1,-1
232,3,909,426,132,421,1,-1,-1,-1
233,98,1083,489,37,109,1,-1,-1,-1
233,96,1045,486,43,111,1,-1,-1,-1
233,93,1058,441,47,127,1,-1,-1,-1
233,92,569,467,20,57,1,-1,-1,-1
233,90,547,458,26,64,1,-1,-1,-1
233,85,561,458,22,65,1,-1,-1,-1
233,82,479,457,30,103,1,-1,-1,-1
233,76,617,449,52,182,1,-1,-1,-1
233,74,582,426,19,40,1,-1,-1,-1
233,73,594,427,19,40,1,-1,-1,-1
233,64,513,455,32,109,1,-1,-1,-1
233,41,422,469,42,105,1,-1,-1,-1
233,12,1137,444,123,349,1,-1,-1,-1
233,4,768,405,262,596,1,-1,-1,-1
233,3,912,426,132,420,1,-1,-1,-1
234,98,1084,490,37,108,1,-1,-1,-1
234,96,1045,486,44,111,1,-1,-1,-1
234,93,1060,441,48,127,1,-1,-1,-1
234,92,569,466,20,58,1,-1,-1,-1
234,90,547,458,26,63,1,-1,-1,-1
234,82,478,457,30,103,1,-1,-1,-1
234,76,618,449,54,182,1,-1,-1,-1
234,74,582,426,19,40,1,-1,-1,-1
234,73,594,428,19,40,1,-1,-1,-1
234,64,513,454,32,109,1,-1,-1,-1
234,55,1175,428,113,323,1,-1,-1,-1
234,41,421,469,42,106,1,-1,-1,-1
234,12,1138,443,128,351,1,-1,-1,-1
234,4,772,404,264,597,1,-1,-1,-1
234,3,916,427,131,420,1,-1,-1,-1
235,98,1083,491,38,108,1,-1,-1,-1
235,96,1045,487,44,112,1,-1,-1,-1
235,93,1061,442,49,127,1,-1,-1,-1
235,92,569,465,20,58,1,-1,-1,-1
235,90,547,457,26,64,1,-1,-1,-1
235,82,478,458,30,102,1,-1,-1,-1
235,76,620,449,54,182,1,-1,-1,-1
235,74,582,426,19,41,1,-1,-1,-1
235,73,594,428,19,40,1,-1,-1,-1
235,64,512,454,32,109,1,-1,-1,-1
235,41,421,468,42,106,1,-1,-1,-1
235,12,1139,443,133,352,1,-1,-1,-1
235,4,774,406,264,597,1,-1,-1,-1
235,3,916,427,132,421,1,-1,-1,-1
236,101,592,460,23,61,1,-1,-1,-1
236,98,1083,493,38,107,1,-1,-1,-1
236,96,1044,488,45,112,1,-1,-1,-1
236,92,569,464,20,59,1,-1,-1,-1
236,90,547,457,26,64,1,-1,-1,-1
236,82,478,458,30,102,1,-1,-1,-1
236,76,621,450,55,181,1,-1,-1,-1
236,74,581,426,20,41,1,-1,-1,-1
236,73,594,428,19,41,1,-1,-1,-1
236,64,511,453,32,109,1,-1,-1,-1
236,41,421,468,41,106,1,-1,-1,-1
236,12,1140,444,138,352,1,-1,-1,-1
236,4,776,408,263,594,1,-1,-1,-1
236,3,917,427,132,423,1,-1,-1,-1
237,101,593,459,22,60,1,-1,-1,-1
237,98,1082,494,38,106,1,-1,-1,-1
237,96,1045,488,44,111,1,-1,-1,-1
237,92,568,463,21,60,1,-1,-1,-1
237,90,549,457,25,64,1,-1,-1,-1
237,82,477,457,30,102,1,-1,-1,-1
237,76,621,450,56,181,1,-1,-1,-1
237,74,581,426,19,40,1,-1,-1,-1
237,73,593,428,20,41,1,-1,-1,-1
237,64,511,453,32,109,1,-1,-1,-1
237,41,421,467,40,107,1,-1,-1,-1
237,12,1141,443,140,353,1,-1,-1,-1
237,4,781,408,260,593,1,-1,-1,-1
238,102,757,430,144,448,1,-1,-1,-1
238,98,1082,494,38,106,1,-1,-1,-1
238,96,1045,486,45,111,1,-1,-1,-1
238,95,595,431,19,45,1,-1,-1,-1
238,94,396,467,39,99,1,-1,-1,-1
238,92,568,463,21,60,1,-1,-1,-1
238,90,551,458,25,63,1,-1,-1,-1
238,85,561,458,22,65,1,-1,-1,-1
238,82,476,457,29,102,1,-1,-1,-1
238,76,623,450,58,181,1,-1,-1,-1
238,74,580,426,20,41,1,-1,-1,-1
238,73,593,428,20,42,1,-1,-1,-1
238,64,511,452,32,110,1,-1,-1,-1
238,41,421,467,40,107,1,-1,-1,-1
238,12,1143,443,141,354,1,-1,-1,-1
238,4,786,406,256,592,1,-1,-1,-1
239,104,459,456,31,102,1,-1,-1,-1
239,103,1114,451,42,100,1,-1,-1,-1
239,102,758,431,144,446,1,-1,-1,-1
239,98,1082,494,38,106,1,-1,-1,-1
239,96,1046,486,44,110,1,-1,-1,-1
239,94,397,467,38,99,1,-1,-1,-1
239,92,569,462,21,60,1,-1,-1,-1
239,90,551,457,25,64,1,-1,-1,-1
239,85,559,457,23,65,1,-1,-1,-1
239,82,476,456,30,103,1,-1,-1,-1
239,76,625,451,62,180,1,-1,-1,-1
239,74,581,426,19,41,1,-1,-1,-1
239,73,593,428,20,42,1,-1,-1,-1
239,64,511,452,32,110,1,-1,-1,-1
239,41,421,466,39,108,1,-1,-1,-1
239,12,1148,442,141,357,1,-1,-1,-1
239,4,798,404,249,592,1,-1,-1,-1
240,105,546,447,24,73,1,-1,-1,-1
240,104,456,456,31,101,1,-1,-1,-1
240,103,1116,454,40,97,1,-1,-1,-1
240,102,756,432,149,440,1,-1,-1,-1
240,98,1081,496,38,105,1,-1,-1,-1
240,96,1045,488,45,109,1,-1,-1,-1
240,94,397,466,38,99,1,-1,-1,-1
240,93,1071,440,50,124,1,-1,-1,-1
240,92,569,462,20,60,1,-1,-1,-1
240,90,550,457,25,64,1,-1,-1,-1
240,85,559,457,22,65,1,-1,-1,-1
240,82,475,456,30,103,1,-1,-1,-1
240,76,626,451,65,180,1,-1,-1,-1
240,74,581,426,20,41,1,-1,-1,-1
240,73,593,428,20,42,1,-1,-1,-1
240,64,511,451,32,111,1,-1,-1,-1
240,55,1201,430,123,321,1,-1,-1,-1
240,41,421,465,38,109,1,-1,-1,-1
240,12,1154,440,138,360,1,-1,-1,-1
240,4,804,405,242,591,1,-1,-1,-1
241,105,546,447,24,73,1,-1,-1,-1
241,104,455,456,31,101,1,-1,-1,-1
241,103,1116,455,40,96,1,-1,-1,-1
241,102,758,434,149,436,1,-1,-1,-1
241,98,1080,498,38,103,1,-1,-1,-1
241,96,1047,488,43,109,1,-1,-1,-1
241,93,1073,441,51,123,1,-1,-1,-1
241,92,568,461,21,60,1,-1,-1,-1
241,90,551,457,25,64,1,-1,-1,-1
241,85,559,456,23,66,1,-1,-1,-1
241,82,475,456,29,103,1,-1,-1,-1
241,76,627,452,67,180,1,-1,-1,-1
241,74,581,426,20,41,1,-1,-1,-1
241,73,593,428,20,41,1,-1,-1,-1
241,64,510,451,32,111,1,-1,-1,-1
241,55,1211,432,119,319,1,-1,-1,-1
241,41,419,465,38,110,1,-1,-1,-1
241,12,1163,443,132,359,1,-1,-1,-1
241,4,812,404,232,591,1,-1,-1,-1
242,105,546,447,24,73,1,-1,-1,-1
242,104,457,457,31,100,1,-1,-1,-1
242,103,1116,455,41,95,1,-1,-1,-1
242,102,760,434,149,435,1,-1,-1,-1
242,98,1081,497,37,103,1,-1,-1,-1
242,96,1046,488,44,107,1,-1,-1,-1
242,93,1073,442,51,123,1,-1,-1,-1
242,92,568,461,21,60,1,-1,-1,-1
242,90,549,455,26,65,1,-1,-1,-1
242,85,557,455,23,66,1,-1,-1,-1
242,82,473,456,30,103,1,-1,-1,-1
242,76,627,452,69,181,1,-1,-1,-1
242,74,581,426,19,41,1,-1,-1,-1
242,73,593,428,20,41,1,-1,-1,-1
242,64,510,451,33,111,1,-1,-1,-1
242,55,1217,434,113,322,1,-1,-1,-1
242,41,419,466,37,109,1,-1,-1,-1
242,12,1173,441,125,361,1,-1,-1,-1
242,4,819,404,224,591,1,-1,-1,-1
243,105,545,447,24,73,1,-1,-1,-1
243,104,459,456,31,102,1,-1,-1,-1
243,103,1116,455,40,95,1,-1,-1,-1
243,102,763,434,151,434,1,-1,-1,-1
243,98,1080,495,39,104,1,-1,-1,-1
243,96,1047,488,43,107,1,-1,-1,-1
243,93,1077,444,51,121,1,-1,-1,-1
243,92,568,461,21,60,1,-1,-1,-1
243,90,549,455,26,65,1,-1,-1,-1
243,85,557,455,24,66,1,-1,-1,-1
243,82,471,456,30,103,1,-1,-1,-1
243,76,628,453,70,181,1,-1,-1,-1
243,74,581,425,20,42,1,-1,-1,-1
243,73,593,427,21,42,1,-1,-1,-1
243,64,510,451,33,112,1,-1,-1,-1
243,55,1221,432,111,322,1,-1,-1,-1
243,41,418,466,37,109,1,-1,-1,-1
243,12,1181,440,120,362,1,-1,-1,-1
243,4,832,405,216,595,1,-1,-1,-1
244,105,545,447,24,73,1,-1,-1,-1
244,104,461,456,32,102,1,-1,-1,-1
244,103,1117,454,39,95,1,-1,-1,-1
244,102,767,435,154,434,1,-1,-1,-1
244,98,1080,493,40,104,1,-1,-1,-1
244,96,1047,487,44,108,1,-1,-1,-1
244,93,1080,444,51,120,1,-1,-1,-1
244,92,568,461,21,60,1,-1,-1,-1
244,90,548,455,26,66,1,-1,-1,-1
244,85,557,455,24,67,1,-1,-1,-1
244,82,470,456,30,104,1,-1,-1,-1
244,76,628,453,72,180,1,-1,-1,-1
244,74,580,426,20,41,1,-1,-1,-1
244,73,593,427,20,42,1,-1,-1,-1
244,64,511,452,32,110,1,-1,-1,-1
244,55,1224,429,109,324,1,-1,-1,-1
244,41,417,466,37,109,1,-1,-1,-1
244,12,1188,440,116,362,1,-1,-1,-1
244,4,840,406,209,596,1,-1,-1,-1
245,106,587,460,22,63,1,-1,-1,-1
245,105,545,447,24,73,1,-1,-1,-1
245,103,1117,454,39,95,1,-1,-1,-1
245,102,769,436,156,435,1,-1,-1,-1
245,101,595,460,21,60,1,-1,-1,-1
245,98,1078,489,42,107,1,-1,-1,-1
245,93,1083,443,50,119,1,-1,-1,-1
245,92,569,462,21,59,1,-1,-1,-1
245,90,548,455,26,66,1,-1,-1,-1
245,85,557,455,24,67,1,-1,-1,-1
245,82,470,456,31,102,1,-1,-1,-1
245,76,629,453,71,180,1,-1,-1,-1
245,74,579,426,20,41,1,-1,-1,-1
245,73,594,427,20,42,1,-1,-1,-1
245,64,511,452,33,110,1,-1,-1,-1
245,55,1227,430,107,325,1,-1,-1,-1
245,41,417,465,36,109,1,-1,-1,-1
245,12,1196,440,114,363,1,-1,-1,-1
245,4,850,407,199,596,1,-1,-1,-1
246,106,588,461,22,63,1,-1,-1,-1
246,105,544,447,24,73,1,-1,-1,-1
246,103,1117,456,39,93,1,-1,-1,-1
246,102,771,437,155,437,1,-1,-1,-1
246,98,1078,485,43,110,1,-1,-1,-1
246,93,1082,443,51,118,1,-1,-1,-1
246,92,569,461,21,60,1,-1,-1,-1
246,90,548,456,26,65,1,-1,-1,-1
246,85,556,455,25,67,1,-1,-1,-1
246,82,469,456,30,103,1,-1,-1,-1
246,76,630,454,72,180,1,-1,-1,-1
246,74,578,426,20,41,1,-1,-1,-1
246,73,593,427,21,42,1,-1,-1,-1
246,64,511,452,33,110,1,-1,-1,-1
246,55,1229,429,108,327,1,-1,-1,-1
246,41,417,463,37,111,1,-1,-1,-1
246,12,1202,440,114,364,1,-1,-1,-1
246,4,864,407,189,600,1,-1,-1,-1
247,108,581,432,21,41,1,-1,-1,-1
247,106,587,461,23,63,1,-1,-1,-1
247,105,545,447,23,72,1,-1,-1,-1
247,103,1116,456,39,93,1,-1,-1,-1
247,102,774,436,156,439,1,-1,-1,-1
247,98,1077,485,43,110,1,-1,-1,-1
247,93,1084,443,51,116,1,-1,-1,-1
247,92,568,462,22,59,1,-1,-1,-1
247,90,551,457,25,64,1,-1,-1,-1
247,85,557,456,25,66,1,-1,-1,-1
247,82,468,456,31,105,1,-1,-1,-1
247,76,631,454,73,181,1,-1,-1,-1
247,74,578,426,19,40,1,-1,-1,-1
247,73,594,428,20,42,1,-1,-1,-1
247,64,510,452,33,110,1,-1,-1,-1
247,41,415,462,38,111,1,-1,-1,-1
247,12,1207,439,119,366,1,-1,-1,-1
247,4,874,408,182,607,1,-1,-1,-1
248,106,587,461,24,63,1,-1,-1,-1
248,105,544,447,24,71,1,-1,-1,-1
248,103,1115,455,38,94,1,-1,-1,-1
248,102,776,436,153,440,1,-1,-1,-1
248,98,1074,484,42,111,1,-1,-1,-1
248,93,1087,442,52,116,1,-1,-1,-1
248,92,568,462,22,59,1,-1,-1,-1
248,90,549,457,25,64,1,-1,-1,-1
248,85,557,456,25,65,1,-1,-1,-1
248,82,469,456,30,105,1,-1,-1,-1
248,76,632,453,73,182,1,-1,-1,-1
248,74,578,426,19,40,1,-1,-1,-1
248,73,594,428,20,42,1,-1,-1,-1
248,64,510,451,33,111,1,-1,-1,-1
248,41,414,461,38,112,1,-1,-1,-1
248,12,1215,437,125,367,1,-1,-1,-1
248,4,884,408,174,615,1,-1,-1,-1
249,110,1085,482,39,115,1,-1,-1,-1
249,106,588,461,23,63,1,-1,-1,-1
249,105,544,447,24,72,1,-1,-1,-1
249,103,1113,453,39,95,1,-1,-1,-1
249,102,779,433,152,443,1,-1,-1,-1
249,98,1074,482,42,113,1,-1,-1,-1
249,93,1090,442,53,116,1,-1,-1,-1
249,92,568,462,22,59,1,-1,-1,-1
249,90,550,457,24,64,1,-1,-1,-1
249,85,558,456,24,65,1,-1,-1,-1
249,82,468,457,31,105,1,-1,-1,-1
249,76,635,452,71,183,1,-1,-1,-1
249,74,578,426,19,40,1,-1,-1,-1
249,73,595,428,19,42,1,-1,-1,-1
249,64,511,452,32,110,1,-1,-1,-1
249,41,413,461,38,112,1,-1,-1,-1
249,12,1224,435,135,369,1,-1,-1,-1
249,4,894,406,168,622,1,-1,-1,-1
250,112,925,424,193,431,1,-1,-1,-1
250,110,1087,479,40,117,1,-1,-1,-1
250,106,588,463,23,61,1,-1,-1,-1
250,105,544,449,24,71,1,-1,-1,-1
250,103,1107,451,42,97,1,-1,-1,-1
250,102,783,432,150,446,1,-1,-1,-1
250,93,1093,441,53,117,1,-1,-1,-1
250,92,568,462,21,59,1,-1,-1,-1
250,90,548,457,25,64,1,-1,-1,-1
250,85,556,456,25,65,1,-1,-1,-1
250,82,468,456,30,106,1,-1,-1,-1
250,76,638,451,70,184,1,-1,-1,-1
250,74,578,427,20,40,1,-1,-1,-1
250,73,596,430,18,43,1,-1,-1,-1
250,64,512,453,32,110,1,-1,-1,-1
250,41,414,460,38,114,1,-1,-1,-1
250,12,1228,435,151,371,1,-1,-1,-1
250,4,900,406,165,625,1,-1,-1,-1
251,112,932,422,188,433,1,-1,-1,-1
251,106,589,463,23,62,1,-1,-1,-1
251,102,788,431,147,449,1,-1,-1,-1
251,101,592,464,24,57,1,-1,-1,-1
251,93,1094,441,53,117,1,-1,-1,-1
251,92,568,462,22,59,1,-1,-1,-1
251,90,546,457,25,63,1,-1,-1,-1
251,85,557,456,24,65,1,-1,-1,-1
251,82,467,456,30,106,1,-1,-1,-1
251,76,643,451,67,184,1,-1,-1,-1
251,74,580,428,19,41,1,-1,-1,-1
251,73,597,431,18,43,1,-1,-1,-1
251,64,512,453,32,110,1,-1,-1,-1
251,41,413,460,39,114,1,-1,-1,-1
251,12,1230,435,164,372,1,-1,-1,-1
251,4,908,406,158,625,1,-1,-1,-1
252,114,1843,396,76,381,1,-1,-1,-1
252,108,580,435,20,40,1,-1,-1,-1
252,106,589,463,23,62,1,-1,-1,-1
252,102,793,431,144,451,1,-1,-1,-1
252,101,594,465,24,55,1,-1,-1,-1
252,93,1095,441,54,117,1,-1,-1,-1
252,92,569,463,21,58,1,-1,-1,-1
252,90,546,458,25,62,1,-1,-1,-1
252,85,558,457,23,64,1,-1,-1,-1
252,82,467,456,30,107,1,-1,-1,-1
252,76,647,450,65,185,1,-1,-1,-1
252,74,579,428,19,40,1,-1,-1,-1
252,73,597,431,18,44,1,-1,-1,-1
252,64,512,454,32,110,1,-1,-1,-1
252,41,413,461,39,114,1,-1,-1,-1
252,12,1229,435,176,375,1,-1,-1,-1
252,4,917,405,156,628,1,-1,-1,-1
253,114,1834,390,85,388,1,-1,-1,-1
253,108,579,436,19,39,1,-1,-1,-1
253,106,588,464,23,60,1,-1,-1,-1
253,102,797,432,141,452,1,-1,-1,-1
253,101,594,465,23,55,1,-1,-1,-1
253,93,1096,441,54,117,1,-1,-1,-1
253,92,569,464,21,57,1,-1,-1,-1
253,90,548,459,24,61,1,-1,-1,-1
253,85,558,458,23,63,1,-1,-1,-1
253,82,467,455,30,107,1,-1,-1,-1
253,76,650,449,63,187,1,-1,-1,-1
253,74,577,428,19,40,1,-1,-1,-1
253,73,596,432,18,44,1,-1,-1,-1
253,64,512,455,32,109,1,-1,-1,-1
253,41,413,461,38,114,1,-1,-1,-1
253,12,1228,436,187,376,1,-1,-1,-1
253,4,924,405,154,630,1,-1,-1,-1
254,117,615,462,21,57,1,-1,-1,-1
254,116,770,450,28,79,1,-1,-1,-1
254,115,593,428,20,43,1,-1,-1,-1
254,114,1825,387,94,394,1,-1,-1,-1
254,108,579,436,19,39,1,-1,-1,-1
254,106,589,464,22,60,1,-1,-1,-1
254,102,800,433,138,453,1,-1,-1,-1
254,101,593,465,23,56,1,-1,-1,-1
254,93,1096,442,55,117,1,-1,-1,-1
254,92,568,464,21,56,1,-1,-1,-1
254,90,549,460,24,60,1,-1,-1,-1
254,85,559,459,23,62,1,-1,-1,-1
254,82,468,455,29,107,1,-1,-1,-1
254,76,653,449,61,188,1,-1,-1,-1
254,74,577,427,19,41,1,-1,-1,-1
254,73,596,432,17,44,1,-1,-1,-1
254,64,512,455,33,109,1,-1,-1,-1
254,41,412,461,39,114,1,-1,-1,-1
254,12,1228,435,197,377,1,-1,-1,-1
254,4,929,406,158,633,1,-1,-1,-1
255,117,615,462,22,57,1,-1,-1,-1
255,116,770,450,27,78,1,-1,-1,-1
255,115,592,429,21,42,1,-1,-1,-1
255,114,1814,387,105,396,1,-1,-1,-1
255,106,589,464,22,60,1,-1,-1,-1
255,102,802,434,136,453,1,-1,-1,-1
255,101,593,465,24,56,1,-1,-1,-1
255,93,1097,442,55,118,1,-1,-1,-1
255,92,568,464,21,56,1,-1,-1,-1
255,90,549,460,24,60,1,-1,-1,-1
255,85,561,459,22,62,1,-1,-1,-1
255,82,467,455,30,107,1,-1,-1,-1
255,76,656,449,60,189,1,-1,-1,-1
255,74,577,428,18,40,1,-1,-1,-1
255,73,596,432,17,45,1,-1,-1,-1
255,64,512,455,33,109,1,-1,-1,-1
255,41,411,462,39,113,1,-1,-1,-1
255,12,1229,434,204,378,1,-1,-1,-1
255,4,932,406,163,634,1,-1,-1,-1
256,117,615,462,22,57,1,-1,-1,-1
256,116,772,450,27,78,1,-1,-1,-1
256,115,592,429,21,43,1,-1,-1,-1
256,114,1802,392,117,394,1,-1,-1,-1
256,106,591,464,22,58,1,-1,-1,-1
256,102,806,435,133,455,1,-1,-1,-1
256,93,1097,441,57,119,1,-1,-1,-1
256,92,568,464,21,56,1,-1,-1,-1
256,90,550,460,23,60,1,-1,-1,-1
256,85,561,459,22,62,1,-1,-1,-1
256,82,467,455,29,108,1,-1,-1,-1
256,76,659,448,58,190,1,-1,-1,-1
256,74,577,428,18,40,1,-1,-1,-1
256,64,513,456,32,109,1,-1,-1,-1
256,41,409,462,39,113,1,-1,-1,-1
256,12,1231,434,209,378,1,-1,-1,-1
256,4,934,405,167,636,1,-1,-1,-1
257,117,615,461,22,57,1,-1,-1,-1
257,116,774,451,27,78,1,-1,-1,-1
257,115,592,429,21,43,1,-1,-1,-1
257,114,1796,394,124,391,1,-1,-1,-1
257,106,591,462,22,58,1,-1,-1,-1
257,105,545,451,24,69,1,-1,-1,-1
257,102,809,436,130,458,1,-1,-1,-1
257,93,1098,441,57,119,1,-1,-1,-1
257,92,568,463,21,56,1,-1,-1,-1
257,90,550,460,23,59,1,-1,-1,-1
257,85,561,459,22,62,1,-1,-1,-1
257,82,466,455,30,107,1,-1,-1,-1
257,76,661,448,58,190,1,-1,-1,-1
257,74,578,428,17,40,1,-1,-1,-1
257,64,512,456,33,108,1,-1,-1,-1
257,41,409,462,38,113,1,-1,-1,-1
257,12,1233,435,211,379,1,-1,-1,-1
257,4,935,407,169,635,1,-1,-1,-1
258,117,617,459,22,58,1,-1,-1,-1
258,116,773,451,26,77,1,-1,-1,-1
258,115,592,429,21,44,1,-1,-1,-1
258,114,1786,393,134,388,1,-1,-1,-1
258,106,592,462,21,58,1,-1,-1,-1
258,102,811,436,129,461,1,-1,-1,-1
258,93,1100,441,57,119,1,-1,-1,-1
258,92,568,463,21,56,1,-1,-1,-1
258,90,550,460,23,59,1,-1,-1,-1
258,85,561,459,22,62,1,-1,-1,-1
258,82,466,456,30,106,1,-1,-1,-1
258,76,663,448,57,191,1,-1,-1,-1
258,74,577,427,17,41,1,-1,-1,-1
258,64,512,456,33,108,1,-1,-1,-1
258,41,407,463,39,113,1,-1,-1,-1
258,12,1236,436,209,381,1,-1,-1,-1
258,4,936,405,170,637,1,-1,-1,-1
259,117,619,459,22,57,1,-1,-1,-1
259,116,774,452,25,76,1,-1,-1,-1
259,115,592,428,21,44,1,-1,-1,-1
259,114,1772,395,147,385,1,-1,-1,-1
259,106,592,461,22,58,1,-1,-1,-1
259,102,813,435,127,464,1,-1,-1,-1
259,93,1101,441,58,119,1,-1,-1,-1
259,92,567,462,22,56,1,-1,-1,-1
259,90,552,460,22,59,1,-1,-1,-1
259,85,562,459,21,62,1,-1,-1,-1
259,82,466,457,30,105,1,-1,-1,-1
259,76,664,448,57,191,1,-1,-1,-1
259,74,577,427,17,41,1,-1,-1,-1
259,64,512,456,33,108,1,-1,-1,-1
259,41,406,463,39,112,1,-1,-1,-1
259,12,1244,435,205,382,1,-1,-1,-1
259,4,937,404,170,638,1,-1,-1,-1
260,119,415,466,37,106,1,-1,-1,-1
260,117,620,459,22,58,1,-1,-1,-1
260,116,774,455,25,74,1,-1,-1,-1
260,115,592,428,21,44,1,-1,-1,-1
260,114,1754,396,163,381,1,-1,-1,-1
260,106,593,462,21,58,1,-1,-1,-1
260,102,816,436,125,468,1,-1,-1,-1
260,93,1102,440,58,118,1,-1,-1,-1
260,92,567,462,21,56,1,-1,-1,-1
260,90,555,460,22,59,1,-1,-1,-1
260,85,563,459,21,62,1,-1,-1,-1
260,82,465,458,30,105,1,-1,-1,-1
260,76,665,449,58,190,1,-1,-1,-1
260,74,577,427,17,42,1,-1,-1,-1
260,64,512,456,32,108,1,-1,-1,-1
260,41,405,464,40,111,1,-1,-1,-1
260,12,1254,435,197,383,1,-1,-1,-1
260,4,939,403,169,639,1,-1,-1,-1
261,120,628,461,21,56,1,-1,-1,-1
261,119,413,466,38,106,1,-1,-1,-1
261,117,621,460,22,57,1,-1,-1,-1
261,116,775,457,24,72,1,-1,-1,-1
261,115,592,429,22,44,1,-1,-1,-1
261,114,1729,395,185,379,1,-1,-1,-1
261,106,593,463,21,57,1,-1,-1,-1
261,102,816,437,127,474,1,-1,-1,-1
261,93,1103,440,57,118,1,-1,-1,-1
261,92,568,462,21,56,1,-1,-1,-1
261,90,552,459,22,60,1,-1,-1,-1
261,85,561,459,22,61,1,-1,-1,-1
261,82,465,458,30,104,1,-1,-1,-1
261,76,668,450,60,190,1,-1,-1,-1
261,74,578,428,17,42,1,-1,-1,-1
261,64,512,455,33,108,1,-1,-1,-1
261,41,404,464,40,111,1,-1,-1,-1
261,12,1266,433,188,384,1,-1,-1,-1
261,4,941,402,167,639,1,-1,-1,-1
262,120,628,461,22,56,1,-1,-1,-1
262,116,775,458,24,71,1,-1,-1,-1
262,115,592,429,22,44,1,-1,-1,-1
262,114,1707,403,206,374,1,-1,-1,-1
262,106,594,463,20,57,1,-1,-1,-1
262,102,817,438,128,477,1,-1,-1,-1
262,93,1102,440,59,118,1,-1,-1,-1
262,92,569,462,21,56,1,-1,-1,-1
262,90,550,459,22,60,1,-1,-1,-1
262,85,558,458,23,62,1,-1,-1,-1
262,82,464,457,30,105,1,-1,-1,-1
262,76,669,450,61,190,1,-1,-1,-1
262,74,577,428,18,42,1,-1,-1,-1
262,64,512,454,33,109,1,-1,-1,-1
262,41,403,465,40,110,1,-1,-1,-1
262,12,1280,432,176,385,1,-1,-1,-1
262,4,943,401,165,640,1,-1,-1,-1
263,120,629,462,22,55,1,-1,-1,-1
263,115,593,429,21,44,1,-1,-1,-1
263,114,1685,408,227,369,1,-1,-1,-1
263,106,595,463,20,57,1,-1,-1,-1
263,102,817,437,129,479,1,-1,-1,-1
263,101,599,464,23,55,1,-1,-1,-1
263,93,1102,440,59,118,1,-1,-1,-1
263,92,571,462,22,57,1,-1,-1,-1
263,90,549,459,23,60,1,-1,-1,-1
263,85,555,457,23,62,1,-1,-1,-1
263,82,464,456,30,105,1,-1,-1,-1
263,76,671,451,63,189,1,-1,-1,-1
263,74,577,428,18,43,1,-1,-1,-1
263,64,512,454,32,109,1,-1,-1,-1
263,41,402,465,41,109,1,-1,-1,-1
263,12,1295,432,164,387,1,-1,-1,-1
263,4,944,400,164,641,1,-1,-1,-1
264,123,581,462,23,59,1,-1,-1,-1
264,121,1293,445,41,105,1,-1,-1,-1
264,120,630,462,21,54,1,-1,-1,-1
264,115,592,428,22,44,1,-1,-1,-1
264,114,1671,411,240,365,1,-1,-1,-1
264,106,596,463,20,57,1,-1,-1,-1
264,102,819,436,130,481,1,-1,-1,-1
264,101,600,464,23,55,1,-1,-1,-1
264,93,1105,439,57,116,1,-1,-1,-1
264,92,573,461,21,58,1,-1,-1,-1
264,90,550,458,23,61,1,-1,-1,-1
264,85,555,457,23,63,1,-1,-1,-1
264,82,464,457,30,104,1,-1,-1,-1
264,76,672,452,64,189,1,-1,-1,-1
264,74,576,428,18,42,1,-1,-1,-1
264,64,512,453,32,110,1,-1,-1,-1
264,41,401,464,40,110,1,-1,-1,-1
264,12,1310,430,154,389,1,-1,-1,-1
264,4,945,400,164,642,1,-1,-1,-1
265,123,580,462,23,58,1,-1,-1,-1
265,121,1297,447,38,101,1,-1,-1,-1
265,120,630,461,22,56,1,-1,-1,-1
265,119,408,465,41,105,1,-1,-1,-1
265,115,593,428,22,44,1,-1,-1,-1
265,114,1657,414,247,360,1,-1,-1,-1
265,106,596,462,20,58,1,-1,-1,-1
265,102,820,434,132,482,1,-1,-1,-1
265,101,601,463,23,55,1,-1,-1,-1
265,93,1106,439,57,117,1,-1,-1,-1
265,92,573,462,22,57,1,-1,-1,-1
265,90,549,457,23,61,1,-1,-1,-1
265,85,554,457,24,62,1,-1,-1,-1
265,82,464,457,30,104,1,-1,-1,-1
265,76,673,452,66,189,1,-1,-1,-1
265,74,575,428,19,43,1,-1,-1,-1
265,64,512,453,32,110,1,-1,-1,-1
265,41,400,464,40,109,1,-1,-1,-1
265,12,1324,430,147,391,1,-1,-1,-1
265,4,947,401,163,641,1,-1,-1,-1
266,123,580,462,23,58,1,-1,-1,-1
266,121,1302,450,37,99,1,-1,-1,-1
266,120,631,461,23,57,1,-1,-1,-1
266,119,407,465,43,106,1,-1,-1,-1
266,115,593,427,22,45,1,-1,-1,-1
266,114,1646,416,250,355,1,-1,-1,-1
266,106,595,462,20,58,1,-1,-1,-1
266,102,821,433,132,484,1,-1,-1,-1
266,101,603,463,23,56,1,-1,-1,-1
266,93,1108,439,56,116,1,-1,-1,-1
266,92,574,462,22,57,1,-1,-1,-1
266,90,549,457,24,61,1,-1,-1,-1
266,85,554,457,24,62,1,-1,-1,-1
266,82,463,457,30,103,1,-1,-1,-1
266,76,674,452,67,189,1,-1,-1,-1
266,74,575,427,19,43,1,-1,-1,-1
266,64,512,453,33,110,1,-1,-1,-1
266,41,400,465,39,109,1,-1,-1,-1
266,12,1335,431,142,395,1,-1,-1,-1
266,4,950,401,163,642,1,-1,-1,-1
267,123,580,462,22,58,1,-1,-1,-1
267,121,1302,450,39,100,1,-1,-1,-1
267,120,631,461,23,57,1,-1,-1,-1
267,119,408,465,42,106,1,-1,-1,-1
267,115,592,427,22,45,1,-1,-1,-1
267,114,1639,416,247,349,1,-1,-1,-1
267,106,595,462,19,57,1,-1,-1,-1
267,102,821,431,132,486,1,-1,-1,-1
267,93,1111,441,54,114,1,-1,-1,-1
267,92,574,462,23,57,1,-1,-1,-1
267,90,549,458,24,60,1,-1,-1,-1
267,85,554,458,25,61,1,-1,-1,-1
267,82,462,457,30,103,1,-1,-1,-1
267,76,675,451,68,190,1,-1,-1,-1
267,74,575,427,19,43,1,-1,-1,-1
267,64,512,453,32,110,1,-1,-1,-1
267,41,400,465,39,109,1,-1,-1,-1
267,12,1343,433,139,397,1,-1,-1,-1
267,4,953,402,163,641,1,-1,-1,-1
268,123,580,462,23,58,1,-1,-1,-1
268,121,1305,453,37,98,1,-1,-1,-1
268,120,631,459,22,60,1,-1,-1,-1
268,119,409,464,41,106,1,-1,-1,-1
268,115,592,427,23,45,1,-1,-1,-1
268,114,1632,415,236,345,1,-1,-1,-1
268,102,820,431,134,486,1,-1,-1,-1
268,93,1115,442,51,113,1,-1,-1,-1
268,92,573,461,23,58,1,-1,-1,-1
268,90,551,458,23,61,1,-1,-1,-1
268,85,557,458,24,62,1,-1,-1,-1
268,82,460,458,30,102,1,-1,-1,-1
268,76,676,450,67,192,1,-1,-1,-1
268,74,575,426,19,43,1,-1,-1,-1
268,64,511,453,33,110,1,-1,-1,-1
268,41,398,463,38,110,1,-1,-1,-1
268,12,1352,433,142,398,1,-1,-1,-1
268,4,953,403,163,641,1,-1,-1,-1
269,123,580,462,23,59,1,-1,-1,-1
269,121,1307,452,37,98,1,-1,-1,-1
269,120,631,458,22,60,1,-1,-1,-1
269,119,408,463,42,106,1,-1,-1,-1
269,117,626,458,23,60,1,-1,-1,-1
269,116,783,452,25,75,1,-1,-1,-1
269,115,592,427,23,44,1,-1,-1,-1
269,114,1628,416,222,342,1,-1,-1,-1
269,102,820,430,134,487,1,-1,-1,-1
269,93,1116,443,50,113,1,-1,-1,-1
269,92,573,461,23,59,1,-1,-1,-1
269,90,551,458,24,61,1,-1,-1,-1
269,85,558,458,23,62,1,-1,-1,-1
269,82,459,458,31,102,1,-1,-1,-1
269,76,677,449,68,193,1,-1,-1,-1
269,74,576,426,19,42,1,-1,-1,-1
269,64,511,453,33,110,1,-1,-1,-1
269,41,396,462,39,111,1,-1,-1,-1
269,12,1359,432,148,399,1,-1,-1,-1
269,4,954,402,162,642,1,-1,-1,-1
270,123,581,461,22,59,1,-1,-1,-1
270,121,1309,453,38,97,1,-1,-1,-1
270,120,630,457,23,61,1,-1,-1,-1
270,119,409,462,42,107,1,-1,-1,-1
270,117,625,458,23,60,1,-1,-1,-1
270,116,784,451,26,77,1,-1,-1,-1
270,115,591,427,24,44,1,-1,-1,-1
270,114,1624,415,201,340,1,-1,-1,-1
270,105,545,452,23,67,1,-1,-1,-1
270,102,820,429,135,489,1,-1,-1,-1
270,93,1117,444,49,112,1,-1,-1,-1
270,92,573,460,23,59,1,-1,-1,-1
270,90,552,458,23,61,1,-1,-1,-1
270,85,559,458,22,61,1,-1,-1,-1
270,82,458,459,31,102,1,-1,-1,-1
270,76,679,447,67,194,1,-1,-1,-1
270,74,575,425,19,43,1,-1,-1,-1
270,64,510,454,33,109,1,-1,-1,-1
270,41,395,462,38,112,1,-1,-1,-1
270,12,1365,432,158,400,1,-1,-1,-1
270,4,956,402,162,642,1,-1,-1,-1
271,123,582,461,23,59,1,-1,-1,-1
271,121,1310,452,39,98,1,-1,-1,-1
271,120,630,455,22,63,1,-1,-1,-1
271,119,410,462,41,107,1,-1,-1,-1
271,117,620,456,23,61,1,-1,-1,-1
271,116,784,451,26,76,1,-1,-1,-1
271,115,590,426,24,44,1,-1,-1,-1
271,114,1620,413,180,339,1,-1,-1,-1
271,105,546,452,22,66,1,-1,-1,-1
271,102,821,429,136,490,1,-1,-1,-1
271,93,1118,445,49,111,1,-1,-1,-1
271,92,573,460,23,59,1,-1,-1,-1
271,90,551,458,23,61,1,-1,-1,-1
271,85,558,458,23,61,1,-1,-1,-1
271,82,457,459,32,101,1,-1,-1,-1
271,76,683,445,66,197,1,-1,-1,-1
271,74,574,425,20,42,1,-1,-1,-1
271,64,510,454,33,109,1,-1,-1,-1
271,41,394,461,38,113,1,-1,-1,-1
271,12,1370,432,169,402,1,-1,-1,-1
271,4,958,400,162,644,1,-1,-1,-1
272,123,581,461,22,59,1,-1,-1,-1
272,120,630,455,22,62,1,-1,-1,-1
272,119,412,462,41,107,1,-1,-1,-1
272,117,619,456,23,61,1,-1,-1,-1
272,116,785,451,25,76,1,-1,-1,-1
272,115,590,428,25,44,1,-1,-1,-1
272,114,1614,413,163,337,1,-1,-1,-1
272,106,593,459,20,57,1,-1,-1,-1
272,105,546,452,22,66,1,-1,-1,-1
272,102,821,428,138,492,1,-1,-1,-1
272,92,572,460,22,59,1,-1,-1,-1
272,90,551,458,23,60,1,-1,-1,-1
272,85,560,458,21,61,1,-1,-1,-1
272,82,457,459,31,101,1,-1,-1,-1
272,76,687,445,66,198,1,-1,-1,-1
272,74,574,426,19,43,1,-1,-1,-1
272,64,510,454,33,109,1,-1,-1,-1
272,41,394,461,38,113,1,-1,-1,-1
272,12,1372,433,177,402,1,-1,-1,-1
272,4,960,400,162,643,1,-1,-1,-1
273,123,581,461,22,59,1,-1,-1,-1
273,120,631,455,22,63,1,-1,-1,-1
273,119,411,462,41,107,1,-1,-1,-1
273,117,618,457,23,60,1,-1,-1,-1
273,116,786,450,25,75,1,-1,-1,-1
273,115,590,428,25,45,1,-1,-1,-1
273,114,1606,415,152,336,1,-1,-1,-1
273,106,593,459,20,57,1,-1,-1,-1
273,105,546,452,22,65,1,-1,-1,-1
273,102,822,427,138,493,1,-1,-1,-1
273,92,572,460,22,59,1,-1,-1,-1
273,90,552,457,23,60,1,-1,-1,-1
273,85,560,457,21,62,1,-1,-1,-1
273,82,457,459,32,102,1,-1,-1,-1
273,76,690,445,67,199,1,-1,-1,-1
273,74,574,427,19,43,1,-1,-1,-1
273,64,510,454,33,109,1,-1,-1,-1
273,41,393,461,39,113,1,-1,-1,-1
273,12,1372,434,186,404,1,-1,-1,-1
273,4,961,399,162,644,1,-1,-1,-1
274,123,580,461,23,59,1,-1,-1,-1
274,120,629,455,22,63,1,-1,-1,-1
274,119,411,462,41,108,1,-1,-1,-1
274,117,616,457,23,61,1,-1,-1,-1
274,116,786,452,25,74,1,-1,-1,-1
274,115,589,428,26,44,1,-1,-1,-1
274,114,1598,418,144,333,1,-1,-1,-1
274,106,593,459,20,57,1,-1,-1,-1
274,102,824,427,138,494,1,-1,-1,-1
274,92,571,460,22,59,1,-1,-1,-1
274,90,554,458,22,59,1,-1,-1,-1
274,85,561,458,20,60,1,-1,-1,-1
274,82,457,460,32,101,1,-1,-1,-1
274,76,693,444,67,199,1,-1,-1,-1
274,74,574,427,19,42,1,-1,-1,-1
274,64,509,454,34,109,1,-1,-1,-1
274,41,392,461,40,114,1,-1,-1,-1
274,12,1374,436,194,405,1,-1,-1,-1
274,4,963,401,161,642,1,-1,-1,-1
275,123,581,461,22,58,1,-1,-1,-1
275,121,1311,448,50,105,1,-1,-1,-1
275,119,411,463,41,108,1,-1,-1,-1
275,117,615,457,22,61,1,-1,-1,-1
275,116,787,453,24,74,1,-1,-1,-1
275,115,589,428,26,44,1,-1,-1,-1
275,114,1586,416,143,332,1,-1,-1,-1
275,102,826,426,139,493,1,-1,-1,-1
275,92,571,460,21,58,1,-1,-1,-1
275,90,554,458,22,59,1,-1,-1,-1
275,85,561,458,20,61,1,-1,-1,-1
275,82,457,460,32,101,1,-1,-1,-1
275,76,698,445,66,198,1,-1,-1,-1
275,74,574,427,20,43,1,-1,-1,-1
275,64,509,454,34,109,1,-1,-1,-1
275,41,392,461,39,114,1,-1,-1,-1
275,12,1377,436,199,408,1,-1,-1,-1
275,4,966,401,160,645,1,-1,-1,-1
276,127,640,457,22,62,1,-1,-1,-1
276,123,581,461,23,57,1,-1,-1,-1
276,121,1313,447,51,105,1,-1,-1,-1
276,119,410,463,42,108,1,-1,-1,-1
276,117,613,457,23,60,1,-1,-1,-1
276,116,787,452,25,73,1,-1,-1,-1
276,115,589,428,26,44,1,-1,-1,-1
276,114,1573,416,145,332,1,-1,-1,-1
276,102,825,426,141,494,1,-1,-1,-1
276,92,572,460,22,58,1,-1,-1,-1
276,90,555,458,22,59,1,-1,-1,-1
276,85,561,458,20,61,1,-1,-1,-1
276,82,455,460,32,101,1,-1,-1,-1
276,76,702,445,66,197,1,-1,-1,-1
276,74,575,427,20,43,1,-1,-1,-1
276,64,509,454,34,109,1,-1,-1,-1
276,41,392,461,39,114,1,-1,-1,-1
276,12,1381,436,202,409,1,-1,-1,-1
276,4,969,400,158,644,1,-1,-1,-1
277,127,640,458,22,62,1,-1,-1,-1
277,123,580,461,23,57,1,-1,-1,-1
277,121,1316,446,50,106,1,-1,-1,-1
277,119,409,464,43,107,1,-1,-1,-1
277,117,613,458,23,59,1,-1,-1,-1
277,116,788,452,26,74,1,-1,-1,-1
277,115,587,428,27,45,1,-1,-1,-1
277,114,1562,417,150,330,1,-1,-1,-1
277,102,827,425,142,495,1,-1,-1,-1
277,92,572,460,22,58,1,-1,-1,-1
277,90,556,459,22,58,1,-1,-1,-1
277,85,561,458,20,61,1,-1,-1,-1
277,82,454,461,32,100,1,-1,-1,-1
277,76,705,445,67,197,1,-1,-1,-1
277,74,575,426,19,44,1,-1,-1,-1
277,64,509,454,34,109,1,-1,-1,-1
277,41,391,462,39,113,1,-1,-1,-1
277,12,1385,434,203,413,1,-1,-1,-1
277,4,971,398,157,645,1,-1,-1,-1
278,127,641,458,22,63,1,-1,-1,-1
278,123,579,461,22,57,1,-1,-1,-1
278,121,1315,444,51,106,1,-1,-1,-1
278,119,408,465,43,107,1,-1,-1,-1
278,117,613,459,23,58,1,-1,-1,-1
278,116,785,450,26,74,1,-1,-1,-1
278,115,587,428,27,45,1,-1,-1,-1
278,114,1552,419,156,328,1,-1,-1,-1
278,106,604,460,20,54,1,-1,-1,-1
278,102,828,425,144,495,1,-1,-1,-1
278,92,573,460,21,58,1,-1,-1,-1
278,90,555,459,22,58,1,-1,-1,-1
278,85,560,459,20,60,1,-1,-1,-1
278,82,452,461,32,100,1,-1,-1,-1
278,76,707,445,69,198,1,-1,-1,-1
278,74,576,426,19,43,1,-1,-1,-1
278,64,509,454,34,109,1,-1,-1,-1
278,41,390,463,39,112,1,-1,-1,-1
278,12,1393,430,200,416,1,-1,-1,-1
278,4,973,397,156,646,1,-1,-1,-1
279,127,642,459,22,64,1,-1,-1,-1
279,123,579,462,23,56,1,-1,-1,-1
279,121,1314,443,49,106,1,-1,-1,-1
279,119,407,466,43,106,1,-1,-1,-1
279,117,613,459,23,58,1,-1,-1,-1
279,116,785,449,27,74,1,-1,-1,-1
279,115,586,429,28,44,1,-1,-1,-1
279,114,1540,420,163,325,1,-1,-1,-1
279,106,606,460,20,54,1,-1,-1,-1
279,102,829,426,145,494,1,-1,-1,-1
279,90,556,459,22,58,1,-1,-1,-1
279,82,452,462,32,100,1,-1,-1,-1
279,76,711,445,72,197,1,-1,-1,-1
279,74,575,426,20,43,1,-1,-1,-1
279,64,509,454,34,109,1,-1,-1,-1
279,41,389,462,39,113,1,-1,-1,-1
279,12,1402,428,194,418,1,-1,-1,-1
279,4,975,396,155,646,1,-1,-1,-1
280,127,643,459,23,66,1,-1,-1,-1
280,123,580,462,22,56,1,-1,-1,-1
280,119,407,466,43,105,1,-1,-1,-1
280,117,614,459,23,59,1,-1,-1,-1
280,115,586,429,28,44,1,-1,-1,-1
280,114,1531,420,166,324,1,-1,-1,-1
280,105,547,453,21,63,1,-1,-1,-1
280,102,830,426,147,494,1,-1,-1,-1
280,90,557,458,22,59,1,-1,-1,-1
280,82,453,462,31,99,1,-1,-1,-1
280,76,713,445,77,197,1,-1,-1,-1
280,74,575,426,19,42,1,-1,-1,-1
280,64,509,454,33,109,1,-1,-1,-1
280,41,389,462,39,113,1,-1,-1,-1
280,12,1416,428,184,419,1,-1,-1,-1
280,4,978,393,155,648,1,-1,-1,-1
281,129,1333,444,42,105,1,-1,-1,-1
281,126,576,435,20,47,1,-1,-1,-1
281,123,581,462,22,56,1,-1,-1,-1
281,119,408,466,42,105,1,-1,-1,-1
281,117,615,459,22,59,1,-1,-1,-1
281,115,587,429,27,44,1,-1,-1,-1
281,114,1520,419,168,323,1,-1,-1,-1
281,105,547,454,21,62,1,-1,-1,-1
281,102,831,426,148,494,1,-1,-1,-1
281,90,557,459,22,58,1,-1,-1,-1
281,82,452,462,32,99,1,-1,-1,-1
281,76,714,446,80,197,1,-1,-1,-1
281,74,575,426,20,41,1,-1,-1,-1
281,64,509,455,33,108,1,-1,-1,-1
281,41,388,462,39,113,1,-1,-1,-1
281,12,1434,426,173,421,1,-1,-1,-1
281,4,980,392,155,649,1,-1,-1,-1
282,129,1334,444,43,105,1,-1,-1,-1
282,126,576,433,20,48,1,-1,-1,-1
282,123,581,463,22,55,1,-1,-1,-1
282,119,409,467,42,104,1,-1,-1,-1
282,117,615,460,22,58,1,-1,-1,-1
282,115,587,429,27,44,1,-1,-1,-1
282,114,1504,419,172,318,1,-1,-1,-1
282,105,546,455,21,62,1,-1,-1,-1
282,102,833,427,150,493,1,-1,-1,-1
282,92,576,461,22,56,1,-1,-1,-1
282,90,556,459,22,59,1,-1,-1,-1
282,82,451,461,32,99,1,-1,-1,-1
282,76,714,447,83,196,1,-1,-1,-1
282,74,574,426,20,42,1,-1,-1,-1
282,64,509,455,34,108,1,-1,-1,-1
282,41,387,462,39,113,1,-1,-1,-1
282,12,1447,426,163,421,1,-1,-1,-1
282,4,983,392,154,650,1,-1,-1,-1
283,129,1336,444,43,105,1,-1,-1,-1
283,126,576,432,20,49,1,-1,-1,-1
283,123,581,463,22,55,1,-1,-1,-1
283,119,409,467,42,104,1,-1,-1,-1
283,117,615,459,22,59,1,-1,-1,-1
283,115,587,429,27,44,1,-1,-1,-1
283,114,1496,417,168,311,1,-1,-1,-1
283,105,546,456,21,61,1,-1,-1,-1
283,102,836,427,154,494,1,-1,-1,-1
283,92,576,461,22,57,1,-1,-1,-1
283,90,556,460,23,58,1,-1,-1,-1
283,82,451,461,32,99,1,-1,-1,-1
283,76,714,447,85,197,1,-1,-1,-1
283,74,575,426,20,42,1,-1,-1,-1
283,64,509,455,33,108,1,-1,-1,-1
283,41,387,462,39,113,1,-1,-1,-1
283,12,1458,426,154,422,1,-1,-1,-1
283,4,986,391,154,650,1,-1,-1,-1
284,131,1142,444,53,107,1,-1,-1,-1
284,129,1338,444,44,106,1,-1,-1,-1
284,126,577,432,20,48,1,-1,-1,-1
284,123,581,463,22,55,1,-1,-1,-1
284,119,409,467,42,104,1,-1,-1,-1
284,117,616,459,21,59,1,-1,-1,-1
284,115,588,429,26,44,1,-1,-1,-1
284,105,546,456,21,61,1,-1,-1,-1
284,102,839,430,161,493,1,-1,-1,-1
284,92,576,461,22,57,1,-1,-1,-1
284,90,557,460,22,59,1,-1,-1,-1
284,82,451,462,32,99,1,-1,-1,-1
284,76,715,448,86,196,1,-1,-1,-1
284,74,575,426,20,41,1,-1,-1,-1
284,64,509,455,33,108,1,-1,-1,-1
284,41,387,462,38,113,1,-1,-1,-1
284,12,1469,426,152,425,1,-1,-1,-1
284,4,988,391,153,651,1,-1,-1,-1
285,131,1144,444,52,109,1,-1,-1,-1
285,129,1340,444,44,107,1,-1,-1,-1
285,126,577,432,20,48,1,-1,-1,-1
285,123,582,463,22,55,1,-1,-1,-1
285,119,410,466,42,104,1,-1,-1,-1
285,117,615,459,21,59,1,-1,-1,-1
285,115,586,429,27,44,1,-1,-1,-1
285,105,545,456,22,62,1,-1,-1,-1
285,102,842,430,166,493,1,-1,-1,-1
285,92,577,461,22,57,1,-1,-1,-1
285,90,557,460,23,60,1,-1,-1,-1
285,82,451,461,32,100,1,-1,-1,-1
285,76,717,447,85,197,1,-1,-1,-1
285,74,574,426,20,41,1,-1,-1,-1
285,64,509,456,33,107,1,-1,-1,-1
285,41,387,462,38,113,1,-1,-1,-1
285,12,1480,426,154,425,1,-1,-1,-1
285,4,989,392,152,650,1,-1,-1,-1
286,131,1144,444,53,110,1,-1,-1,-1
286,129,1343,444,44,107,1,-1,-1,-1
286,126,577,431,21,50,1,-1,-1,-1
286,123,582,462,22,56,1,-1,-1,-1
286,119,410,466,43,104,1,-1,-1,-1
286,117,615,459,21,59,1,-1,-1,-1
286,115,585,429,28,45,1,-1,-1,-1
286,105,546,456,21,62,1,-1,-1,-1
286,102,842,430,170,493,1,-1,-1,-1
286,92,577,461,23,57,1,-1,-1,-1
286,90,556,460,23,60,1,-1,-1,-1
286,82,451,460,32,100,1,-1,-1,-1
286,76,718,446,87,198,1,-1,-1,-1
286,74,574,426,19,41,1,-1,-1,-1
286,64,509,456,33,107,1,-1,-1,-1
286,41,386,462,39,113,1,-1,-1,-1
286,12,1490,428,160,425,1,-1,-1,-1
286,4,991,393,151,650,1,-1,-1,-1
287,131,1145,445,53,110,1,-1,-1,-1
287,129,1344,444,45,108,1,-1,-1,-1
287,126,577,433,21,50,1,-1,-1,-1
287,123,582,462,22,56,1,-1,-1,-1
287,119,409,466,43,104,1,-1,-1,-1
287,117,615,459,21,59,1,-1,-1,-1
287,115,585,429,28,46,1,-1,-1,-1
287,105,547,457,21,62,1,-1,-1,-1
287,102,844,431,172,492,1,-1,-1,-1
287,90,556,460,23,60,1,-1,-1,-1
287,82,450,460,32,101,1,-1,-1,-1
287,76,720,444,86,200,1,-1,-1,-1
287,74,574,427,19,41,1,-1,-1,-1
287,64,510,456,31,107,1,-1,-1,-1
287,41,385,462,39,112,1,-1,-1,-1
287,12,1498,428,172,426,1,-1,-1,-1
287,4,993,395,151,648,1,-1,-1,-1
288,131,1147,444,52,110,1,-1,-1,-1
288,129,1347,443,46,108,1,-1,-1,-1
288,126,577,434,21,51,1,-1,-1,-1
288,123,582,462,22,56,1,-1,-1,-1
288,119,408,467,43,103,1,-1,-1,-1
288,117,616,459,21,59,1,-1,-1,-1
288,115,585,430,29,45,1,-1,-1,-1
288,105,547,457,22,62,1,-1,-1,-1
288,102,845,431,175,491,1,-1,-1,-1
288,90,556,460,23,60,1,-1,-1,-1
288,82,449,461,32,101,1,-1,-1,-1
288,76,724,443,84,201,1,-1,-1,-1
288,74,574,427,19,41,1,-1,-1,-1
288,64,510,456,31,107,1,-1,-1,-1
288,41,384,462,39,112,1,-1,-1,-1
288,12,1504,432,185,426,1,-1,-1,-1
288,4,995,396,150,646,1,-1,-1,-1
289,131,1149,444,51,109,1,-1,-1,-1
289,129,1350,443,47,108,1,-1,-1,-1
289,126,578,434,20,51,1,-1,-1,-1
289,123,582,462,22,56,1,-1,-1,-1
289,119,408,467,43,103,1,-1,-1,-1
289,117,618,459,21,60,1,-1,-1,-1
289,115,585,429,29,46,1,-1,-1,-1
289,105,547,456,22,62,1,-1,-1,-1
289,102,846,432,175,491,1,-1,-1,-1
289,90,556,460,23,60,1,-1,-1,-1
289,82,448,461,32,100,1,-1,-1,-1
289,76,728,442,82,202,1,-1,-1,-1
289,74,573,426,20,41,1,-1,-1,-1
289,64,510,456,31,107,1,-1,-1,-1
289,41,384,462,39,112,1,-1,-1,-1
289,12,1511,433,202,427,1,-1,-1,-1
289,4,998,396,149,646,1,-1,-1,-1
290,131,1151,444,51,109,1,-1,-1,-1
290,129,1352,443,50,109,1,-1,-1,-1
290,126,579,432,20,50,1,-1,-1,-1
290,123,582,462,22,56,1,-1,-1,-1
290,119,408,467,43,103,1,-1,-1,-1
290,117,619,458,20,61,1,-1,-1,-1
290,105,547,457,21,61,1,-1,-1,-1
290,102,849,432,173,491,1,-1,-1,-1
290,92,575,461,23,56,1,-1,-1,-1
290,90,558,460,22,60,1,-1,-1,-1
290,82,449,461,32,100,1,-1,-1,-1
290,76,731,442,80,203,1,-1,-1,-1
290,74,573,426,20,41,1,-1,-1,-1
290,64,509,456,32,107,1,-1,-1,-1
290,41,384,462,39,112,1,-1,-1,-1
290,12,1512,432,217,431,1,-1,-1,-1
290,4,1001,396,148,646,1,-1,-1,-1
291,131,1152,445,51,109,1,-1,-1,-1
291,129,1354,442,52,110,1,-1,-1,-1
291,126,579,432,19,48,1,-1,-1,-1
291,123,582,462,23,56,1,-1,-1,-1
291,119,409,468,42,103,1,-1,-1,-1
291,117,622,458,21,61,1,-1,-1,-1
291,102,851,432,173,491,1,-1,-1,-1
291,92,573,461,23,56,1,-1,-1,-1
291,90,559,461,21,59,1,-1,-1,-1
291,82,449,463,31,98,1,-1,-1,-1
291,76,735,442,78,204,1,-1,-1,-1
291,74,573,427,20,41,1,-1,-1,-1
291,64,510,455,31,107,1,-1,-1,-1
291,41,384,462,38,112,1,-1,-1,-1
291,12,1510,432,228,435,1,-1,-1,-1
291,4,1003,396,147,646,1,-1,-1,-1
292,135,593,460,21,54,1,-1,-1,-1
292,131,1153,444,51,110,1,-1,-1,-1
292,129,1354,443,54,109,1,-1,-1,-1
292,126,579,431,19,48,1,-1,-1,-1
292,123,582,463,22,55,1,-1,-1,-1
292,119,410,468,41,103,1,-1,-1,-1
292,117,621,458,21,61,1,-1,-1,-1
292,102,852,430,172,493,1,-1,-1,-1
292,92,573,462,23,56,1,-1,-1,-1
292,90,560,461,21,59,1,-1,-1,-1
292,82,449,463,31,98,1,-1,-1,-1
292,76,741,441,74,205,1,-1,-1,-1
292,74,574,427,18,40,1,-1,-1,-1
292,64,510,455,31,107,1,-1,-1,-1
292,41,383,462,39,112,1,-1,-1,-1
292,12,1508,435,237,435,1,-1,-1,-1
292,4,1005,396,147,645,1,-1,-1,-1
293,136,1402,420,158,292,1,-1,-1,-1
293,135,593,459,20,55,1,-1,-1,-1
293,131,1154,444,51,110,1,-1,-1,-1
293,129,1356,443,55,108,1,-1,-1,-1
293,126,578,433,19,46,1,-1,-1,-1
293,123,581,463,22,55,1,-1,-1,-1
293,119,410,468,42,103,1,-1,-1,-1
293,117,623,457,21,62,1,-1,-1,-1
293,102,855,428,170,494,1,-1,-1,-1
293,92,573,462,23,56,1,-1,-1,-1
293,90,561,462,20,58,1,-1,-1,-1
293,82,448,464,32,97,1,-1,-1,-1
293,76,744,440,71,206,1,-1,-1,-1
293,74,574,426,19,41,1,-1,-1,-1
293,64,509,455,31,107,1,-1,-1,-1
293,41,383,461,39,113,1,-1,-1,-1
293,12,1511,435,245,438,1,-1,-1,-1
293,4,1006,397,146,643,1,-1,-1,-1
294,136,1398,423,153,287,1,-1,-1,-1
294,135,592,459,21,54,1,-1,-1,-1
294,131,1155,445,50,109,1,-1,-1,-1
294,129,1357,443,56,108,1,-1,-1,-1
294,126,578,432,18,46,1,-1,-1,-1
294,123,580,463,22,55,1,-1,-1,-1
294,119,410,468,42,103,1,-1,-1,-1
294,117,623,457,22,62,1,-1,-1,-1
294,102,856,426,170,496,1,-1,-1,-1
294,92,573,463,23,55,1,-1,-1,-1
294,90,562,462,20,58,1,-1,-1,-1
294,82,447,464,32,97,1,-1,-1,-1
294,76,749,441,69,206,1,-1,-1,-1
294,74,574,426,18,41,1,-1,-1,-1
294,64,510,455,31,106,1,-1,-1,-1
294,41,383,462,38,112,1,-1,-1,-1
294,12,1515,433,249,442,1,-1,-1,-1
294,4,1008,399,147,644,1,-1,-1,-1
295,136,1394,424,154,286,1,-1,-1,-1
295,135,592,459,22,54,1,-1,-1,-1
295,131,1157,445,49,109,1,-1,-1,-1
295,129,1360,443,56,108,1,-1,-1,-1
295,126,577,432,18,45,1,-1,-1,-1
295,123,580,464,22,54,1,-1,-1,-1
295,119,410,469,42,102,1,-1,-1,-1
295,117,624,456,22,62,1,-1,-1,-1
295,102,857,425,171,497,1,-1,-1,-1
295,92,572,463,24,55,1,-1,-1,-1
295,90,562,463,20,58,1,-1,-1,-1
295,82,447,465,32,97,1,-1,-1,-1
295,76,753,441,68,207,1,-1,-1,-1
295,74,574,427,18,40,1,-1,-1,-1
295,64,510,455,31,106,1,-1,-1,-1
295,41,382,462,39,112,1,-1,-1,-1
295,12,1518,430,253,445,1,-1,-1,-1
295,4,1009,399,147,645,1,-1,-1,-1
296,139,828,456,26,65,1,-1,-1,-1
296,137,557,461,21,57,1,-1,-1,-1
296,136,1392,426,153,284,1,-1,-1,-1
296,135,593,459,21,54,1,-1,-1,-1
296,131,1158,445,50,108,1,-1,-1,-1
296,129,1364,443,55,108,1,-1,-1,-1
296,126,577,433,18,45,1,-1,-1,-1
296,123,580,464,22,54,1,-1,-1,-1
296,119,410,469,42,102,1,-1,-1,-1
296,117,623,457,22,62,1,-1,-1,-1
296,102,860,425,170,499,1,-1,-1,-1
296,92,572,463,24,55,1,-1,-1,-1
296,90,562,462,19,58,1,-1,-1,-1
296,82,447,464,32,97,1,-1,-1,-1
296,76,756,441,66,207,1,-1,-1,-1
296,64,510,455,31,106,1,-1,-1,-1
296,41,382,461,40,113,1,-1,-1,-1
296,12,1526,430,250,447,1,-1,-1,-1
296,4,1009,400,147,644,1,-1,-1,-1
297,139,828,454,27,67,1,-1,-1,-1
297,138,605,460,20,52,1,-1,-1,-1
297,137,556,462,21,56,1,-1,-1,-1
297,136,1390,427,150,283,1,-1,-1,-1
297,135,594,459,21,55,1,-1,-1,-1
297,131,1159,444,50,108,1,-1,-1,-1
297,129,1369,444,55,107,1,-1,-1,-1
297,126,576,436,18,45,1,-1,-1,-1
297,123,579,464,21,54,1,-1,-1,-1
297,119,410,469,42,102,1,-1,-1,-1
297,117,622,457,22,61,1,-1,-1,-1
297,102,864,424,167,501,1,-1,-1,-1
297,92,572,463,23,55,1,-1,-1,-1
297,90,562,463,19,57,1,-1,-1,-1
297,82,444,464,31,97,1,-1,-1,-1
297,76,758,441,65,207,1,-1,-1,-1
297,64,510,455,31,106,1,-1,-1,-1
297,41,382,462,39,113,1,-1,-1,-1
297,12,1532,430,249,449,1,-1,-1,-1
297,4,1010,399,145,642,1,-1,-1,-1
298,141,433,467,37,99,1,-1,-1,-1
298,139,828,453,27,66,1,-1,-1,-1
298,138,604,460,21,52,1,-1,-1,-1
298,137,554,462,21,57,1,-1,-1,-1
298,136,1389,427,142,282,1,-1,-1,-1
298,135,595,459,21,55,1,-1,-1,-1
298,131,1161,443,51,108,1,-1,-1,-1
298,126,575,436,19,45,1,-1,-1,-1
298,123,578,464,21,55,1,-1,-1,-1
298,119,409,468,43,103,1,-1,-1,-1
298,117,622,457,22,60,1,-1,-1,-1
298,102,867,423,165,502,1,-1,-1,-1
298,92,572,463,23,56,1,-1,-1,-1
298,90,562,463,19,57,1,-1,-1,-1
298,82,442,464,32,96,1,-1,-1,-1
298,76,760,443,65,206,1,-1,-1,-1
298,64,510,456,31,104,1,-1,-1,-1
298,41,382,462,39,113,1,-1,-1,-1
298,12,1544,430,241,450,1,-1,-1,-1
298,4,1011,399,144,641,1,-1,-1,-1
299,139,828,452,28,67,1,-1,-1,-1
299,138,604,460,21,52,1,-1,-1,-1
299,137,554,461,21,58,1,-1,-1,-1
299,136,1383,427,129,280,1,-1,-1,-1
299,135,595,460,21,54,1,-1,-1,-1
299,131,1162,443,51,108,1,-1,-1,-1
299,126,575,436,19,44,1,-1,-1,-1
299,123,578,464,21,55,1,-1,-1,-1
299,119,409,468,43,103,1,-1,-1,-1
299,117,622,457,23,60,1,-1,-1,-1
299,102,873,421,161,505,1,-1,-1,-1
299,92,572,463,23,55,1,-1,-1,-1
299,90,561,463,19,57,1,-1,-1,-1
299,82,444,462,31,98,1,-1,-1,-1
299,76,763,443,65,207,1,-1,-1,-1
299,74,574,427,18,41,1,-1,-1,-1
299,64,510,455,31,105,1,-1,-1,-1
299,41,382,462,40,113,1,-1,-1,-1
299,12,1558,429,231,453,1,-1,-1,-1
299,4,1011,399,146,639,1,-1,-1,-1
300,143,627,457,22,57,1,-1,-1,-1
300,139,829,453,28,67,1,-1,-1,-1
300,138,604,461,21,52,1,-1,-1,-1
300,137,554,461,21,57,1,-1,-1,-1
300,136,1377,426,119,280,1,-1,-1,-1
300,135,595,460,21,54,1,-1,-1,-1
300,131,1165,444,51,107,1,-1,-1,-1
300,126,574,436,19,44,1,-1,-1,-1
300,123,579,463,22,55,1,-1,-1,-1
300,119,409,468,43,103,1,-1,-1,-1
300,117,621,457,23,59,1,-1,-1,-1
300,102,877,421,158,506,1,-1,-1,-1
300,92,572,462,24,56,1,-1,-1,-1
300,90,560,462,20,57,1,-1,-1,-1
300,82,444,461,32,99,1,-1,-1,-1
300,76,766,444,66,207,1,-1,-1,-1
300,74,574,428,18,40,1,-1,-1,-1
300,64,510,455,31,105,1,-1,-1,-1
300,41,383,462,39,113,1,-1,-1,-1
300,12,1572,427,221,456,1,-1,-1,-1
300,4,1012,398,146,638,1,-1,-1,-1
301,143,626,458,22,57,1,-1,-1,-1
301,139,829,453,29,69,1,-1,-1,-1
301,138,603,461,21,52,1,-1,-1,-1
301,137,555,461,21,57,1,-1,-1,-1
301,136,1372,426,109,279,1,-1,-1,-1
301,135,594,460,21,54,1,-1,-1,-1
301,131,1166,446,51,106,1,-1,-1,-1
301,126,573,437,19,44,1,-1,-1,-1
301,123,579,463,22,55,1,-1,-1,-1
301,119,410,468,42,103,1,-1,-1,-1
301,102,882,420,153,507,1,-1,-1,-1
301,92,572,462,23,56,1,-1,-1,-1
301,90,561,462,20,58,1,-1,-1,-1
301,82,446,460,32,100,1,-1,-1,-1
301,76,770,444,65,207,1,-1,-1,-1
301,74,573,429,19,41,1,-1,-1,-1
301,64,510,455,30,105,1,-1,-1,-1
301,41,383,462,40,113,1,-1,-1,-1
301,12,1592,425,204,458,1,-1,-1,-1
301,4,1013,398,148,635,1,-1,-1,-1
302,145,1569,416,165,383,1,-1,-1,-1
302,144,-1,397,109,493,1,-1,-1,-1
302,143,627,458,22,58,1,-1,-1,-1
302,139,830,452,29,70,1,-1,-1,-1
302,138,601,461,21,52,1,-1,-1,-1
302,137,557,460,21,58,1,-1,-1,-1
302,136,1364,427,101,277,1,-1,-1,-1
302,135,594,460,20,54,1,-1,-1,-1
302,131,1167,447,52,105,1,-1,-1,-1
302,126,572,437,19,43,1,-1,-1,-1
302,123,580,463,21,55,1,-1,-1,-1
302,119,410,467,42,104,1,-1,-1,-1
302,102,886,420,149,509,1,-1,-1,-1
302,92,572,462,23,55,1,-1,-1,-1
302,90,562,462,19,58,1,-1,-1,-1
302,82,446,460,32,100,1,-1,-1,-1
302,76,772,444,67,207,1,-1,-1,-1
302,64,509,455,31,105,1,-1,-1,-1
302,41,383,461,40,114,1,-1,-1,-1
302,12,1609,424,193,460,1,-1,-1,-1
302,4,1014,398,151,632,1,-1,-1,-1
303,145,1579,416,148,384,1,-1,-1,-1
303,144,-1,402,111,485,1,-1,-1,-1
303,143,628,459,22,57,1,-1,-1,-1
303,142,421,465,43,100,1,-1,-1,-1
303,138,602,461,21,52,1,-1,-1,-1
303,137,556,460,21,58,1,-1,-1,-1
303,136,1355,427,98,277,1,-1,-1,-1
303,135,594,460,20,54,1,-1,-1,-1
303,131,1172,448,49,103,1,-1,-1,-1
303,126,572,436,19,43,1,-1,-1,-1
303,123,579,463,22,55,1,-1,-1,-1
303,119,411,466,42,105,1,-1,-1,-1
303,102,890,422,145,512,1,-1,-1,-1
303,92,572,461,23,56,1,-1,-1,-1
303,90,562,462,19,58,1,-1,-1,-1
303,82,446,461,32,99,1,-1,-1,-1
303,76,774,443,68,207,1,-1,-1,-1
303,64,509,455,31,105,1,-1,-1,-1
303,41,382,461,40,114,1,-1,-1,-1
303,12,1631,422,181,464,1,-1,-1,-1
303,4,1015,398,154,629,1,-1,-1,-1
304,145,1587,415,143,388,1,-1,-1,-1
304,144,-1,406,113,469,1,-1,-1,-1
304,143,628,459,23,58,1,-1,-1,-1
304,138,603,462,21,51,1,-1,-1,-1
304,137,557,461,21,58,1,-1,-1,-1
304,136,1346,425,98,277,1,-1,-1,-1
304,135,595,461,19,53,1,-1,-1,-1
304,131,1176,448,48,103,1,-1,-1,-1
304,126,573,436,19,43,1,-1,-1,-1
304,123,580,463,21,55,1,-1,-1,-1
304,119,412,466,42,105,1,-1,-1,-1
304,117,624,459,23,58,1,-1,-1,-1
304,102,893,423,143,515,1,-1,-1,-1
304,92,572,462,23,56,1,-1,-1,-1
304,90,562,462,19,58,1,-1,-1,-1
304,82,444,461,32,99,1,-1,-1,-1
304,76,775,442,69,208,1,-1,-1,-1
304,64,509,455,31,106,1,-1,-1,-1
304,41,382,461,40,114,1,-1,-1,-1
304,12,1643,424,174,469,1,-1,-1,-1
304,4,1017,402,156,628,1,-1,-1,-1
305,145,1599,414,140,395,1,-1,-1,-1
305,144,-1,396,114,468,1,-1,-1,-1
305,143,629,460,22,58,1,-1,-1,-1
305,138,602,462,21,51,1,-1,-1,-1
305,136,1338,424,100,278,1,-1,-1,-1
305,135,595,461,20,53,1,-1,-1,-1
305,131,1179,447,47,104,1,-1,-1,-1
305,126,573,435,19,44,1,-1,-1,-1
305,123,581,463,21,55,1,-1,-1,-1
305,119,411,465,44,105,1,-1,-1,-1
305,102,895,423,141,518,1,-1,-1,-1
305,92,572,462,23,56,1,-1,-1,-1
305,90,562,462,20,59,1,-1,-1,-1
305,76,777,442,70,208,1,-1,-1,-1
305,64,509,456,31,105,1,-1,-1,-1
305,41,382,461,40,114,1,-1,-1,-1
305,12,1657,425,172,473,1,-1,-1,-1
305,4,1018,402,163,626,1,-1,-1,-1
306,145,1606,410,145,400,1,-1,-1,-1
306,144,0,396,119,465,1,-1,-1,-1
306,138,603,463,21,50,1,-1,-1,-1
306,136,1330,423,106,279,1,-1,-1,-1
306,135,596,461,19,54,1,-1,-1,-1
306,131,1181,447,46,104,1,-1,-1,-1
306,126,574,434,19,44,1,-1,-1,-1
306,123,581,463,21,55,1,-1,-1,-1
306,119,411,465,44,105,1,-1,-1,-1
306,102,896,422,139,521,1,-1,-1,-1
306,92,573,462,23,55,1,-1,-1,-1
306,90,561,462,20,58,1,-1,-1,-1
306,76,779,441,71,210,1,-1,-1,-1
306,64,508,456,31,106,1,-1,-1,-1
306,41,381,462,41,114,1,-1,-1,-1
306,12,1671,424,173,478,1,-1,-1,-1
306,4,1020,402,171,622,1,-1,-1,-1
307,145,1613,410,147,400,1,-1,-1,-1
307,144,0,397,122,462,1,-1,-1,-1
307,138,603,463,21,50,1,-1,-1,-1
307,136,1319,426,113,276,1,-1,-1,-1
307,135,596,461,19,53,1,-1,-1,-1
307,131,1183,446,46,104,1,-1,-1,-1
307,126,575,435,19,45,1,-1,-1,-1
307,123,580,463,22,54,1,-1,-1,-1
307,119,411,464,44,106,1,-1,-1,-1
307,102,897,421,138,524,1,-1,-1,-1
307,92,573,462,23,55,1,-1,-1,-1
307,76,782,442,70,211,1,-1,-1,-1
307,64,507,455,32,106,1,-1,-1,-1
307,41,381,462,41,114,1,-1,-1,-1
307,12,1683,424,181,481,1,-1,-1,-1
307,4,1022,401,178,620,1,-1,-1,-1
308,145,1618,409,153,400,1,-1,-1,-1
308,144,-1,397,125,460,1,-1,-1,-1
308,138,602,463,21,50,1,-1,-1,-1
308,136,1311,427,119,273,1,-1,-1,-1
308,135,595,461,20,53,1,-1,-1,-1
308,131,1185,445,47,105,1,-1,-1,-1
308,126,575,436,19,44,1,-1,-1,-1
308,123,581,463,21,54,1,-1,-1,-1
308,119,410,464,44,106,1,-1,-1,-1
308,117,625,459,23,57,1,-1,-1,-1
308,102,897,420,138,525,1,-1,-1,-1
308,92,574,462,23,55,1,-1,-1,-1
308,82,457,460,29,96,1,-1,-1,-1
308,76,785,441,70,211,1,-1,-1,-1
308,64,507,456,32,106,1,-1,-1,-1
308,41,381,461,41,115,1,-1,-1,-1
308,12,1689,424,194,480,1,-1,-1,-1
308,4,1024,400,186,618,1,-1,-1,-1
309,145,1620,410,155,399,1,-1,-1,-1
309,144,-1,398,126,459,1,-1,-1,-1
309,138,602,463,20,49,1,-1,-1,-1
309,137,557,460,21,57,1,-1,-1,-1
309,136,1303,427,123,271,1,-1,-1,-1
309,135,595,461,19,53,1,-1,-1,-1
309,131,1187,445,46,105,1,-1,-1,-1
309,126,574,436,19,45,1,-1,-1,-1
309,123,582,463,21,53,1,-1,-1,-1
309,119,411,464,44,107,1,-1,-1,-1
309,117,624,460,24,56,1,-1,-1,-1
309,102,898,420,136,526,1,-1,-1,-1
309,92,575,462,22,54,1,-1,-1,-1
309,82,457,461,29,95,1,-1,-1,-1
309,76,789,441,68,212,1,-1,-1,-1
309,64,506,455,32,107,1,-1,-1,-1
309,41,381,462,41,114,1,-1,-1,-1
309,12,1690,426,205,482,1,-1,-1,-1
309,4,1024,399,193,617,1,-1,-1,-1
310,145,1624,411,162,400,1,-1,-1,-1
310,144,0,397,128,457,1,-1,-1,-1
310,138,601,463,20,49,1,-1,-1,-1
310,137,558,460,21,58,1,-1,-1,-1
310,136,1293,427,127,271,1,-1,-1,-1
310,135,594,461,19,53,1,-1,-1,-1
310,131,1188,445,47,106,1,-1,-1,-1
310,126,574,435,19,45,1,-1,-1,-1
310,123,584,463,20,53,1,-1,-1,-1
310,119,410,464,44,107,1,-1,-1,-1
310,117,624,460,23,56,1,-1,-1,-1
310,102,896,419,137,527,1,-1,-1,-1
310,92,576,462,22,54,1,-1,-1,-1
310,82,457,461,28,96,1,-1,-1,-1
310,76,792,440,67,213,1,-1,-1,-1
310,64,504,455,33,108,1,-1,-1,-1
310,41,380,462,42,114,1,-1,-1,-1
310,12,1691,430,217,488,1,-1,-1,-1
310,4,1026,398,201,617,1,-1,-1,-1
311,145,1628,412,173,399,1,-1,-1,-1
311,144,0,398,132,459,1,-1,-1,-1
311,143,628,460,23,57,1,-1,-1,-1
311,137,556,460,22,57,1,-1,-1,-1
311,136,1282,428,128,268,1,-1,-1,-1
311,135,595,461,19,52,1,-1,-1,-1
311,131,1190,444,46,107,1,-1,-1,-1
311,126,574,435,19,46,1,-1,-1,-1
311,123,583,463,20,53,1,-1,-1,-1
311,119,410,463,43,108,1,-1,-1,-1
311,117,623,460,24,56,1,-1,-1,-1
311,102,896,419,136,527,1,-1,-1,-1
311,92,577,462,22,54,1,-1,-1,-1
311,76,795,440,67,214,1,-1,-1,-1
311,64,502,454,34,108,1,-1,-1,-1
311,41,379,461,42,114,1,-1,-1,-1
311,12,1691,431,224,495,1,-1,-1,-1
311,4,1027,397,211,616,1,-1,-1,-1
312,146,1399,443,59,108,1,-1,-1,-1
312,145,1630,415,185,398,1,-1,-1,-1
312,144,0,397,134,459,1,-1,-1,-1
312,143,628,460,23,57,1,-1,-1,-1
312,137,556,460,21,56,1,-1,-1,-1
312,136,1273,427,126,266,1,-1,-1,-1
312,135,595,461,19,52,1,-1,-1,-1
312,131,1191,444,46,108,1,-1,-1,-1
312,126,576,436,17,45,1,-1,-1,-1
312,123,583,463,21,53,1,-1,-1,-1
312,119,410,463,44,108,1,-1,-1,-1
312,102,895,419,137,527,1,-1,-1,-1
312,92,579,462,21,54,1,-1,-1,-1
312,76,798,440,67,215,1,-1,-1,-1
312,64,499,454,35,109,1,-1,-1,-1
312,41,379,461,43,114,1,-1,-1,-1
312,12,1688,433,231,500,1,-1,-1,-1
312,4,1027,397,217,615,1,-1,-1,-1
313,146,1407,441,54,108,1,-1,-1,-1
313,145,1632,417,196,401,1,-1,-1,-1
313,144,1,397,142,459,1,-1,-1,-1
313,143,629,459,22,59,1,-1,-1,-1
313,137,556,460,21,56,1,-1,-1,-1
313,136,1267,427,121,264,1,-1,-1,-1
313,135,595,460,19,52,1,-1,-1,-1
313,131,1193,444,46,108,1,-1,-1,-1
313,126,576,436,18,45,1,-1,-1,-1
313,119,411,463,42,108,1,-1,-1,-1
313,102,894,419,138,527,1,-1,-1,-1
313,92,580,462,20,54,1,-1,-1,-1
313,76,802,440,67,215,1,-1,-1,-1
313,64,499,453,35,110,1,-1,-1,-1
313,41,379,461,43,114,1,-1,-1,-1
313,12,1690,431,232,504,1,-1,-1,-1
313,4,1027,397,221,614,1,-1,-1,-1
314,148,531,457,21,61,1,-1,-1,-1
314,147,573,428,18,40,1,-1,-1,-1
314,146,1412,441,50,108,1,-1,-1,-1
314,145,1635,418,202,400,1,-1,-1,-1
314,144,8,397,152,458,1,-1,-1,-1
314,143,630,459,22,59,1,-1,-1,-1
314,137,555,460,22,56,1,-1,-1,-1
314,136,1265,426,113,264,1,-1,-1,-1
314,135,595,460,19,52,1,-1,-1,-1
314,131,1194,443,46,110,1,-1,-1,-1
314,126,576,437,17,45,1,-1,-1,-1
314,119,411,462,43,108,1,-1,-1,-1
314,102,894,419,139,527,1,-1,-1,-1
314,92,580,462,21,54,1,-1,-1,-1
314,76,805,440,67,215,1,-1,-1,-1
314,64,498,452,36,110,1,-1,-1,-1
314,41,379,461,43,114,1,-1,-1,-1
314,12,1695,427,229,508,1,-1,-1,-1
314,4,1028,397,223,613,1,-1,-1,-1
315,148,530,457,22,62,1,-1,-1,-1
315,147,573,428,19,40,1,-1,-1,-1
315,146,1415,440,49,109,1,-1,-1,-1
315,145,1636,422,200,399,1,-1,-1,-1
315,144,18,398,167,454,1,-1,-1,-1
315,143,631,458,23,60,1,-1,-1,-1
315,137,555,460,21,56,1,-1,-1,-1
315,136,1261,427,106,262,1,-1,-1,-1
315,135,595,460,19,52,1,-1,-1,-1
315,131,1195,444,46,109,1,-1,-1,-1
315,126,576,438,17,46,1,-1,-1,-1
315,119,411,462,42,109,1,-1,-1,-1
315,102,894,418,139,527,1,-1,-1,-1
315,92,581,462,20,53,1,-1,-1,-1
315,76,809,440,67,215,1,-1,-1,-1
315,64,497,452,36,111,1,-1,-1,-1
315,41,379,461,43,114,1,-1,-1,-1
315,12,1706,428,222,511,1,-1,-1,-1
315,4,1029,397,223,613,1,-1,-1,-1
316,148,531,457,21,62,1,-1,-1,-1
316,146,1419,439,46,110,1,-1,-1,-1
316,145,1644,422,203,402,1,-1,-1,-1
316,144,24,401,184,452,1,-1,-1,-1
316,143,631,458,24,60,1,-1,-1,-1
316,137,554,460,22,56,1,-1,-1,-1
316,136,1259,428,98,260,1,-1,-1,-1
316,135,595,460,19,52,1,-1,-1,-1
316,131,1196,444,45,109,1,-1,-1,-1
316,126,576,438,17,47,1,-1,-1,-1
316,119,410,462,43,109,1,-1,-1,-1
316,117,626,459,24,58,1,-1,-1,-1
316,102,893,418,140,528,1,-1,-1,-1
316,92,581,462,20,53,1,-1,-1,-1
316,76,811,438,68,216,1,-1,-1,-1
316,64,497,452,36,111,1,-1,-1,-1
316,41,379,461,43,114,1,-1,-1,-1
316,12,1715,427,214,516,1,-1,-1,-1
316,4,1031,397,221,613,1,-1,-1,-1
317,148,530,457,22,63,1,-1,-1,-1
317,146,1424,439,45,110,1,-1,-1,-1
317,145,1654,414,204,411,1,-1,-1,-1
317,144,29,401,206,453,1,-1,-1,-1
317,143,632,458,23,60,1,-1,-1,-1
317,137,554,460,22,56,1,-1,-1,-1
317,136,1255,429,92,259,1,-1,-1,-1
317,135,595,460,19,52,1,-1,-1,-1
317,131,1198,444,43,109,1,-1,-1,-1
317,126,577,440,17,48,1,-1,-1,-1
317,119,411,462,42,109,1,-1,-1,-1
317,117,627,459,23,58,1,-1,-1,-1
317,102,893,419,140,527,1,-1,-1,-1
317,92,581,462,20,53,1,-1,-1,-1
317,76,813,438,68,216,1,-1,-1,-1
317,64,496,452,37,111,1,-1,-1,-1
317,41,379,462,43,114,1,-1,-1,-1
317,12,1733,429,199,517,1,-1,-1,-1
317,4,1035,397,221,614,1,-1,-1,-1
318,148,530,457,22,63,1,-1,-1,-1
318,146,1429,438,45,111,1,-1,-1,-1
318,145,1662,414,202,412,1,-1,-1,-1
318,144,31,404,227,451,1,-1,-1,-1
318,143,631,459,24,60,1,-1,-1,-1
318,137,554,460,21,56,1,-1,-1,-1
318,136,1248,427,91,258,1,-1,-1,-1
318,135,596,460,19,52,1,-1,-1,-1
318,123,584,461,20,54,1,-1,-1,-1
318,119,411,462,43,109,1,-1,-1,-1
318,117,625,460,24,58,1,-1,-1,-1
318,102,893,420,141,527,1,-1,-1,-1
318,92,580,461,21,54,1,-1,-1,-1
318,76,816,438,69,217,1,-1,-1,-1
318,64,495,451,38,112,1,-1,-1,-1
318,41,380,461,43,115,1,-1,-1,-1
318,12,1751,425,183,520,1,-1,-1,-1
318,4,1037,398,220,615,1,-1,-1,-1
319,148,528,458,22,63,1,-1,-1,-1
319,146,1433,437,45,112,1,-1,-1,-1
319,145,1673,413,195,418,1,-1,-1,-1
319,144,31,402,241,453,1,-1,-1,-1
319,143,631,459,24,60,1,-1,-1,-1
319,137,554,460,22,55,1,-1,-1,-1
319,136,1240,425,93,258,1,-1,-1,-1
319,135,596,460,20,52,1,-1,-1,-1
319,123,584,460,20,55,1,-1,-1,-1
319,119,411,462,43,109,1,-1,-1,-1
319,117,625,460,23,58,1,-1,-1,-1
319,102,893,420,142,527,1,-1,-1,-1
319,92,580,461,20,54,1,-1,-1,-1
319,76,818,440,70,216,1,-1,-1,-1
319,64,494,451,38,112,1,-1,-1,-1
319,41,380,461,43,115,1,-1,-1,-1
319,12,1773,423,162,519,1,-1,-1,-1
319,4,1039,399,219,615,1,-1,-1,-1
320,148,527,458,23,64,1,-1,-1,-1
320,146,1435,437,46,112,1,-1,-1,-1
320,145,1686,411,186,424,1,-1,-1,-1
320,144,33,403,257,452,1,-1,-1,-1
320,143,631,459,24,61,1,-1,-1,-1
320,137,554,460,22,55,1,-1,-1,-1
320,136,1233,425,97,258,1,-1,-1,-1
320,135,596,460,19,52,1,-1,-1,-1
320,123,583,461,21,54,1,-1,-1,-1
320,119,411,461,44,110,1,-1,-1,-1
320,117,626,460,23,59,1,-1,-1,-1
320,102,893,420,143,526,1,-1,-1,-1
320,92,580,461,20,54,1,-1,-1,-1
320,76,821,442,71,215,1,-1,-1,-1
320,64,494,450,38,113,1,-1,-1,-1
320,41,379,461,44,114,1,-1,-1,-1
320,12,1793,422,142,520,1,-1,-1,-1
320,4,1041,400,217,614,1,-1,-1,-1
321,148,528,458,23,64,1,-1,-1,-1
321,146,1438,437,46,113,1,-1,-1,-1
321,145,1704,409,176,429,1,-1,-1,-1
321,144,33,404,269,450,1,-1,-1,-1
321,143,632,458,23,61,1,-1,-1,-1
321,137,554,460,22,55,1,-1,-1,-1
321,136,1228,426,101,256,1,-1,-1,-1
321,135,595,460,20,53,1,-1,-1,-1
321,123,583,462,20,54,1,-1,-1,-1
321,119,411,461,44,110,1,-1,-1,-1
321,117,627,459,23,59,1,-1,-1,-1
321,102,893,419,143,527,1,-1,-1,-1
321,92,579,462,21,53,1,-1,-1,-1
321,76,825,442,75,215,1,-1,-1,-1
321,64,493,451,38,112,1,-1,-1,-1
321,41,380,461,43,114,1,-1,-1,-1
321,12,1811,415,122,523,1,-1,-1,-1
321,4,1044,400,214,614,1,-1,-1,-1
322,148,528,458,24,63,1,-1,-1,-1
322,146,1439,437,47,113,1,-1,-1,-1
322,145,1722,407,168,434,1,-1,-1,-1
322,144,33,404,279,448,1,-1,-1,-1
322,143,632,458,23,60,1,-1,-1,-1
322,137,554,460,21,55,1,-1,-1,-1
322,136,1222,427,105,254,1,-1,-1,-1
322,135,595,460,19,53,1,-1,-1,-1
322,123,583,462,21,54,1,-1,-1,-1
322,119,411,463,44,109,1,-1,-1,-1
322,102,894,419,144,527,1,-1,-1,-1
322,92,580,462,20,54,1,-1,-1,-1
322,76,827,442,78,215,1,-1,-1,-1
322,64,492,451,38,112,1,-1,-1,-1
322,41,380,462,43,113,1,-1,-1,-1
322,12,1826,418,105,524,1,-1,-1,-1
322,4,1046,401,211,614,1,-1,-1,-1
323,148,528,458,24,63,1,-1,-1,-1
323,146,1441,437,49,112,1,-1,-1,-1
323,145,1735,406,162,439,1,-1,-1,-1
323,144,35,407,283,443,1,-1,-1,-1
323,137,554,460,21,55,1,-1,-1,-1
323,136,1218,430,109,251,1,-1,-1,-1
323,135,594,461,20,52,1,-1,-1,-1
323,123,582,462,22,54,1,-1,-1,-1
323,119,411,463,43,108,1,-1,-1,-1
323,102,893,418,145,528,1,-1,-1,-1
323,92,579,462,20,54,1,-1,-1,-1
323,76,829,439,81,216,1,-1,-1,-1
323,64,492,451,38,112,1,-1,-1,-1
323,41,379,462,43,113,1,-1,-1,-1
323,12,1840,419,89,521,1,-1,-1,-1
323,4,1047,402,209,613,1,-1,-1,-1
324,149,544,459,22,59,1,-1,-1,-1
324,148,530,458,23,62,1,-1,-1,-1
324,146,1444,437,50,112,1,-1,-1,-1
324,145,1746,405,157,442,1,-1,-1,-1
324,144,38,406,285,441,1,-1,-1,-1
324,137,553,460,21,55,1,-1,-1,-1
324,136,1216,431,109,249,1,-1,-1,-1
324,135,595,461,20,52,1,-1,-1,-1
324,123,581,463,22,53,1,-1,-1,-1
324,119,411,462,44,109,1,-1,-1,-1
324,102,898,419,142,528,1,-1,-1,-1
324,76,830,439,83,215,1,-1,-1,-1
324,64,491,451,39,112,1,-1,-1,-1
324,41,379,462,44,113,1,-1,-1,-1
324,12,1846,419,79,521,1,-1,-1,-1
324,4,1048,400,207,613,1,-1,-1,-1
325,150,538,458,18,58,1,-1,-1,-1
325,149,545,459,22,59,1,-1,-1,-1
325,148,529,458,23,61,1,-1,-1,-1
325,146,1448,438,50,111,1,-1,-1,-1
325,145,1754,405,158,444,1,-1,-1,-1
325,144,44,406,283,437,1,-1,-1,-1
325,137,552,460,21,55,1,-1,-1,-1
325,136,1212,432,109,246,1,-1,-1,-1
325,135,595,461,20,52,1,-1,-1,-1
325,123,581,464,22,53,1,-1,-1,-1
325,119,411,462,44,109,1,-1,-1,-1
325,102,899,419,142,528,1,-1,-1,-1
325,76,832,441,85,214,1,-1,-1,-1
325,64,491,451,39,112,1,-1,-1,-1
325,41,379,462,44,113,1,-1,-1,-1
325,12,1858,410,67,532,1,-1,-1,-1
325,4,1049,399,205,614,1,-1,-1,-1
326,151,557,461,20,55,1,-1,-1,-1
326,150,538,458,18,58,1,-1,-1,-1
326,149,546,459,22,59,1,-1,-1,-1
326,148,527,458,24,60,1,-1,-1,-1
326,146,1449,438,50,111,1,-1,-1,-1
326,145,1759,404,159,445,1,-1,-1,-1
326,144,59,404,274,434,1,-1,-1,-1
326,137,552,460,21,55,1,-1,-1,-1
326,136,1207,433,107,243,1,-1,-1,-1
326,135,595,461,20,53,1,-1,-1,-1
326,123,581,463,22,54,1,-1,-1,-1
326,119,411,461,44,110,1,-1,-1,-1
326,102,900,419,141,529,1,-1,-1,-1
326,76,834,441,86,214,1,-1,-1,-1
326,64,491,451,38,112,1,-1,-1,-1
326,41,379,462,44,113,1,-1,-1,-1
326,12,1864,398,58,544,1,-1,-1,-1
326,4,1050,398,203,614,1,-1,-1,-1
327,151,557,462,21,54,1,-1,-1,-1
327,150,538,458,17,56,1,-1,-1,-1
327,149,546,459,22,58,1,-1,-1,-1
327,148,527,458,23,59,1,-1,-1,-1
327,146,1451,437,50,112,1,-1,-1,-1
327,145,1763,403,158,448,1,-1,-1,-1
327,144,72,403,265,431,1,-1,-1,-1
327,137,553,460,21,55,1,-1,-1,-1
327,136,1200,433,107,243,1,-1,-1,-1
327,135,595,461,20,53,1,-1,-1,-1
327,123,581,462,22,54,1,-1,-1,-1
327,119,411,461,44,110,1,-1,-1,-1
327,102,900,419,140,529,1,-1,-1,-1
327,76,836,440,87,214,1,-1,-1,-1
327,64,490,452,38,112,1,-1,-1,-1
327,41,379,462,44,113,1,-1,-1,-1
327,12,1869,389,51,555,1,-1,-1,-1
327,4,1052,398,200,614,1,-1,-1,-1
328,150,538,459,16,54,1,-1,-1,-1
328,149,547,459,22,58,1,-1,-1,-1
328,148,525,458,23,58,1,-1,-1,-1
328,146,1453,438,50,112,1,-1,-1,-1
328,145,1766,404,156,454,1,-1,-1,-1
328,144,91,402,251,430,1,-1,-1,-1
328,137,554,460,21,55,1,-1,-1,-1
328,136,1195,433,103,241,1,-1,-1,-1
328,123,581,462,22,53,1,-1,-1,-1
328,119,411,461,44,110,1,-1,-1,-1
328,102,899,418,141,529,1,-1,-1,-1
328,76,839,439,87,214,1,-1,-1,-1
328,64,490,452,37,112,1,-1,-1,-1
328,41,379,462,44,113,1,-1,-1,-1
328,12,1874,369,44,574,1,-1,-1,-1
328,4,1053,398,198,614,1,-1,-1,-1
329,150,538,459,17,54,1,-1,-1,-1
329,149,547,459,22,58,1,-1,-1,-1
329,148,528,458,22,57,1,-1,-1,-1
329,146,1454,438,50,111,1,-1,-1,-1
329,145,1766,411,156,470,1,-1,-1,-1
329,144,112,403,234,427,1,-1,-1,-1
329,137,554,460,21,55,1,-1,-1,-1
329,123,581,461,22,54,1,-1,-1,-1
329,119,411,461,45,110,1,-1,-1,-1
329,102,898,419,142,528,1,-1,-1,-1
329,92,577,460,22,55,1,-1,-1,-1
329,76,845,438,85,214,1,-1,-1,-1
329,64,490,452,37,111,1,-1,-1,-1
329,41,379,461,44,114,1,-1,-1,-1
329,4,1054,399,196,613,1,-1,-1,-1
330,150,538,460,17,53,1,-1,-1,-1
330,149,546,459,22,57,1,-1,-1,-1
330,148,529,459,21,55,1,-1,-1,-1
330,146,1456,438,49,111,1,-1,-1,-1
330,145,1768,407,154,473,1,-1,-1,-1
330,144,133,403,215,426,1,-1,-1,-1
330,137,554,460,20,55,1,-1,-1,-1
330,123,581,461,22,53,1,-1,-1,-1
330,119,412,460,44,111,1,-1,-1,-1
330,102,898,419,142,528,1,-1,-1,-1
330,92,576,460,22,55,1,-1,-1,-1
330,76,853,437,82,214,1,-1,-1,-1
330,64,489,452,37,111,1,-1,-1,-1
330,41,380,461,43,113,1,-1,-1,-1
330,4,1056,399,195,613,1,-1,-1,-1
331,153,832,448,26,70,1,-1,-1,-1
331,151,559,461,20,54,1,-1,-1,-1
331,150,539,459,17,53,1,-1,-1,-1
331,149,545,459,21,57,1,-1,-1,-1
331,148,532,459,20,55,1,-1,-1,-1
331,146,1459,437,48,112,1,-1,-1,-1
331,145,1770,401,152,468,1,-1,-1,-1
331,144,158,403,195,424,1,-1,-1,-1
331,137,553,460,20,55,1,-1,-1,-1
331,135,594,460,20,52,1,-1,-1,-1
331,123,581,461,22,53,1,-1,-1,-1
331,119,412,459,44,111,1,-1,-1,-1
331,102,898,419,142,527,1,-1,-1,-1
331,92,576,460,22,55,1,-1,-1,-1
331,76,860,437,80,214,1,-1,-1,-1
331,64,489,452,36,111,1,-1,-1,-1
331,41,380,461,43,113,1,-1,-1,-1
331,4,1057,398,195,613,1,-1,-1,-1
332,153,832,446,27,71,1,-1,-1,-1
332,151,559,461,21,54,1,-1,-1,-1
332,150,539,459,17,54,1,-1,-1,-1
332,149,545,458,22,58,1,-1,-1,-1
332,148,533,459,20,55,1,-1,-1,-1
332,146,1462,437,47,112,1,-1,-1,-1
332,145,1773,397,149,467,1,-1,-1,-1
332,144,181,402,178,424,1,-1,-1,-1
332,137,553,460,20,55,1,-1,-1,-1
332,135,594,459,19,54,1,-1,-1,-1
332,123,581,461,22,54,1,-1,-1,-1
332,119,411,459,45,112,1,-1,-1,-1
332,102,898,419,143,527,1,-1,-1,-1
332,92,575,460,22,55,1,-1,-1,-1
332,76,865,435,80,216,1,-1,-1,-1
332,64,489,452,36,111,1,-1,-1,-1
332,41,381,461,43,113,1,-1,-1,-1
332,4,1059,398,193,614,1,-1,-1,-1
333,153,835,445,26,72,1,-1,-1,-1
333,151,559,461,21,54,1,-1,-1,-1
333,149,545,458,22,58,1,-1,-1,-1
333,148,534,459,20,54,1,-1,-1,-1
333,146,1466,437,45,111,1,-1,-1,-1
333,145,1776,395,147,466,1,-1,-1,-1
333,144,201,402,164,424,1,-1,-1,-1
333,137,554,460,20,55,1,-1,-1,-1
333,135,594,459,19,54,1,-1,-1,-1
333,123,582,460,22,55,1,-1,-1,-1
333,119,412,460,45,111,1,-1,-1,-1
333,102,899,419,143,527,1,-1,-1,-1
333,92,576,459,23,56,1,-1,-1,-1
333,76,868,436,79,215,1,-1,-1,-1
333,64,490,452,35,111,1,-1,-1,-1
333,41,381,462,43,113,1,-1,-1,-1
333,4,1060,398,193,614,1,-1,-1,-1
334,154,0,435,127,358,1,-1,-1,-1
334,153,838,445,26,71,1,-1,-1,-1
334,151,559,461,21,54,1,-1,-1,-1
334,149,545,458,22,58,1,-1,-1,-1
334,148,532,459,21,54,1,-1,-1,-1
334,146,1468,438,45,111,1,-1,-1,-1
334,145,1780,395,143,467,1,-1,-1,-1
334,144,213,403,161,423,1,-1,-1,-1
334,137,555,459,20,55,1,-1,-1,-1
334,135,594,459,20,55,1,-1,-1,-1
334,123,582,460,22,55,1,-1,-1,-1
334,119,413,460,45,110,1,-1,-1,-1
334,102,899,418,144,528,1,-1,-1,-1
334,92,577,459,22,56,1,-1,-1,-1
334,76,870,437,79,213,1,-1,-1,-1
334,64,490,452,35,112,1,-1,-1,-1
334,41,381,462,43,113,1,-1,-1,-1
334,4,1062,398,191,614,1,-1,-1,-1
335,154,0,438,143,358,1,-1,-1,-1
335,153,841,446,25,71,1,-1,-1,-1
335,151,559,460,21,55,1,-1,-1,-1
335,149,546,458,21,58,1,-1,-1,-1
335,148,531,459,20,54,1,-1,-1,-1
335,146,1470,438,44,111,1,-1,-1,-1
335,145,1786,400,137,465,1,-1,-1,-1
335,144,225,403,158,421,1,-1,-1,-1
335,137,555,459,20,55,1,-1,-1,-1
335,135,594,459,19,54,1,-1,-1,-1
335,123,582,460,22,55,1,-1,-1,-1
335,119,413,460,45,111,1,-1,-1,-1
335,102,900,419,144,528,1,-1,-1,-1
335,92,577,459,22,56,1,-1,-1,-1
335,76,871,439,79,211,1,-1,-1,-1
335,64,489,452,35,112,1,-1,-1,-1
335,41,380,462,43,114,1,-1,-1,-1
335,4,1062,398,191,614,1,-1,-1,-1
336,154,-1,441,155,355,1,-1,-1,-1
336,153,842,447,25,72,1,-1,-1,-1
336,151,559,460,21,55,1,-1,-1,-1
336,150,538,459,18,53,1,-1,-1,-1
336,149,546,458,21,58,1,-1,-1,-1
336,148,532,459,20,54,1,-1,-1,-1
336,146,1472,439,44,110,1,-1,-1,-1
336,145,1794,402,130,464,1,-1,-1,-1
336,144,236,403,161,420,1,-1,-1,-1
336,137,555,459,21,56,1,-1,-1,-1
336,135,594,459,19,54,1,-1,-1,-1
336,123,582,459,22,56,1,-1,-1,-1
336,119,412,461,46,110,1,-1,-1,-1
336,102,900,419,145,528,1,-1,-1,-1
336,92,577,459,23,56,1,-1,-1,-1
336,76,873,440,79,211,1,-1,-1,-1
336,64,489,452,34,112,1,-1,-1,-1
336,41,378,461,44,115,1,-1,-1,-1
336,4,1062,399,190,613,1,-1,-1,-1
337,155,631,460,24,63,1,-1,-1,-1
337,154,-3,441,159,349,1,-1,-1,-1
337,151,559,461,20,54,1,-1,-1,-1
337,150,538,459,17,53,1,-1,-1,-1
337,149,546,458,22,58,1,-1,-1,-1
337,148,529,459,20,54,1,-1,-1,-1
337,146,1475,439,45,111,1,-1,-1,-1
337,145,1804,384,121,476,1,-1,-1,-1
337,144,243,403,165,419,1,-1,-1,-1
337,137,555,459,20,56,1,-1,-1,-1
337,135,594,459,20,53,1,-1,-1,-1
337,123,581,460,22,55,1,-1,-1,-1
337,119,413,462,46,109,1,-1,-1,-1
337,102,901,418,145,529,1,-1,-1,-1
337,92,576,459,23,56,1,-1,-1,-1
337,76,874,440,79,211,1,-1,-1,-1
337,64,488,453,34,111,1,-1,-1,-1
337,41,377,461,45,115,1,-1,-1,-1
337,4,1062,399,190,613,1,-1,-1,-1
338,158,848,443,25,73,1,-1,-1,-1
338,157,1049,485,39,110,1,-1,-1,-1
338,155,630,460,24,64,1,-1,-1,-1
338,154,-4,443,161,346,1,-1,-1,-1
338,151,559,461,21,54,1,-1,-1,-1
338,150,538,458,18,54,1,-1,-1,-1
338,149,546,458,22,58,1,-1,-1,-1
338,148,531,458,20,54,1,-1,-1,-1
338,146,1477,437,47,112,1,-1,-1,-1
338,145,1820,374,108,486,1,-1,-1,-1
338,144,247,404,174,419,1,-1,-1,-1
338,137,555,459,20,55,1,-1,-1,-1
338,135,594,459,20,53,1,-1,-1,-1
338,123,580,460,22,55,1,-1,-1,-1
338,119,412,462,47,108,1,-1,-1,-1
338,102,901,419,146,528,1,-1,-1,-1
338,92,575,459,23,56,1,-1,-1,-1
338,76,875,438,79,211,1,-1,-1,-1
338,64,488,452,34,112,1,-1,-1,-1
338,41,377,461,46,115,1,-1,-1,-1
338,4,1062,400,190,612,1,-1,-1,-1
339,158,848,445,26,73,1,-1,-1,-1
339,157,1049,484,40,111,1,-1,-1,-1
339,155,630,461,23,63,1,-1,-1,-1
339,154,-4,444,162,342,1,-1,-1,-1
339,151,559,460,21,55,1,-1,-1,-1
339,150,538,458,18,54,1,-1,-1,-1
339,149,546,458,21,57,1,-1,-1,-1
339,148,530,459,20,53,1,-1,-1,-1
339,146,1479,437,49,111,1,-1,-1,-1
339,145,1842,387,88,489,1,-1,-1,-1
339,144,251,404,182,417,1,-1,-1,-1
339,137,554,459,20,55,1,-1,-1,-1
339,135,593,459,21,52,1,-1,-1,-1
339,123,581,458,22,56,1,-1,-1,-1
339,119,412,462,47,108,1,-1,-1,-1
339,102,901,420,145,527,1,-1,-1,-1
339,92,575,459,23,56,1,-1,-1,-1
339,64,488,452,33,113,1,-1,-1,-1
339,41,377,461,47,115,1,-1,-1,-1
339,4,1063,401,190,611,1,-1,-1,-1
340,158,849,447,26,73,1,-1,-1,-1
340,157,1049,485,39,111,1,-1,-1,-1
340,155,630,460,24,64,1,-1,-1,-1
340,154,-4,443,163,340,1,-1,-1,-1
340,151,558,460,21,54,1,-1,-1,-1
340,150,539,458,17,54,1,-1,-1,-1
340,149,546,458,22,57,1,-1,-1,-1
340,148,529,459,20,53,1,-1,-1,-1
340,146,1481,436,50,111,1,-1,-1,-1
340,145,1857,394,72,489,1,-1,-1,-1
340,144,251,406,192,415,1,-1,-1,-1
340,137,553,459,20,55,1,-1,-1,-1
340,135,594,459,20,52,1,-1,-1,-1
340,123,581,458,22,56,1,-1,-1,-1
340,119,412,462,47,108,1,-1,-1,-1
340,102,901,420,146,527,1,-1,-1,-1
340,92,575,459,23,56,1,-1,-1,-1
340,64,488,453,33,112,1,-1,-1,-1
340,4,1063,402,190,609,1,-1,-1,-1
341,158,850,445,27,72,1,-1,-1,-1
341,157,1050,483,39,112,1,-1,-1,-1
341,155,630,459,24,65,1,-1,-1,-1
341,154,-3,442,165,339,1,-1,-1,-1
341,151,558,459,20,55,1,-1,-1,-1
341,150,539,458,18,54,1,-1,-1,-1
341,149,546,458,21,58,1,-1,-1,-1
341,148,529,459,20,53,1,-1,-1,-1
341,146,1482,434,51,110,1,-1,-1,-1
341,144,251,407,198,414,1,-1,-1,-1
341,137,551,459,21,55,1,-1,-1,-1
341,135,594,459,20,52,1,-1,-1,-1
341,123,582,458,21,57,1,-1,-1,-1
341,119,412,462,47,107,1,-1,-1,-1
341,102,901,421,146,526,1,-1,-1,-1
341,92,576,459,22,56,1,-1,-1,-1
341,64,488,452,33,112,1,-1,-1,-1
341,4,1065,402,189,609,1,-1,-1,-1
342,158,852,445,26,72,1,-1,-1,-1
342,157,1049,483,40,112,1,-1,-1,-1
342,155,630,459,24,63,1,-1,-1,-1
342,154,-3,441,166,339,1,-1,-1,-1
342,151,558,459,20,55,1,-1,-1,-1
342,150,539,458,17,54,1,-1,-1,-1
342,149,546,458,21,58,1,-1,-1,-1
342,148,526,459,21,53,1,-1,-1,-1
342,146,1483,434,53,109,1,-1,-1,-1
342,144,252,409,203,411,1,-1,-1,-1
342,137,551,459,20,55,1,-1,-1,-1
342,123,582,458,21,57,1,-1,-1,-1
342,119,412,462,47,107,1,-1,-1,-1
342,102,901,422,146,526,1,-1,-1,-1
342,92,576,459,22,56,1,-1,-1,-1
342,64,488,452,33,113,1,-1,-1,-1
342,4,1067,403,189,608,1,-1,-1,-1
343,158,855,445,26,72,1,-1,-1,-1
343,157,1049,483,40,112,1,-1,-1,-1
343,155,630,459,24,63,1,-1,-1,-1
343,154,-3,440,167,341,1,-1,-1,-1
343,151,558,460,20,55,1,-1,-1,-1
343,150,538,458,18,54,1,-1,-1,-1
343,149,546,458,21,58,1,-1,-1,-1
343,148,526,458,21,53,1,-1,-1,-1
343,146,1486,435,53,111,1,-1,-1,-1
343,144,254,409,206,410,1,-1,-1,-1
343,137,551,459,21,55,1,-1,-1,-1
343,123,580,460,22,56,1,-1,-1,-1
343,119,412,462,47,107,1,-1,-1,-1
343,102,902,422,145,526,1,-1,-1,-1
343,64,487,452,33,112,1,-1,-1,-1
343,4,1068,403,190,609,1,-1,-1,-1
344,158,856,444,26,73,1,-1,-1,-1
344,157,1049,483,40,113,1,-1,-1,-1
344,155,630,460,24,63,1,-1,-1,-1
344,154,-1,440,167,342,1,-1,-1,-1
344,151,557,461,21,55,1,-1,-1,-1
344,150,537,458,18,54,1,-1,-1,-1
344,149,547,459,21,57,1,-1,-1,-1
344,148,524,459,21,53,1,-1,-1,-1
344,146,1488,436,53,111,1,-1,-1,-1
344,144,255,408,210,410,1,-1,-1,-1
344,137,552,459,21,56,1,-1,-1,-1
344,123,581,459,22,57,1,-1,-1,-1
344,119,411,462,48,107,1,-1,-1,-1
344,102,902,423,145,525,1,-1,-1,-1
344,64,487,452,34,112,1,-1,-1,-1
344,4,1068,403,192,609,1,-1,-1,-1
345,158,857,443,26,74,1,-1,-1,-1
345,157,1050,482,39,114,1,-1,-1,-1
345,155,631,460,24,63,1,-1,-1,-1
345,154,7,439,164,342,1,-1,-1,-1
345,151,557,461,21,54,1,-1,-1,-1
345,150,538,458,18,54,1,-1,-1,-1
345,149,547,459,21,57,1,-1,-1,-1
345,148,525,458,21,54,1,-1,-1,-1
345,146,1491,436,52,112,1,-1,-1,-1
345,144,259,407,209,410,1,-1,-1,-1
345,137,551,459,21,56,1,-1,-1,-1
345,123,581,460,21,56,1,-1,-1,-1
345,119,412,460,47,108,1,-1,-1,-1
345,102,902,423,145,524,1,-1,-1,-1
345,64,486,452,34,112,1,-1,-1,-1
345,4,1069,404,193,608,1,-1,-1,-1
346,158,859,442,27,74,1,-1,-1,-1
346,157,1049,484,40,114,1,-1,-1,-1
346,155,631,460,24,63,1,-1,-1,-1
346,154,22,439,160,342,1,-1,-1,-1
346,151,557,460,20,55,1,-1,-1,-1
346,150,539,458,19,55,1,-1,-1,-1
346,148,526,458,21,54,1,-1,-1,-1
346,146,1495,436,52,111,1,-1,-1,-1
346,144,266,408,204,406,1,-1,-1,-1
346,137,550,459,21,55,1,-1,-1,-1
346,123,580,460,22,55,1,-1,-1,-1
346,102,902,423,145,524,1,-1,-1,-1
346,92,576,460,22,55,1,-1,-1,-1
346,64,487,452,33,112,1,-1,-1,-1
346,4,1070,403,194,610,1,-1,-1,-1
347,158,861,442,26,75,1,-1,-1,-1
347,157,1049,485,40,113,1,-1,-1,-1
347,155,631,460,24,64,1,-1,-1,-1
347,154,37,438,155,342,1,-1,-1,-1
347,151,556,460,20,55,1,-1,-1,-1
347,150,539,457,19,56,1,-1,-1,-1
347,148,524,458,22,54,1,-1,-1,-1
347,146,1497,437,51,111,1,-1,-1,-1
347,144,274,408,198,403,1,-1,-1,-1
347,137,550,459,20,55,1,-1,-1,-1
347,135,592,460,21,52,1,-1,-1,-1
347,123,581,461,22,54,1,-1,-1,-1
347,102,903,423,145,524,1,-1,-1,-1
347,92,576,460,23,55,1,-1,-1,-1
347,64,487,452,33,112,1,-1,-1,-1
347,4,1070,403,196,610,1,-1,-1,-1
348,158,863,444,26,75,1,-1,-1,-1
348,157,1048,486,40,112,1,-1,-1,-1
348,155,630,461,24,64,1,-1,-1,-1
348,154,49,439,147,340,1,-1,-1,-1
348,151,556,460,20,55,1,-1,-1,-1
348,150,538,457,20,56,1,-1,-1,-1
348,148,523,458,23,54,1,-1,-1,-1
348,146,1500,437,49,111,1,-1,-1,-1
348,144,287,407,187,402,1,-1,-1,-1
348,137,550,459,21,56,1,-1,-1,-1
348,135,592,460,21,52,1,-1,-1,-1
348,123,582,460,22,54,1,-1,-1,-1
348,102,904,423,145,523,1,-1,-1,-1
348,92,576,460,22,54,1,-1,-1,-1
348,64,487,453,33,111,1,-1,-1,-1
348,4,1070,402,197,610,1,-1,-1,-1
349,160,0,429,39,431,1,-1,-1,-1
349,158,863,444,27,75,1,-1,-1,-1
349,157,1048,484,39,113,1,-1,-1,-1
349,155,630,461,24,65,1,-1,-1,-1
349,154,59,441,145,338,1,-1,-1,-1
349,151,556,460,20,55,1,-1,-1,-1
349,150,538,457,20,56,1,-1,-1,-1
349,148,523,458,23,55,1,-1,-1,-1
349,146,1503,438,47,110,1,-1,-1,-1
349,144,301,406,176,401,1,-1,-1,-1
349,137,551,459,21,56,1,-1,-1,-1
349,135,592,460,21,52,1,-1,-1,-1
349,123,583,460,22,54,1,-1,-1,-1
349,102,904,423,145,523,1,-1,-1,-1
349,92,577,460,22,54,1,-1,-1,-1
349,64,487,453,33,112,1,-1,-1,-1
349,4,1070,401,198,611,1,-1,-1,-1
350,160,1,424,49,433,1,-1,-1,-1
350,155,630,461,24,65,1,-1,-1,-1
350,154,69,440,149,338,1,-1,-1,-1
350,151,557,460,20,55,1,-1,-1,-1
350,150,538,457,19,56,1,-1,-1,-1
350,148,523,458,23,55,1,-1,-1,-1
350,146,1508,438,44,110,1,-1,-1,-1
350,144,320,405,162,400,1,-1,-1,-1
350,137,552,459,22,56,1,-1,-1,-1
350,135,592,459,21,52,1,-1,-1,-1
350,123,584,460,22,53,1,-1,-1,-1
350,102,905,422,145,524,1,-1,-1,-1
350,92,578,460,22,54,1,-1,-1,-1
350,64,486,453,34,112,1,-1,-1,-1
350,4,1069,399,199,613,1,-1,-1,-1
351,161,870,446,26,79,1,-1,-1,-1
351,160,1,429,60,427,1,-1,-1,-1
351,155,629,461,24,64,1,-1,-1,-1
351,154,80,439,154,339,1,-1,-1,-1
351,151,557,460,20,55,1,-1,-1,-1
351,146,1511,437,43,110,1,-1,-1,-1
351,144,337,404,147,399,1,-1,-1,-1
351,137,552,459,22,56,1,-1,-1,-1
351,135,592,460,21,51,1,-1,-1,-1
351,123,584,461,22,52,1,-1,-1,-1
351,102,906,422,146,524,1,-1,-1,-1
351,92,579,460,21,53,1,-1,-1,-1
351,64,486,453,34,112,1,-1,-1,-1
351,4,1066,400,202,612,1,-1,-1,-1
352,161,872,446,26,79,1,-1,-1,-1
352,160,1,430,70,423,1,-1,-1,-1
352,155,629,461,24,63,1,-1,-1,-1
352,154,86,438,163,339,1,-1,-1,-1
352,151,557,459,20,55,1,-1,-1,-1
352,146,1515,438,42,110,1,-1,-1,-1
352,144,352,404,135,398,1,-1,-1,-1
352,137,552,459,21,55,1,-1,-1,-1
352,135,592,460,20,52,1,-1,-1,-1
352,123,584,461,22,52,1,-1,-1,-1
352,102,908,422,146,523,1,-1,-1,-1
352,92,580,460,21,53,1,-1,-1,-1
352,64,486,453,34,111,1,-1,-1,-1
352,4,1066,399,202,613,1,-1,-1,-1
353,163,625,461,23,61,1,-1,-1,-1
353,161,873,447,26,78,1,-1,-1,-1
353,160,1,440,81,414,1,-1,-1,-1
353,155,630,461,23,62,1,-1,-1,-1
353,154,90,437,172,339,1,-1,-1,-1
353,151,557,459,21,56,1,-1,-1,-1
353,146,1519,437,42,111,1,-1,-1,-1
353,144,364,404,125,397,1,-1,-1,-1
353,137,553,459,21,56,1,-1,-1,-1
353,135,592,460,20,52,1,-1,-1,-1
353,123,583,461,22,53,1,-1,-1,-1
353,102,910,422,146,523,1,-1,-1,-1
353,92,579,460,21,54,1,-1,-1,-1
353,64,484,454,35,110,1,-1,-1,-1
353,4,1066,398,203,614,1,-1,-1,-1
354,163,625,460,23,62,1,-1,-1,-1
354,162,548,458,21,58,1,-1,-1,-1
354,161,874,447,27,80,1,-1,-1,-1
354,160,1,446,93,408,1,-1,-1,-1
354,155,630,460,23,63,1,-1,-1,-1
354,154,93,438,182,338,1,-1,-1,-1
354,150,536,458,19,57,1,-1,-1,-1
354,148,523,459,24,56,1,-1,-1,-1
354,146,1521,435,42,112,1,-1,-1,-1
354,144,376,405,120,395,1,-1,-1,-1
354,137,554,459,21,56,1,-1,-1,-1
354,135,591,460,21,52,1,-1,-1,-1
354,123,583,461,23,53,1,-1,-1,-1
354,102,912,422,145,522,1,-1,-1,-1
354,92,580,460,21,54,1,-1,-1,-1
354,64,485,454,34,108,1,-1,-1,-1
354,4,1067,399,202,614,1,-1,-1,-1
355,162,548,458,21,58,1,-1,-1,-1
355,161,874,447,27,81,1,-1,-1,-1
355,160,2,449,108,404,1,-1,-1,-1
355,155,629,459,24,63,1,-1,-1,-1
355,154,95,438,189,338,1,-1,-1,-1
355,150,535,458,20,57,1,-1,-1,-1
355,148,523,459,23,56,1,-1,-1,-1
355,146,1524,434,42,112,1,-1,-1,-1
355,144,385,403,121,395,1,-1,-1,-1
355,137,554,459,21,56,1,-1,-1,-1
355,135,591,460,21,52,1,-1,-1,-1
355,123,583,461,23,53,1,-1,-1,-1
355,102,914,422,144,522,1,-1,-1,-1
355,92,580,460,21,54,1,-1,-1,-1
355,64,484,453,35,108,1,-1,-1,-1
355,4,1067,398,202,615,1,-1,-1,-1
356,162,548,458,21,58,1,-1,-1,-1
356,161,875,446,27,82,1,-1,-1,-1
356,160,6,449,129,403,1,-1,-1,-1
356,155,629,459,24,63,1,-1,-1,-1
356,154,98,437,193,337,1,-1,-1,-1
356,150,532,458,21,58,1,-1,-1,-1
356,148,522,459,23,56,1,-1,-1,-1
356,146,1525,434,44,113,1,-1,-1,-1
356,144,393,402,126,394,1,-1,-1,-1
356,137,554,459,21,56,1,-1,-1,-1
356,135,591,460,21,52,1,-1,-1,-1
356,123,583,461,23,53,1,-1,-1,-1
356,102,916,421,143,521,1,-1,-1,-1
356,92,579,460,22,54,1,-1,-1,-1
356,4,1068,398,202,615,1,-1,-1,-1
357,161,877,444,28,82,1,-1,-1,-1
357,160,6,449,152,403,1,-1,-1,-1
357,155,628,459,24,65,1,-1,-1,-1
357,154,103,438,195,337,1,-1,-1,-1
357,150,532,458,22,57,1,-1,-1,-1
357,148,522,459,23,56,1,-1,-1,-1
357,146,1527,434,44,113,1,-1,-1,-1
357,144,399,403,135,393,1,-1,-1,-1
357,137,554,459,21,56,1,-1,-1,-1
357,135,592,459,21,53,1,-1,-1,-1
357,123,583,460,23,54,1,-1,-1,-1
357,102,919,422,141,520,1,-1,-1,-1
357,92,579,460,21,54,1,-1,-1,-1
357,4,1069,398,201,614,1,-1,-1,-1
358,161,879,442,27,82,1,-1,-1,-1
358,160,7,451,176,403,1,-1,-1,-1
358,155,627,459,24,65,1,-1,-1,-1
358,154,111,438,190,337,1,-1,-1,-1
358,151,558,458,21,57,1,-1,-1,-1
358,150,534,458,22,57,1,-1,-1,-1
358,148,524,459,22,56,1,-1,-1,-1
358,146,1530,433,44,113,1,-1,-1,-1
358,144,403,402,144,393,1,-1,-1,-1
358,137,555,458,21,57,1,-1,-1,-1
358,135,592,459,21,53,1,-1,-1,-1
358,123,583,460,23,54,1,-1,-1,-1
358,102,921,421,139,520,1,-1,-1,-1
358,92,578,460,22,54,1,-1,-1,-1
358,4,1068,398,203,615,1,-1,-1,-1
359,161,879,441,28,82,1,-1,-1,-1
359,160,5,452,195,402,1,-1,-1,-1
359,155,627,458,25,66,1,-1,-1,-1
359,154,118,438,186,333,1,-1,-1,-1
359,151,558,459,21,57,1,-1,-1,-1
359,150,537,458,22,57,1,-1,-1,-1
359,146,1532,433,45,112,1,-1,-1,-1
359,144,406,403,156,392,1,-1,-1,-1
359,137,553,458,21,57,1,-1,-1,-1
359,135,592,459,21,53,1,-1,-1,-1
359,123,583,460,22,54,1,-1,-1,-1
359,102,922,422,140,520,1,-1,-1,-1
359,92,576,460,22,54,1,-1,-1,-1
359,4,1068,398,203,615,1,-1,-1,-1
360,161,879,442,27,81,1,-1,-1,-1
360,160,2,452,207,401,1,-1,-1,-1
360,155,627,458,25,67,1,-1,-1,-1
360,154,128,437,179,331,1,-1,-1,-1
360,151,558,458,21,57,1,-1,-1,-1
360,146,1536,434,44,112,1,-1,-1,-1
360,144,405,404,166,392,1,-1,-1,-1
360,135,592,459,21,53,1,-1,-1,-1
360,123,583,460,23,54,1,-1,-1,-1
360,102,925,422,140,521,1,-1,-1,-1
360,92,576,459,22,55,1,-1,-1,-1
360,4,1068,398,204,615,1,-1,-1,-1
361,161,878,442,28,81,1,-1,-1,-1
361,160,0,452,218,401,1,-1,-1,-1
361,155,627,459,25,67,1,-1,-1,-1
361,154,138,438,171,329,1,-1,-1,-1
361,151,558,458,21,57,1,-1,-1,-1
361,146,1538,435,45,113,1,-1,-1,-1
361,144,403,406,176,391,1,-1,-1,-1
361,135,592,459,21,53,1,-1,-1,-1
361,123,582,460,22,54,1,-1,-1,-1
361,102,927,421,141,520,1,-1,-1,-1
361,92,574,460,22,54,1,-1,-1,-1
361,4,1068,398,204,615,1,-1,-1,-1
362,166,376,457,48,115,1,-1,-1,-1
362,162,548,458,21,56,1,-1,-1,-1
362,161,879,442,27,81,1,-1,-1,-1
362,160,-1,450,226,403,1,-1,-1,-1
362,155,628,459,25,67,1,-1,-1,-1
362,154,151,438,162,329,1,-1,-1,-1
362,146,1542,434,44,113,1,-1,-1,-1
362,144,403,407,184,390,1,-1,-1,-1
362,135,592,459,21,53,1,-1,-1,-1
362,123,582,459,22,55,1,-1,-1,-1
362,102,929,420,141,518,1,-1,-1,-1
362,92,574,459,23,55,1,-1,-1,-1
362,4,1067,398,206,615,1,-1,-1,-1
363,166,376,459,47,111,1,-1,-1,-1
363,162,549,458,20,56,1,-1,-1,-1
363,161,879,442,27,80,1,-1,-1,-1
363,160,-3,449,233,403,1,-1,-1,-1
363,154,165,438,150,328,1,-1,-1,-1
363,146,1542,434,45,114,1,-1,-1,-1
363,144,402,407,190,389,1,-1,-1,-1
363,135,592,459,22,53,1,-1,-1,-1
363,123,581,459,22,54,1,-1,-1,-1
363,102,929,419,142,516,1,-1,-1,-1
363,92,574,459,22,55,1,-1,-1,-1
363,4,1067,398,206,614,1,-1,-1,-1
364,166,375,461,48,112,1,-1,-1,-1
364,162,548,458,20,57,1,-1,-1,-1
364,161,880,442,27,80,1,-1,-1,-1
364,160,-3,448,238,404,1,-1,-1,-1
364,154,183,438,138,328,1,-1,-1,-1
364,146,1544,434,43,113,1,-1,-1,-1
364,144,401,408,193,387,1,-1,-1,-1
364,137,555,457,21,58,1,-1,-1,-1
364,135,592,459,21,54,1,-1,-1,-1
364,123,582,459,21,55,1,-1,-1,-1
364,102,930,418,144,516,1,-1,-1,-1
364,92,573,459,22,55,1,-1,-1,-1
364,4,1067,398,208,615,1,-1,-1,-1
365,166,375,462,49,112,1,-1,-1,-1
365,162,547,458,21,57,1,-1,-1,-1
365,161,882,442,27,80,1,-1,-1,-1
365,160,0,446,241,404,1,-1,-1,-1
365,154,197,439,129,326,1,-1,-1,-1
365,146,1546,432,43,114,1,-1,-1,-1
365,144,401,409,197,385,1,-1,-1,-1
365,137,555,458,21,58,1,-1,-1,-1
365,135,592,459,21,54,1,-1,-1,-1
365,123,582,459,21,55,1,-1,-1,-1
365,102,931,418,144,515,1,-1,-1,-1
365,92,572,459,23,55,1,-1,-1,-1
365,4,1067,399,209,614,1,-1,-1,-1
366,166,375,462,49,112,1,-1,-1,-1
366,161,883,443,27,80,1,-1,-1,-1
366,160,8,442,236,403,1,-1,-1,-1
366,155,629,458,25,67,1,-1,-1,-1
366,154,210,439,122,326,1,-1,-1,-1
366,146,1547,431,43,114,1,-1,-1,-1
366,144,403,408,198,382,1,-1,-1,-1
366,135,593,459,20,54,1,-1,-1,-1
366,123,582,459,21,55,1,-1,-1,-1
366,102,932,420,145,515,1,-1,-1,-1
366,92,572,460,23,55,1,-1,-1,-1
366,4,1067,400,209,613,1,-1,-1,-1
367,166,375,463,49,112,1,-1,-1,-1
367,161,883,443,28,80,1,-1,-1,-1
367,160,21,440,225,398,1,-1,-1,-1
367,155,628,458,26,67,1,-1,-1,-1
367,154,221,438,117,325,1,-1,-1,-1
367,146,1547,432,43,112,1,-1,-1,-1
367,144,406,408,199,381,1,-1,-1,-1
367,135,594,460,20,53,1,-1,-1,-1
367,123,582,460,22,54,1,-1,-1,-1
367,102,933,420,145,516,1,-1,-1,-1
367,92,573,460,23,55,1,-1,-1,-1
367,4,1067,399,209,613,1,-1,-1,-1
368,167,599,459,20,53,1,-1,-1,-1
368,166,375,463,49,113,1,-1,-1,-1
368,161,883,443,28,81,1,-1,-1,-1
368,160,41,440,209,395,1,-1,-1,-1
368,155,628,457,26,68,1,-1,-1,-1
368,154,232,437,118,325,1,-1,-1,-1
368,146,1548,431,42,113,1,-1,-1,-1
368,144,409,407,198,380,1,-1,-1,-1
368,135,595,459,19,54,1,-1,-1,-1
368,102,935,420,144,516,1,-1,-1,-1
368,92,574,460,23,55,1,-1,-1,-1
368,4,1066,399,211,613,1,-1,-1,-1
369,166,374,463,49,113,1,-1,-1,-1
369,161,883,443,28,81,1,-1,-1,-1
369,160,63,440,193,390,1,-1,-1,-1
369,155,628,457,26,68,1,-1,-1,-1
369,154,240,435,124,325,1,-1,-1,-1
369,146,1547,432,43,113,1,-1,-1,-1
369,144,414,407,194,378,1,-1,-1,-1
369,135,595,460,19,54,1,-1,-1,-1
369,102,936,420,144,517,1,-1,-1,-1
369,92,573,460,22,55,1,-1,-1,-1
369,4,1067,399,210,612,1,-1,-1,-1
370,168,412,465,39,106,1,-1,-1,-1
370,166,374,464,49,113,1,-1,-1,-1
370,161,883,443,28,80,1,-1,-1,-1
370,160,89,439,174,387,1,-1,-1,-1
370,155,628,457,26,68,1,-1,-1,-1
370,154,245,436,132,324,1,-1,-1,-1
370,146,1548,432,43,113,1,-1,-1,-1
370,144,418,408,190,376,1,-1,-1,-1
370,135,594,460,20,53,1,-1,-1,-1
370,102,937,419,143,517,1,-1,-1,-1
370,92,573,461,22,54,1,-1,-1,-1
370,4,1067,399,211,612,1,-1,-1,-1
371,168,412,466,39,106,1,-1,-1,-1
371,166,374,465,48,111,1,-1,-1,-1
371,161,883,442,28,80,1,-1,-1,-1
371,160,109,440,161,384,1,-1,-1,-1
371,155,628,456,26,69,1,-1,-1,-1
371,154,249,438,140,322,1,-1,-1,-1
371,146,1550,432,43,114,1,-1,-1,-1
371,144,427,408,183,375,1,-1,-1,-1
371,135,594,461,19,53,1,-1,-1,-1
371,102,939,419,141,517,1,-1,-1,-1
371,92,573,462,22,54,1,-1,-1,-1
371,4,1067,399,212,613,1,-1,-1,-1
372,169,0,442,49,370,1,-1,-1,-1
372,168,412,466,40,106,1,-1,-1,-1
372,166,374,465,48,111,1,-1,-1,-1
372,161,882,442,28,79,1,-1,-1,-1
372,160,125,440,152,382,1,-1,-1,-1
372,155,628,456,26,69,1,-1,-1,-1
372,154,252,440,146,321,1,-1,-1,-1
372,146,1552,435,42,112,1,-1,-1,-1
372,144,438,407,175,375,1,-1,-1,-1
372,102,943,419,139,517,1,-1,-1,-1
372,4,1066,398,214,614,1,-1,-1,-1
373,169,0,446,51,367,1,-1,-1,-1
373,168,412,468,41,105,1,-1,-1,-1
373,166,374,465,48,112,1,-1,-1,-1
373,161,881,442,28,78,1,-1,-1,-1
373,160,141,440,150,381,1,-1,-1,-1
373,155,629,455,26,68,1,-1,-1,-1
373,154,253,436,153,321,1,-1,-1,-1
373,146,1556,436,41,111,1,-1,-1,-1
373,144,454,406,164,374,1,-1,-1,-1
373,102,947,420,137,517,1,-1,-1,-1
373,4,1067,399,215,613,1,-1,-1,-1
374,169,0,443,57,370,1,-1,-1,-1
374,168,412,467,42,105,1,-1,-1,-1
374,166,374,465,49,112,1,-1,-1,-1
374,160,152,438,156,379,1,-1,-1,-1
374,155,628,455,26,67,1,-1,-1,-1
374,154,253,436,160,318,1,-1,-1,-1
374,146,1558,437,40,110,1,-1,-1,-1
374,144,471,407,154,371,1,-1,-1,-1
374,102,951,420,135,517,1,-1,-1,-1
374,4,1068,399,216,614,1,-1,-1,-1
375,169,0,444,61,373,1,-1,-1,-1
375,168,411,467,43,105,1,-1,-1,-1
375,166,374,464,49,113,1,-1,-1,-1
375,160,160,439,165,378,1,-1,-1,-1
375,155,628,457,26,67,1,-1,-1,-1
375,154,257,435,165,316,1,-1,-1,-1
375,146,1560,437,40,109,1,-1,-1,-1
375,144,486,406,144,369,1,-1,-1,-1
375,102,954,419,134,518,1,-1,-1,-1
375,4,1070,399,216,613,1,-1,-1,-1
376,169,2,445,73,370,1,-1,-1,-1
376,168,411,467,43,105,1,-1,-1,-1
376,166,374,464,50,114,1,-1,-1,-1
376,160,163,441,175,376,1,-1,-1,-1
376,154,260,434,167,314,1,-1,-1,-1
376,146,1560,438,40,108,1,-1,-1,-1
376,144,498,405,138,366,1,-1,-1,-1
376,102,956,419,134,518,1,-1,-1,-1
376,4,1071,399,216,613,1,-1,-1,-1
377,173,473,456,31,93,1,-1,-1,-1
377,169,4,440,92,371,1,-1,-1,-1
377,168,411,467,44,105,1,-1,-1,-1
377,166,374,464,50,113,1,-1,-1,-1
377,160,164,441,184,376,1,-1,-1,-1
377,154,267,435,166,312,1,-1,-1,-1
377,146,1560,437,39,108,1,-1,-1,-1
377,144,509,406,134,364,1,-1,-1,-1
377,102,958,420,134,517,1,-1,-1,-1
377,4,1071,399,217,612,1,-1,-1,-1
378,173,473,455,33,101,1,-1,-1,-1
378,169,7,434,115,375,1,-1,-1,-1
378,168,411,466,44,105,1,-1,-1,-1
378,160,165,440,191,376,1,-1,-1,-1
378,154,270,435,164,312,1,-1,-1,-1
378,144,518,407,132,364,1,-1,-1,-1
378,102,960,420,134,518,1,-1,-1,-1
378,4,1072,399,217,612,1,-1,-1,-1
379,173,473,455,33,106,1,-1,-1,-1
379,169,6,432,137,377,1,-1,-1,-1
379,168,411,466,45,105,1,-1,-1,-1
379,161,882,440,29,79,1,-1,-1,-1
379,160,162,443,199,375,1,-1,-1,-1
379,154,285,437,154,307,1,-1,-1,-1
379,144,524,408,130,362,1,-1,-1,-1
379,102,962,420,134,518,1,-1,-1,-1
379,4,1072,402,218,610,1,-1,-1,-1
380,173,472,456,34,106,1,-1,-1,-1
380,169,4,435,154,375,1,-1,-1,-1
380,168,412,465,45,105,1,-1,-1,-1
380,161,882,440,30,79,1,-1,-1,-1
380,160,164,443,205,374,1,-1,-1,-1
380,154,299,439,143,305,1,-1,-1,-1
380,144,531,407,130,363,1,-1,-1,-1
380,102,965,419,134,519,1,-1,-1,-1
380,4,1072,403,219,608,1,-1,-1,-1
381,173,472,456,34,108,1,-1,-1,-1
381,169,2,436,167,374,1,-1,-1,-1
381,168,412,465,45,104,1,-1,-1,-1
381,161,883,440,29,80,1,-1,-1,-1
381,160,165,442,210,373,1,-1,-1,-1
381,154,314,439,133,304,1,-1,-1,-1
381,144,538,406,130,363,1,-1,-1,-1
381,102,966,420,136,518,1,-1,-1,-1
381,4,1073,403,220,607,1,-1,-1,-1
382,173,474,454,34,110,1,-1,-1,-1
382,169,0,435,179,374,1,-1,-1,-1
382,168,412,465,46,103,1,-1,-1,-1
382,161,885,440,28,78,1,-1,-1,-1
382,160,173,443,209,369,1,-1,-1,-1
382,154,328,441,123,302,1,-1,-1,-1
382,144,543,404,131,363,1,-1,-1,-1
382,102,968,419,136,519,1,-1,-1,-1
382,4,1074,403,220,607,1,-1,-1,-1
383,173,473,453,33,111,1,-1,-1,-1
383,169,0,434,192,374,1,-1,-1,-1
383,161,885,440,28,77,1,-1,-1,-1
383,160,184,443,202,367,1,-1,-1,-1
383,154,339,444,116,300,1,-1,-1,-1
383,144,545,404,132,363,1,-1,-1,-1
383,102,969,419,136,519,1,-1,-1,-1
383,4,1075,403,220,607,1,-1,-1,-1
384,176,492,455,27,81,1,-1,-1,-1
384,175,707,449,28,75,1,-1,-1,-1
384,173,473,452,33,112,1,-1,-1,-1
384,169,0,434,200,374,1,-1,-1,-1
384,161,885,440,27,77,1,-1,-1,-1
384,160,194,442,192,365,1,-1,-1,-1
384,154,349,443,111,300,1,-1,-1,-1
384,144,547,406,136,361,1,-1,-1,-1
384,102,971,419,136,519,1,-1,-1,-1
384,4,1076,400,221,610,1,-1,-1,-1
385,176,492,456,27,77,1,-1,-1,-1
385,175,707,449,28,75,1,-1,-1,-1
385,173,472,452,33,112,1,-1,-1,-1
385,169,-2,433,208,374,1,-1,-1,-1
385,161,885,440,27,76,1,-1,-1,-1
385,160,208,441,179,364,1,-1,-1,-1
385,154,359,443,107,299,1,-1,-1,-1
385,144,548,407,139,360,1,-1,-1,-1
385,102,973,418,135,519,1,-1,-1,-1
385,4,1076,398,221,612,1,-1,-1,-1
386,176,493,457,26,75,1,-1,-1,-1
386,175,707,450,28,74,1,-1,-1,-1
386,173,471,452,33,111,1,-1,-1,-1
386,169,-3,434,212,373,1,-1,-1,-1
386,161,885,440,26,75,1,-1,-1,-1
386,160,225,442,164,362,1,-1,-1,-1
386,154,368,443,111,297,1,-1,-1,-1
386,144,549,408,141,358,1,-1,-1,-1
386,102,974,418,134,518,1,-1,-1,-1
386,4,1076,397,222,613,1,-1,-1,-1
387,177,938,433,68,192,1,-1,-1,-1
387,176,493,457,27,73,1,-1,-1,-1
387,175,707,450,28,75,1,-1,-1,-1
387,173,471,453,32,110,1,-1,-1,-1
387,169,-2,434,215,372,1,-1,-1,-1
387,161,884,440,26,74,1,-1,-1,-1
387,160,246,440,147,361,1,-1,-1,-1
387,154,374,442,121,298,1,-1,-1,-1
387,144,550,410,142,356,1,-1,-1,-1
387,102,974,419,134,517,1,-1,-1,-1
387,4,1076,395,223,616,1,-1,-1,-1
388,178,522,457,26,67,1,-1,-1,-1
388,177,936,432,65,188,1,-1,-1,-1
388,176,494,458,26,72,1,-1,-1,-1
388,175,708,450,27,75,1,-1,-1,-1
388,169,6,434,213,371,1,-1,-1,-1
388,161,885,439,26,75,1,-1,-1,-1
388,160,262,440,135,359,1,-1,-1,-1
388,154,378,442,133,298,1,-1,-1,-1
388,144,551,410,143,355,1,-1,-1,-1
388,102,974,421,134,516,1,-1,-1,-1
388,4,1076,395,225,615,1,-1,-1,-1
389,178,524,456,26,66,1,-1,-1,-1
389,177,933,431,62,186,1,-1,-1,-1
389,176,493,458,27,70,1,-1,-1,-1
389,175,708,450,27,74,1,-1,-1,-1
389,169,16,431,210,370,1,-1,-1,-1
389,161,885,439,26,75,1,-1,-1,-1
389,160,276,441,127,358,1,-1,-1,-1
389,154,378,442,144,298,1,-1,-1,-1
389,144,553,411,142,354,1,-1,-1,-1
389,102,974,421,134,517,1,-1,-1,-1
389,4,1075,394,227,616,1,-1,-1,-1
390,178,523,455,25,65,1,-1,-1,-1
390,177,930,430,61,184,1,-1,-1,-1
390,176,493,458,27,69,1,-1,-1,-1
390,175,708,449,26,74,1,-1,-1,-1
390,169,28,432,205,367,1,-1,-1,-1
390,161,885,439,26,75,1,-1,-1,-1
390,160,284,442,122,356,1,-1,-1,-1
390,154,377,442,154,299,1,-1,-1,-1
390,144,559,411,138,352,1,-1,-1,-1
390,102,974,421,134,515,1,-1,-1,-1
390,4,1075,393,229,617,1,-1,-1,-1
391,178,523,455,25,65,1,-1,-1,-1
391,177,928,431,59,181,1,-1,-1,-1
391,176,492,459,28,68,1,-1,-1,-1
391,175,709,449,26,73,1,-1,-1,-1
391,169,42,432,195,367,1,-1,-1,-1
391,161,885,439,26,74,1,-1,-1,-1
391,160,299,444,119,354,1,-1,-1,-1
391,154,375,441,160,296,1,-1,-1,-1
391,144,565,409,134,351,1,-1,-1,-1
391,102,975,422,133,515,1,-1,-1,-1
391,4,1074,393,232,617,1,-1,-1,-1
392,180,555,454,22,61,1,-1,-1,-1
392,178,523,455,25,65,1,-1,-1,-1
392,177,926,432,60,182,1,-1,-1,-1
392,175,709,449,26,71,1,-1,-1,-1
392,169,55,432,190,367,1,-1,-1,-1
392,161,884,439,26,74,1,-1,-1,-1
392,160,310,444,120,354,1,-1,-1,-1
392,154,377,442,165,295,1,-1,-1,-1
392,144,574,410,127,350,1,-1,-1,-1
392,102,975,423,133,515,1,-1,-1,-1
392,4,1073,393,233,617,1,-1,-1,-1
393,180,554,454,22,61,1,-1,-1,-1
393,178,523,454,25,65,1,-1,-1,-1
393,177,924,435,60,181,1,-1,-1,-1
393,175,709,448,26,71,1,-1,-1,-1
393,169,64,430,185,366,1,-1,-1,-1
393,161,884,439,26,73,1,-1,-1,-1
393,160,316,444,127,353,1,-1,-1,-1
393,154,382,442,166,293,1,-1,-1,-1
393,144,583,408,122,349,1,-1,-1,-1
393,102,976,422,133,514,1,-1,-1,-1
393,4,1073,393,233,617,1,-1,-1,-1
394,181,544,454,23,61,1,-1,-1,-1
394,180,554,455,21,59,1,-1,-1,-1
394,178,523,455,25,64,1,-1,-1,-1
394,177,920,436,60,180,1,-1,-1,-1
394,175,710,449,25,70,1,-1,-1,-1
394,169,71,431,182,365,1,-1,-1,-1
394,161,885,439,25,73,1,-1,-1,-1
394,160,318,444,134,352,1,-1,-1,-1
394,154,391,442,162,292,1,-1,-1,-1
394,144,592,408,117,347,1,-1,-1,-1
394,102,976,422,134,513,1,-1,-1,-1
394,4,1074,394,230,616,1,-1,-1,-1
395,183,528,457,25,65,1,-1,-1,-1
395,182,540,455,24,66,1,-1,-1,-1
395,181,544,456,23,61,1,-1,-1,-1
395,180,553,456,22,59,1,-1,-1,-1
395,178,523,457,25,64,1,-1,-1,-1
395,177,917,437,59,178,1,-1,-1,-1
395,175,709,449,26,69,1,-1,-1,-1
395,169,79,432,181,363,1,-1,-1,-1
395,161,886,439,25,74,1,-1,-1,-1
395,160,321,445,141,351,1,-1,-1,-1
395,154,398,442,157,293,1,-1,-1,-1
395,144,600,408,112,345,1,-1,-1,-1
395,102,976,422,134,513,1,-1,-1,-1
395,4,1075,394,228,616,1,-1,-1,-1
396,183,531,458,24,64,1,-1,-1,-1
396,182,541,456,24,66,1,-1,-1,-1
396,181,545,457,22,61,1,-1,-1,-1
396,180,554,457,21,59,1,-1,-1,-1
396,178,523,457,24,64,1,-1,-1,-1
396,177,914,438,58,175,1,-1,-1,-1
396,169,90,434,180,361,1,-1,-1,-1
396,161,884,440,26,74,1,-1,-1,-1
396,160,321,446,150,350,1,-1,-1,-1
396,154,405,442,153,293,1,-1,-1,-1
396,144,607,408,109,344,1,-1,-1,-1
396,102,976,422,133,513,1,-1,-1,-1
396,4,1074,395,227,615,1,-1,-1,-1
397,183,532,458,24,64,1,-1,-1,-1
397,182,542,455,23,66,1,-1,-1,-1
397,181,545,456,23,61,1,-1,-1,-1
397,180,555,457,22,58,1,-1,-1,-1
397,178,523,457,23,65,1,-1,-1,-1
397,177,912,439,57,174,1,-1,-1,-1
397,169,103,435,182,360,1,-1,-1,-1
397,160,323,444,158,351,1,-1,-1,-1
397,154,410,440,148,293,1,-1,-1,-1
397,144,613,408,107,343,1,-1,-1,-1
397,102,977,423,133,511,1,-1,-1,-1
397,4,1074,396,226,615,1,-1,-1,-1
398,182,543,457,23,63,1,-1,-1,-1
398,177,909,439,56,172,1,-1,-1,-1
398,169,115,436,181,358,1,-1,-1,-1
398,160,323,443,164,351,1,-1,-1,-1
398,154,418,440,140,292,1,-1,-1,-1
398,144,617,410,106,341,1,-1,-1,-1
398,102,977,423,133,511,1,-1,-1,-1
398,4,1073,394,224,616,1,-1,-1,-1
399,182,543,458,23,62,1,-1,-1,-1
399,177,907,439,56,171,1,-1,-1,-1
399,169,125,438,185,356,1,-1,-1,-1
399,160,324,444,168,349,1,-1,-1,-1
399,154,436,441,126,291,1,-1,-1,-1
399,144,620,409,107,340,1,-1,-1,-1
399,102,977,422,133,512,1,-1,-1,-1
399,4,1072,394,223,616,1,-1,-1,-1
400,177,905,439,56,170,1,-1,-1,-1
400,169,132,439,189,356,1,-1,-1,-1
400,160,327,442,167,347,1,-1,-1,-1
400,154,454,438,114,292,1,-1,-1,-1
400,144,624,408,111,339,1,-1,-1,-1
400,102,978,422,132,512,1,-1,-1,-1
400,4,1071,395,222,616,1,-1,-1,-1
401,177,904,438,56,171,1,-1,-1,-1
401,169,137,438,195,357,1,-1,-1,-1
401,160,332,443,164,344,1,-1,-1,-1
401,154,467,439,106,292,1,-1,-1,-1
401,144,633,407,118,337,1,-1,-1,-1
401,102,978,422,132,512,1,-1,-1,-1
401,4,1071,395,220,616,1,-1,-1,-1
402,185,589,461,25,72,1,-1,-1,-1
402,177,902,438,57,171,1,-1,-1,-1
402,169,143,436,198,356,1,-1,-1,-1
402,160,340,446,158,342,1,-1,-1,-1
402,154,477,440,100,290,1,-1,-1,-1
402,144,638,405,124,338,1,-1,-1,-1
402,102,978,422,131,512,1,-1,-1,-1
402,4,1070,393,218,618,1,-1,-1,-1
403,185,587,461,25,73,1,-1,-1,-1
403,177,901,439,56,172,1,-1,-1,-1
403,169,147,434,201,355,1,-1,-1,-1
403,160,352,444,147,340,1,-1,-1,-1
403,154,488,437,99,290,1,-1,-1,-1
403,144,641,404,130,338,1,-1,-1,-1
403,102,979,422,131,512,1,-1,-1,-1
403,4,1069,393,216,618,1,-1,-1,-1
404,177,897,439,56,172,1,-1,-1,-1
404,169,151,433,200,354,1,-1,-1,-1
404,160,363,444,138,337,1,-1,-1,-1
404,154,498,436,103,289,1,-1,-1,-1
404,144,644,404,135,339,1,-1,-1,-1
404,102,979,423,132,512,1,-1,-1,-1
404,4,1070,394,212,618,1,-1,-1,-1
405,177,894,439,56,173,1,-1,-1,-1
405,169,156,434,198,353,1,-1,-1,-1
405,160,377,445,127,333,1,-1,-1,-1
405,154,504,439,110,288,1,-1,-1,-1
405,144,645,404,141,340,1,-1,-1,-1
405,102,980,423,131,512,1,-1,-1,-1
405,4,1069,394,209,617,1,-1,-1,-1
406,177,891,439,56,172,1,-1,-1,-1
406,169,163,435,194,352,1,-1,-1,-1
406,160,393,444,119,330,1,-1,-1,-1
406,154,506,439,117,289,1,-1,-1,-1
406,144,644,405,146,340,1,-1,-1,-1
406,102,980,423,132,512,1,-1,-1,-1
406,4,1069,395,206,617,1,-1,-1,-1
407,177,887,439,56,171,1,-1,-1,-1
407,169,172,435,189,350,1,-1,-1,-1
407,160,406,444,112,329,1,-1,-1,-1
407,154,508,440,124,287,1,-1,-1,-1
407,144,643,407,150,339,1,-1,-1,-1
407,102,980,422,132,513,1,-1,-1,-1
407,4,1069,396,202,617,1,-1,-1,-1
408,177,882,439,57,171,1,-1,-1,-1
408,169,184,433,179,348,1,-1,-1,-1
408,160,415,444,107,326,1,-1,-1,-1
408,154,508,440,130,286,1,-1,-1,-1
408,144,644,407,152,338,1,-1,-1,-1
408,102,981,423,131,512,1,-1,-1,-1
408,4,1070,397,199,617,1,-1,-1,-1
409,188,380,463,44,102,1,-1,-1,-1
409,177,878,439,60,170,1,-1,-1,-1
409,169,199,434,169,345,1,-1,-1,-1
409,160,423,445,104,324,1,-1,-1,-1
409,154,510,440,133,285,1,-1,-1,-1
409,144,645,406,152,338,1,-1,-1,-1
409,102,982,422,130,513,1,-1,-1,-1
409,4,1070,397,198,618,1,-1,-1,-1
410,188,380,463,45,107,1,-1,-1,-1
410,177,876,439,60,170,1,-1,-1,-1
410,169,216,434,156,344,1,-1,-1,-1
410,160,431,444,106,324,1,-1,-1,-1
410,154,511,438,135,286,1,-1,-1,-1
410,144,646,404,153,338,1,-1,-1,-1
410,102,983,422,129,513,1,-1,-1,-1
410,4,1070,398,196,618,1,-1,-1,-1
411,188,381,464,45,112,1,-1,-1,-1
411,177,875,438,61,170,1,-1,-1,-1
411,169,232,431,147,344,1,-1,-1,-1
411,160,435,443,114,324,1,-1,-1,-1
411,154,515,437,134,287,1,-1,-1,-1
411,144,646,405,153,336,1,-1,-1,-1
411,102,984,422,128,513,1,-1,-1,-1
411,4,1069,401,194,616,1,-1,-1,-1
412,190,952,450,24,77,1,-1,-1,-1
412,188,380,464,46,116,1,-1,-1,-1
412,177,873,438,62,170,1,-1,-1,-1
412,169,249,429,138,342,1,-1,-1,-1
412,160,438,442,122,324,1,-1,-1,-1
412,154,519,437,132,287,1,-1,-1,-1
412,144,647,404,153,336,1,-1,-1,-1
412,102,984,422,128,513,1,-1,-1,-1
412,4,1068,400,191,616,1,-1,-1,-1
413,190,953,449,25,76,1,-1,-1,-1
413,188,380,462,46,120,1,-1,-1,-1
413,177,870,438,63,170,1,-1,-1,-1
413,169,264,430,130,342,1,-1,-1,-1
413,160,441,442,132,324,1,-1,-1,-1
413,154,528,434,128,287,1,-1,-1,-1
413,144,649,403,153,337,1,-1,-1,-1
413,102,985,422,128,513,1,-1,-1,-1
413,4,1068,402,189,615,1,-1,-1,-1
414,190,956,448,25,76,1,-1,-1,-1
414,188,380,461,45,121,1,-1,-1,-1
414,177,867,439,62,169,1,-1,-1,-1
414,169,275,431,121,341,1,-1,-1,-1
414,160,443,443,140,323,1,-1,-1,-1
414,154,539,433,122,286,1,-1,-1,-1
414,144,652,404,151,334,1,-1,-1,-1
414,102,986,422,126,513,1,-1,-1,-1
414,4,1068,404,186,614,1,-1,-1,-1
415,190,958,446,24,76,1,-1,-1,-1
415,188,378,462,46,120,1,-1,-1,-1
415,177,865,439,60,169,1,-1,-1,-1
415,169,285,429,120,341,1,-1,-1,-1
415,160,442,442,146,323,1,-1,-1,-1
415,154,549,434,115,284,1,-1,-1,-1
415,144,656,404,150,333,1,-1,-1,-1
415,102,986,422,127,513,1,-1,-1,-1
415,4,1067,405,185,614,1,-1,-1,-1
416,191,932,443,26,74,1,-1,-1,-1
416,190,959,445,24,75,1,-1,-1,-1
416,188,378,462,47,119,1,-1,-1,-1
416,177,863,438,59,171,1,-1,-1,-1
416,169,293,429,126,339,1,-1,-1,-1
416,160,442,443,151,321,1,-1,-1,-1
416,154,559,434,108,283,1,-1,-1,-1
416,144,663,405,146,331,1,-1,-1,-1
416,102,987,422,128,513,1,-1,-1,-1
416,4,1066,405,184,614,1,-1,-1,-1
417,191,933,443,26,73,1,-1,-1,-1
417,190,961,445,24,75,1,-1,-1,-1
417,177,861,438,58,172,1,-1,-1,-1
417,169,297,428,134,338,1,-1,-1,-1
417,160,441,443,156,320,1,-1,-1,-1
417,154,570,434,101,282,1,-1,-1,-1
417,144,673,405,140,328,1,-1,-1,-1
417,102,989,422,128,514,1,-1,-1,-1
417,4,1064,406,186,614,1,-1,-1,-1
418,191,933,444,26,71,1,-1,-1,-1
418,190,963,446,25,75,1,-1,-1,-1
418,177,860,438,56,172,1,-1,-1,-1
418,169,298,430,144,336,1,-1,-1,-1
418,160,442,443,157,319,1,-1,-1,-1
418,154,582,434,96,283,1,-1,-1,-1
418,144,682,406,133,326,1,-1,-1,-1
418,102,989,421,130,514,1,-1,-1,-1
418,4,1063,405,186,615,1,-1,-1,-1
419,191,933,444,26,71,1,-1,-1,-1
419,190,964,446,25,77,1,-1,-1,-1
419,177,859,437,56,174,1,-1,-1,-1
419,169,297,435,153,332,1,-1,-1,-1
419,160,447,443,155,318,1,-1,-1,-1
419,154,589,436,93,282,1,-1,-1,-1
419,144,691,407,126,325,1,-1,-1,-1
419,102,991,419,130,515,1,-1,-1,-1
419,4,1060,405,188,616,1,-1,-1,-1
420,191,933,444,26,72,1,-1,-1,-1
420,177,858,436,55,174,1,-1,-1,-1
420,169,296,439,160,328,1,-1,-1,-1
420,160,452,443,150,318,1,-1,-1,-1
420,154,598,438,89,279,1,-1,-1,-1
420,144,700,407,118,324,1,-1,-1,-1
420,102,991,419,132,515,1,-1,-1,-1
420,4,1058,405,189,617,1,-1,-1,-1
421,191,934,443,26,72,1,-1,-1,-1
421,177,855,435,55,174,1,-1,-1,-1
421,169,298,441,169,326,1,-1,-1,-1
421,160,457,442,145,317,1,-1,-1,-1
421,154,605,438,93,278,1,-1,-1,-1
421,144,707,408,112,323,1,-1,-1,-1
421,102,992,420,131,516,1,-1,-1,-1
421,4,1056,404,190,619,1,-1,-1,-1
422,193,1138,403,157,518,1,-1,-1,-1
422,191,934,443,26,72,1,-1,-1,-1
422,177,854,435,54,173,1,-1,-1,-1
422,169,300,440,178,326,1,-1,-1,-1
422,160,464,442,139,316,1,-1,-1,-1
422,154,611,438,99,276,1,-1,-1,-1
422,144,712,409,108,320,1,-1,-1,-1
422,102,994,426,131,514,1,-1,-1,-1
422,4,1055,403,191,622,1,-1,-1,-1
423,193,1140,399,162,524,1,-1,-1,-1
423,191,934,443,26,72,1,-1,-1,-1
423,177,851,435,54,171,1,-1,-1,-1
423,169,302,440,182,325,1,-1,-1,-1
423,160,475,444,132,315,1,-1,-1,-1
423,154,616,439,109,275,1,-1,-1,-1
423,144,716,409,107,319,1,-1,-1,-1
423,102,995,431,131,511,1,-1,-1,-1
423,4,1054,401,193,625,1,-1,-1,-1
424,193,1141,399,168,523,1,-1,-1,-1
424,191,934,443,26,73,1,-1,-1,-1
424,177,850,436,53,169,1,-1,-1,-1
424,169,308,440,181,325,1,-1,-1,-1
424,160,488,443,122,315,1,-1,-1,-1
424,154,618,440,118,274,1,-1,-1,-1
424,144,721,409,106,318,1,-1,-1,-1
424,102,995,433,130,510,1,-1,-1,-1
424,4,1055,401,194,628,1,-1,-1,-1
425,193,1139,400,176,524,1,-1,-1,-1
425,191,933,444,27,74,1,-1,-1,-1
425,177,846,437,54,167,1,-1,-1,-1
425,169,315,440,177,323,1,-1,-1,-1
425,160,501,442,112,314,1,-1,-1,-1
425,154,619,441,126,274,1,-1,-1,-1
425,144,724,410,106,317,1,-1,-1,-1
425,102,996,436,130,508,1,-1,-1,-1
425,4,1054,406,196,629,1,-1,-1,-1
426,193,1139,401,180,524,1,-1,-1,-1
426,191,933,444,27,74,1,-1,-1,-1
426,177,842,437,53,166,1,-1,-1,-1
426,169,322,439,171,322,1,-1,-1,-1
426,160,513,440,104,314,1,-1,-1,-1
426,154,619,441,129,273,1,-1,-1,-1
426,144,726,410,106,318,1,-1,-1,-1
426,102,997,429,131,512,1,-1,-1,-1
426,4,1054,407,196,632,1,-1,-1,-1
427,193,1140,403,181,524,1,-1,-1,-1
427,191,933,444,27,75,1,-1,-1,-1
427,177,839,436,53,166,1,-1,-1,-1
427,169,335,437,161,321,1,-1,-1,-1
427,160,522,441,99,314,1,-1,-1,-1
427,154,620,441,132,273,1,-1,-1,-1
427,144,729,410,106,318,1,-1,-1,-1
427,102,996,426,134,515,1,-1,-1,-1
427,4,1055,409,196,634,1,-1,-1,-1
428,193,1143,405,179,523,1,-1,-1,-1
428,191,933,443,27,74,1,-1,-1,-1
428,177,837,437,53,165,1,-1,-1,-1
428,169,348,436,149,320,1,-1,-1,-1
428,160,529,442,95,313,1,-1,-1,-1
428,154,621,441,132,272,1,-1,-1,-1
428,144,733,410,106,318,1,-1,-1,-1
428,102,998,423,134,518,1,-1,-1,-1
428,4,1056,411,196,636,1,-1,-1,-1
429,195,477,461,30,84,1,-1,-1,-1
429,194,1622,342,298,735,1,-1,-1,-1
429,193,1139,406,184,520,1,-1,-1,-1
429,191,932,442,28,75,1,-1,-1,-1
429,177,836,436,52,164,1,-1,-1,-1
429,169,363,435,136,319,1,-1,-1,-1
429,160,536,443,96,312,1,-1,-1,-1
429,154,622,440,131,273,1,-1,-1,-1
429,144,737,411,106,317,1,-1,-1,-1
429,102,999,423,136,519,1,-1,-1,-1
429,4,1058,413,195,639,1,-1,-1,-1
430,195,475,462,33,87,1,-1,-1,-1
430,194,1573,332,347,746,1,-1,-1,-1
430,193,1144,411,180,519,1,-1,-1,-1
430,191,931,442,28,75,1,-1,-1,-1
430,177,834,436,52,163,1,-1,-1,-1
430,169,378,436,123,316,1,-1,-1,-1
430,160,543,443,99,311,1,-1,-1,-1
430,154,630,438,127,273,1,-1,-1,-1
430,144,739,411,106,316,1,-1,-1,-1
430,102,999,423,136,521,1,-1,-1,-1
430,4,1059,408,196,648,1,-1,-1,-1
431,194,1530,323,391,756,1,-1,-1,-1
431,193,1142,410,176,524,1,-1,-1,-1
431,191,932,442,28,74,1,-1,-1,-1
431,177,833,436,51,162,1,-1,-1,-1
431,169,391,437,112,314,1,-1,-1,-1
431,160,550,441,105,312,1,-1,-1,-1
431,154,637,436,122,273,1,-1,-1,-1
431,144,742,411,106,315,1,-1,-1,-1
431,102,1001,422,137,522,1,-1,-1,-1
431,4,1063,404,201,657,1,-1,-1,-1
432,194,1481,318,440,762,1,-1,-1,-1
432,193,1139,419,178,550,1,-1,-1,-1
432,191,932,442,28,74,1,-1,-1,-1
432,177,830,436,51,160,1,-1,-1,-1
432,169,402,438,106,312,1,-1,-1,-1
432,160,553,441,112,312,1,-1,-1,-1
432,154,643,438,117,272,1,-1,-1,-1
432,144,745,411,106,314,1,-1,-1,-1
432,102,1003,420,137,524,1,-1,-1,-1
432,4,1065,399,205,662,1,-1,-1,-1
433,194,1436,309,482,771,1,-1,-1,-1
433,193,1142,409,179,551,1,-1,-1,-1
433,191,933,443,28,74,1,-1,-1,-1
433,177,828,436,52,160,1,-1,-1,-1
433,169,412,438,102,311,1,-1,-1,-1
433,160,552,440,119,313,1,-1,-1,-1
433,154,652,440,109,270,1,-1,-1,-1
433,144,747,412,106,312,1,-1,-1,-1
433,102,1004,419,138,527,1,-1,-1,-1
433,4,1068,394,207,655,1,-1,-1,-1
434,197,380,463,48,110,1,-1,-1,-1
434,194,1385,308,511,774,1,-1,-1,-1
434,193,1153,415,185,576,1,-1,-1,-1
434,191,932,442,28,76,1,-1,-1,-1
434,177,826,436,52,160,1,-1,-1,-1
434,169,421,438,100,311,1,-1,-1,-1
434,160,552,441,124,312,1,-1,-1,-1
434,154,664,440,99,269,1,-1,-1,-1
434,144,750,413,106,311,1,-1,-1,-1
434,102,1005,419,138,528,1,-1,-1,-1
434,4,1071,399,210,664,1,-1,-1,-1
435,197,379,464,48,111,1,-1,-1,-1
435,194,1326,306,521,776,1,-1,-1,-1
435,191,931,442,29,77,1,-1,-1,-1
435,177,825,437,52,160,1,-1,-1,-1
435,169,426,438,103,310,1,-1,-1,-1
435,160,552,441,130,312,1,-1,-1,-1
435,154,679,439,90,268,1,-1,-1,-1
435,144,753,412,104,312,1,-1,-1,-1
435,102,1006,415,141,526,1,-1,-1,-1
435,4,1073,400,212,670,1,-1,-1,-1
436,197,378,464,49,114,1,-1,-1,-1
436,194,1265,312,525,772,1,-1,-1,-1
436,191,931,442,29,78,1,-1,-1,-1
436,177,826,437,51,161,1,-1,-1,-1
436,169,430,439,105,309,1,-1,-1,-1
436,160,551,441,136,312,1,-1,-1,-1
436,154,688,439,85,269,1,-1,-1,-1
436,144,755,412,102,311,1,-1,-1,-1
436,102,1011,423,143,537,1,-1,-1,-1
436,4,1081,399,212,675,1,-1,-1,-1
437,197,376,464,50,114,1,-1,-1,-1
437,194,1203,320,521,766,1,-1,-1,-1
437,191,931,442,29,78,1,-1,-1,-1
437,177,825,435,51,161,1,-1,-1,-1
437,169,433,440,106,308,1,-1,-1,-1
437,160,551,441,139,313,1,-1,-1,-1
437,154,696,439,82,270,1,-1,-1,-1
437,144,760,410,101,310,1,-1,-1,-1
437,102,1013,416,147,537,1,-1,-1,-1
437,4,1088,397,205,679,1,-1,-1,-1
438,197,377,463,49,110,1,-1,-1,-1
438,194,1150,323,506,762,1,-1,-1,-1
438,191,931,440,29,78,1,-1,-1,-1
438,169,434,440,109,309,1,-1,-1,-1
438,160,553,441,140,313,1,-1,-1,-1
438,154,707,438,82,270,1,-1,-1,-1
438,144,764,408,100,309,1,-1,-1,-1
438,102,1015,414,148,535,1,-1,-1,-1
438,4,1095,394,207,677,1,-1,-1,-1
439,200,977,445,27,82,1,-1,-1,-1
439,197,378,463,48,108,1,-1,-1,-1
439,194,1097,329,497,757,1,-1,-1,-1
439,191,930,441,30,78,1,-1,-1,-1
439,169,438,439,112,309,1,-1,-1,-1
439,160,554,441,140,313,1,-1,-1,-1
439,154,715,438,84,271,1,-1,-1,-1
439,144,768,408,99,307,1,-1,-1,-1
439,102,1017,413,150,532,1,-1,-1,-1
440,197,379,463,49,111,1,-1,-1,-1
440,194,1051,339,475,748,1,-1,-1,-1
440,191,931,441,30,79,1,-1,-1,-1
440,169,442,439,114,307,1,-1,-1,-1
440,160,556,440,139,313,1,-1,-1,-1
440,154,720,437,90,273,1,-1,-1,-1
440,144,772,407,96,306,1,-1,-1,-1
440,102,1019,419,151,540,1,-1,-1,-1
441,197,380,464,50,110,1,-1,-1,-1
441,194,1003,347,456,740,1,-1,-1,-1
441,191,932,442,30,80,1,-1,-1,-1
441,169,447,437,114,306,1,-1,-1,-1
441,160,560,439,138,314,1,-1,-1,-1
441,154,722,436,98,274,1,-1,-1,-1
441,144,776,409,93,304,1,-1,-1,-1
442,197,379,466,50,110,1,-1,-1,-1
442,194,959,352,437,734,1,-1,-1,-1
442,191,932,442,30,83,1,-1,-1,-1
442,169,452,437,112,305,1,-1,-1,-1
442,160,565,439,136,313,1,-1,-1,-1
442,154,724,435,107,275,1,-1,-1,-1
442,144,780,409,92,303,1,-1,-1,-1
443,197,379,466,49,111,1,-1,-1,-1
443,194,915,355,421,730,1,-1,-1,-1
443,169,457,435,111,304,1,-1,-1,-1
443,160,574,439,130,312,1,-1,-1,-1
443,154,722,435,115,275,1,-1,-1,-1
443,144,785,409,89,301,1,-1,-1,-1
444,202,414,465,42,106,1,-1,-1,-1
444,197,379,466,48,111,1,-1,-1,-1
444,194,873,356,406,727,1,-1,-1,-1
444,169,465,434,109,303,1,-1,-1,-1
444,160,582,438,123,309,1,-1,-1,-1
444,154,721,436,119,274,1,-1,-1,-1
444,144,788,409,87,300,1,-1,-1,-1
445,204,1291,428,169,327,1,-1,-1,-1
445,202,413,466,43,105,1,-1,-1,-1
445,197,378,466,48,111,1,-1,-1,-1
445,194,831,354,397,727,1,-1,-1,-1
445,169,473,434,107,301,1,-1,-1,-1
445,160,590,439,115,307,1,-1,-1,-1
445,154,720,436,123,273,1,-1,-1,-1
445,144,791,409,85,298,1,-1,-1,-1
446,204,1302,427,162,330,1,-1,-1,-1
446,202,412,466,45,106,1,-1,-1,-1
446,197,377,466,48,111,1,-1,-1,-1
446,194,801,351,389,728,1,-1,-1,-1
446,169,482,435,102,298,1,-1,-1,-1
446,160,598,440,107,304,1,-1,-1,-1
446,154,721,435,129,273,1,-1,-1,-1
447,205,1137,400,227,691,1,-1,-1,-1
447,204,1309,425,156,334,1,-1,-1,-1
447,202,413,467,45,105,1,-1,-1,-1
447,197,377,465,48,111,1,-1,-1,-1
447,194,752,347,393,731,1,-1,-1,-1
447,169,489,435,99,296,1,-1,-1,-1
447,160,610,439,101,301,1,-1,-1,-1
447,154,720,433,131,274,1,-1,-1,-1
448,205,1138,397,232,695,1,-1,-1,-1
448,204,1315,422,150,339,1,-1,-1,-1
448,202,412,467,46,105,1,-1,-1,-1
448,197,377,464,48,113,1,-1,-1,-1
448,194,713,342,394,735,1,-1,-1,-1
448,169,496,433,98,295,1,-1,-1,-1
448,160,621,440,94,300,1,-1,-1,-1
449,205,1139,394,239,697,1,-1,-1,-1
449,204,1323,421,143,340,1,-1,-1,-1
449,202,411,467,48,104,1,-1,-1,-1
449,197,378,465,47,112,1,-1,-1,-1
449,194,670,341,399,737,1,-1,-1,-1
449,169,500,432,98,293,1,-1,-1,-1
449,160,631,441,90,300,1,-1,-1,-1
450,205,1142,389,240,691,1,-1,-1,-1
450,204,1328,418,137,343,1,-1,-1,-1
450,202,409,467,49,105,1,-1,-1,-1
450,197,378,465,47,111,1,-1,-1,-1
450,194,636,342,405,737,1,-1,-1,-1
450,169,505,432,98,293,1,-1,-1,-1
450,160,639,439,88,300,1,-1,-1,-1
451,207,469,457,27,86,1,-1,-1,-1
451,206,1047,421,167,533,1,-1,-1,-1
451,205,1143,390,246,685,1,-1,-1,-1
451,204,1338,416,128,345,1,-1,-1,-1
451,202,409,467,49,105,1,-1,-1,-1
451,197,379,465,46,110,1,-1,-1,-1
451,194,614,342,399,738,1,-1,-1,-1
451,169,509,432,100,292,1,-1,-1,-1
452,207,469,456,28,89,1,-1,-1,-1
452,206,1047,421,170,536,1,-1,-1,-1
452,205,1143,392,251,687,1,-1,-1,-1
452,204,1352,417,117,347,1,-1,-1,-1
452,202,409,466,48,106,1,-1,-1,-1
452,197,379,465,47,110,1,-1,-1,-1
452,194,588,345,395,736,1,-1,-1,-1
452,169,513,432,105,289,1,-1,-1,-1
453,207,469,455,29,91,1,-1,-1,-1
453,206,1047,421,172,535,1,-1,-1,-1
453,205,1149,394,259,682,1,-1,-1,-1
453,204,1363,418,108,347,1,-1,-1,-1
453,202,409,465,49,106,1,-1,-1,-1
453,197,380,465,46,109,1,-1,-1,-1
453,194,554,349,395,733,1,-1,-1,-1
453,169,514,433,110,289,1,-1,-1,-1
454,209,1003,445,30,97,1,-1,-1,-1
454,208,1014,447,32,97,1,-1,-1,-1
454,207,468,455,30,92,1,-1,-1,-1
454,206,1050,419,172,536,1,-1,-1,-1
454,205,1153,394,269,683,1,-1,-1,-1
454,204,1373,419,102,347,1,-1,-1,-1
454,202,410,464,48,107,1,-1,-1,-1
454,197,379,465,47,109,1,-1,-1,-1
454,194,520,356,393,728,1,-1,-1,-1
455,209,1006,444,31,98,1,-1,-1,-1
455,208,1014,446,33,98,1,-1,-1,-1
455,207,468,455,30,91,1,-1,-1,-1
455,206,1054,416,175,543,1,-1,-1,-1
455,205,1154,395,276,685,1,-1,-1,-1
455,204,1382,419,99,348,1,-1,-1,-1
455,202,410,464,49,107,1,-1,-1,-1
455,197,379,464,47,110,1,-1,-1,-1
455,194,488,365,392,720,1,-1,-1,-1
456,209,1007,444,31,98,1,-1,-1,-1
456,208,1014,445,33,99,1,-1,-1,-1
456,207,468,456,30,94,1,-1,-1,-1
456,206,1059,418,175,546,1,-1,-1,-1
456,205,1154,397,284,684,1,-1,-1,-1
456,204,1386,420,100,351,1,-1,-1,-1
456,202,409,464,50,108,1,-1,-1,-1
456,197,379,464,48,109,1,-1,-1,-1
456,194,443,372,397,714,1,-1,-1,-1
457,209,1007,444,31,96,1,-1,-1,-1
457,208,1012,444,33,100,1,-1,-1,-1
457,206,1065,419,173,550,1,-1,-1,-1
457,205,1154,399,288,682,1,-1,-1,-1
457,204,1392,422,104,353,1,-1,-1,-1
457,202,409,463,49,108,1,-1,-1,-1
457,197,379,465,48,109,1,-1,-1,-1
457,194,410,377,398,708,1,-1,-1,-1
458,211,823,412,84,295,1,-1,-1,-1
458,209,1007,445,31,95,1,-1,-1,-1
458,208,1014,444,33,100,1,-1,-1,-1
458,206,1072,419,169,552,1,-1,-1,-1
458,205,1155,401,293,679,1,-1,-1,-1
458,204,1401,422,110,354,1,-1,-1,-1
458,197,381,465,47,110,1,-1,-1,-1
458,194,373,379,400,705,1,-1,-1,-1
459,213,1054,436,39,102,1,-1,-1,-1
459,211,825,412,83,295,1,-1,-1,-1
459,209,1008,445,31,96,1,-1,-1,-1
459,208,1014,443,33,102,1,-1,-1,-1
459,206,1079,418,167,553,1,-1,-1,-1
459,205,1159,400,297,677,1,-1,-1,-1
459,204,1407,423,122,354,1,-1,-1,-1
459,194,332,380,403,702,1,-1,-1,-1
460,213,1054,438,39,100,1,-1,-1,-1
460,211,826,410,83,296,1,-1,-1,-1
460,209,1008,445,32,99,1,-1,-1,-1
460,206,1088,420,162,552,1,-1,-1,-1
460,205,1162,399,297,677,1,-1,-1,-1
460,204,1410,424,133,355,1,-1,-1,-1
460,194,302,376,403,703,1,-1,-1,-1
461,213,1053,440,37,99,1,-1,-1,-1
461,211,826,410,84,295,1,-1,-1,-1
461,209,1007,445,34,100,1,-1,-1,-1
461,206,1097,421,156,555,1,-1,-1,-1
461,205,1166,401,295,675,1,-1,-1,-1
461,204,1411,427,143,354,1,-1,-1,-1
461,194,271,371,403,707,1,-1,-1,-1
462,216,671,440,125,296,1,-1,-1,-1
462,213,1050,442,39,102,1,-1,-1,-1
462,211,825,409,85,296,1,-1,-1,-1
462,209,1005,444,34,99,1,-1,-1,-1
462,206,1107,419,153,558,1,-1,-1,-1
462,205,1171,399,294,675,1,-1,-1,-1
462,204,1413,428,151,356,1,-1,-1,-1
462,194,238,364,406,711,1,-1,-1,-1
463,219,1080,473,45,132,1,-1,-1,-1
463,216,683,438,114,295,1,-1,-1,-1
463,213,1049,442,38,104,1,-1,-1,-1
463,211,826,410,84,294,1,-1,-1,-1
463,209,1006,444,34,99,1,-1,-1,-1
463,206,1114,419,151,561,1,-1,-1,-1
463,205,1180,401,287,674,1,-1,-1,-1
463,204,1416,428,157,356,1,-1,-1,-1
463,194,212,358,403,717,1,-1,-1,-1
464,219,1080,475,43,127,1,-1,-1,-1
464,216,694,439,101,293,1,-1,-1,-1
464,213,1049,441,38,106,1,-1,-1,-1
464,211,826,410,85,294,1,-1,-1,-1
464,209,1005,443,34,98,1,-1,-1,-1
464,208,1010,442,35,102,1,-1,-1,-1
464,206,1119,417,151,561,1,-1,-1,-1
464,205,1194,401,278,673,1,-1,-1,-1
464,204,1420,426,158,359,1,-1,-1,-1
464,194,188,356,403,720,1,-1,-1,-1
465,219,1080,474,43,129,1,-1,-1,-1
465,216,705,437,92,294,1,-1,-1,-1
465,215,1021,446,32,95,1,-1,-1,-1
465,213,1048,441,38,105,1,-1,-1,-1
465,211,826,412,84,292,1,-1,-1,-1
465,209,1000,443,34,97,1,-1,-1,-1
465,206,1124,419,150,562,1,-1,-1,-1
465,205,1207,398,269,675,1,-1,-1,-1
465,204,1425,423,158,363,1,-1,-1,-1
465,194,156,356,408,721,1,-1,-1,-1
466,221,564,435,109,273,1,-1,-1,-1
466,219,1081,476,43,124,1,-1,-1,-1
466,216,718,437,85,295,1,-1,-1,-1
466,215,1020,446,32,96,1,-1,-1,-1
466,213,1046,442,37,103,1,-1,-1,-1
466,211,828,412,85,292,1,-1,-1,-1
466,209,997,444,35,97,1,-1,-1,-1
466,206,1128,420,151,563,1,-1,-1,-1
466,205,1220,398,258,678,1,-1,-1,-1
466,204,1429,422,153,367,1,-1,-1,-1
466,194,127,359,406,720,1,-1,-1,-1
467,223,1097,435,54,156,1,-1,-1,-1
467,221,571,433,102,275,1,-1,-1,-1
467,219,1081,475,41,122,1,-1,-1,-1
467,216,726,437,82,296,1,-1,-1,-1
467,215,1019,446,32,97,1,-1,-1,-1
467,213,1046,443,36,101,1,-1,-1,-1
467,211,829,412,86,292,1,-1,-1,-1
467,209,996,445,35,98,1,-1,-1,-1
467,206,1131,420,151,563,1,-1,-1,-1
467,205,1233,397,246,679,1,-1,-1,-1
467,204,1437,420,148,371,1,-1,-1,-1
467,194,100,363,407,718,1,-1,-1,-1
468,225,928,440,38,102,1,-1,-1,-1
468,223,1096,435,55,162,1,-1,-1,-1
468,221,582,433,92,273,1,-1,-1,-1
468,219,1082,475,40,120,1,-1,-1,-1
468,216,733,435,79,298,1,-1,-1,-1
468,215,1020,445,32,100,1,-1,-1,-1
468,213,1044,444,36,100,1,-1,-1,-1
468,211,830,413,86,292,1,-1,-1,-1
468,209,995,444,35,98,1,-1,-1,-1
468,206,1134,421,151,564,1,-1,-1,-1
468,205,1251,394,230,678,1,-1,-1,-1
468,204,1447,418,141,373,1,-1,-1,-1
468,194,66,366,414,715,1,-1,-1,-1
469,225,927,440,38,103,1,-1,-1,-1
469,223,1097,436,55,164,1,-1,-1,-1
469,221,591,432,85,273,1,-1,-1,-1
469,219,1081,475,39,119,1,-1,-1,-1
469,216,738,436,79,296,1,-1,-1,-1
469,215,1021,444,33,99,1,-1,-1,-1
469,213,1044,443,35,100,1,-1,-1,-1
469,211,832,414,85,291,1,-1,-1,-1
469,209,994,443,35,99,1,-1,-1,-1
469,206,1136,423,151,565,1,-1,-1,-1
469,205,1264,396,213,679,1,-1,-1,-1
469,204,1461,417,131,376,1,-1,-1,-1
469,194,37,372,419,711,1,-1,-1,-1
470,226,460,459,30,85,1,-1,-1,-1
470,225,928,440,38,102,1,-1,-1,-1
470,223,1096,436,54,163,1,-1,-1,-1
470,221,599,432,80,273,1,-1,-1,-1
470,219,1081,475,41,120,1,-1,-1,-1
470,216,743,436,82,295,1,-1,-1,-1
470,215,1025,444,34,100,1,-1,-1,-1
470,213,1041,444,35,101,1,-1,-1,-1
470,211,835,416,85,289,1,-1,-1,-1
470,209,994,442,36,101,1,-1,-1,-1
470,206,1139,423,152,568,1,-1,-1,-1
470,205,1278,397,204,680,1,-1,-1,-1
470,204,1472,416,124,378,1,-1,-1,-1
470,194,16,376,414,707,1,-1,-1,-1
471,225,929,441,37,102,1,-1,-1,-1
471,223,1097,438,53,154,1,-1,-1,-1
471,221,604,432,77,273,1,-1,-1,-1
471,219,1081,476,40,119,1,-1,-1,-1
471,216,749,437,85,293,1,-1,-1,-1
471,211,837,417,85,287,1,-1,-1,-1
471,209,992,442,37,101,1,-1,-1,-1
471,206,1142,423,154,572,1,-1,-1,-1
471,205,1292,396,195,680,1,-1,-1,-1
471,204,1482,415,118,380,1,-1,-1,-1
471,194,0,381,409,702,1,-1,-1,-1
472,227,417,462,39,99,1,-1,-1,-1
472,225,929,441,37,102,1,-1,-1,-1
472,223,1098,439,51,151,1,-1,-1,-1
472,221,608,432,75,272,1,-1,-1,-1
472,219,1083,476,40,119,1,-1,-1,-1
472,216,751,437,89,292,1,-1,-1,-1
472,211,837,416,85,286,1,-1,-1,-1
472,209,991,441,37,102,1,-1,-1,-1
472,206,1144,423,155,575,1,-1,-1,-1
472,205,1309,396,187,682,1,-1,-1,-1
472,204,1490,415,114,382,1,-1,-1,-1
472,194,-14,386,402,698,1,-1,-1,-1
473,230,1035,443,40,107,1,-1,-1,-1
473,228,564,455,29,75,1,-1,-1,-1
473,227,414,460,41,103,1,-1,-1,-1
473,225,929,441,35,102,1,-1,-1,-1
473,223,1099,437,50,151,1,-1,-1,-1
473,221,614,431,73,272,1,-1,-1,-1
473,219,1082,476,40,119,1,-1,-1,-1
473,216,752,437,93,290,1,-1,-1,-1
473,211,837,415,85,287,1,-1,-1,-1
473,209,989,440,37,103,1,-1,-1,-1
473,206,1146,423,158,577,1,-1,-1,-1
473,205,1319,395,183,684,1,-1,-1,-1
473,204,1498,415,113,384,1,-1,-1,-1
473,194,-22,388,386,695,1,-1,-1,-1
474,231,376,463,46,114,1,-1,-1,-1
474,230,1037,442,39,109,1,-1,-1,-1
474,228,565,455,28,74,1,-1,-1,-1
474,227,414,461,41,102,1,-1,-1,-1
474,223,1100,437,50,151,1,-1,-1,-1
474,221,619,432,71,272,1,-1,-1,-1
474,219,1083,477,40,119,1,-1,-1,-1
474,216,753,437,95,290,1,-1,-1,-1
474,211,836,415,86,287,1,-1,-1,-1
474,209,988,440,37,103,1,-1,-1,-1
474,206,1150,422,160,579,1,-1,-1,-1
474,205,1327,395,179,685,1,-1,-1,-1
474,204,1506,413,115,384,1,-1,-1,-1
474,194,-26,387,368,694,1,-1,-1,-1
475,232,528,456,27,74,1,-1,-1,-1
475,231,377,463,45,113,1,-1,-1,-1
475,230,1037,441,40,110,1,-1,-1,-1
475,228,565,455,28,73,1,-1,-1,-1
475,223,1100,434,51,154,1,-1,-1,-1
475,221,623,433,71,270,1,-1,-1,-1
475,219,1082,478,41,118,1,-1,-1,-1
475,216,754,437,97,291,1,-1,-1,-1
475,211,837,414,84,288,1,-1,-1,-1
475,209,987,440,37,103,1,-1,-1,-1
475,206,1155,422,161,580,1,-1,-1,-1
475,205,1334,392,179,688,1,-1,-1,-1
475,204,1513,413,120,385,1,-1,-1,-1
475,194,-26,387,350,693,1,-1,-1,-1
476,232,528,456,28,74,1,-1,-1,-1
476,231,379,463,45,111,1,-1,-1,-1
476,230,1038,442,39,109,1,-1,-1,-1
476,228,565,455,28,73,1,-1,-1,-1
476,223,1100,435,51,155,1,-1,-1,-1
476,221,626,435,72,269,1,-1,-1,-1
476,219,1083,477,39,119,1,-1,-1,-1
476,216,755,437,99,291,1,-1,-1,-1
476,211,838,412,81,290,1,-1,-1,-1
476,209,987,439,37,104,1,-1,-1,-1
476,206,1159,420,163,584,1,-1,-1,-1
476,205,1342,391,186,689,1,-1,-1,-1
476,204,1523,412,133,388,1,-1,-1,-1
476,194,-25,387,331,693,1,-1,-1,-1
477,236,578,424,17,36,1,-1,-1,-1
477,234,881,432,102,251,1,-1,-1,-1
477,232,528,455,29,76,1,-1,-1,-1
477,231,379,461,45,107,1,-1,-1,-1
477,230,1036,443,39,106,1,-1,-1,-1
477,228,565,455,28,73,1,-1,-1,-1
477,223,1100,436,51,155,1,-1,-1,-1
477,221,628,436,74,268,1,-1,-1,-1
477,219,1082,476,40,120,1,-1,-1,-1
477,216,757,436,99,292,1,-1,-1,-1
477,211,839,409,80,292,1,-1,-1,-1
477,209,986,438,37,103,1,-1,-1,-1
477,206,1161,419,165,587,1,-1,-1,-1
477,205,1346,393,193,688,1,-1,-1,-1
477,204,1530,414,147,389,1,-1,-1,-1
477,194,-23,385,312,694,1,-1,-1,-1
478,237,725,453,29,81,1,-1,-1,-1
478,236,579,424,16,37,1,-1,-1,-1
478,234,881,431,111,253,1,-1,-1,-1
478,232,529,454,28,76,1,-1,-1,-1
478,231,378,462,46,105,1,-1,-1,-1
478,230,1035,443,37,105,1,-1,-1,-1
478,228,564,456,28,74,1,-1,-1,-1
478,223,1100,435,51,156,1,-1,-1,-1
478,221,631,437,76,266,1,-1,-1,-1
478,219,1084,476,39,119,1,-1,-1,-1
478,216,760,435,98,293,1,-1,-1,-1
478,211,839,409,81,293,1,-1,-1,-1
478,209,986,438,36,102,1,-1,-1,-1
478,206,1162,418,166,588,1,-1,-1,-1
478,205,1350,392,204,689,1,-1,-1,-1
478,204,1533,416,160,392,1,-1,-1,-1
478,194,-22,382,291,696,1,-1,-1,-1
479,237,725,452,28,81,1,-1,-1,-1
479,236,579,424,16,37,1,-1,-1,-1
479,234,879,430,120,255,1,-1,-1,-1
479,232,529,454,27,76,1,-1,-1,-1
479,231,377,463,47,101,1,-1,-1,-1
479,230,1034,443,36,103,1,-1,-1,-1
479,228,564,455,28,75,1,-1,-1,-1
479,223,1102,436,51,156,1,-1,-1,-1
479,221,634,439,78,265,1,-1,-1,-1
479,219,1085,475,40,120,1,-1,-1,-1
479,216,763,434,98,295,1,-1,-1,-1
479,211,841,409,81,293,1,-1,-1,-1
479,209,987,438,36,103,1,-1,-1,-1
479,206,1165,417,167,589,1,-1,-1,-1
479,205,1353,392,216,689,1,-1,-1,-1
479,204,1537,417,176,393,1,-1,-1,-1
479,194,-21,378,268,698,1,-1,-1,-1
480,237,730,451,26,80,1,-1,-1,-1
480,236,579,424,17,38,1,-1,-1,-1
480,234,878,429,123,255,1,-1,-1,-1
480,232,529,454,27,76,1,-1,-1,-1
480,230,1034,443,35,101,1,-1,-1,-1
480,228,564,454,28,76,1,-1,-1,-1
480,223,1102,436,51,156,1,-1,-1,-1
480,221,636,438,79,266,1,-1,-1,-1
480,219,1087,475,39,121,1,-1,-1,-1
480,216,769,432,95,296,1,-1,-1,-1
480,211,841,409,81,294,1,-1,-1,-1
480,209,987,438,36,103,1,-1,-1,-1
480,206,1168,417,168,592,1,-1,-1,-1
480,205,1354,393,227,688,1,-1,-1,-1
480,204,1535,419,189,396,1,-1,-1,-1
480,194,-18,368,249,705,1,-1,-1,-1
481,239,1059,473,40,121,1,-1,-1,-1
481,236,579,424,17,38,1,-1,-1,-1
481,234,878,430,125,253,1,-1,-1,-1
481,232,529,454,27,76,1,-1,-1,-1
481,230,1036,444,34,100,1,-1,-1,-1
481,228,564,454,28,77,1,-1,-1,-1
481,223,1102,435,50,157,1,-1,-1,-1
481,221,637,436,80,268,1,-1,-1,-1
481,219,1087,476,39,120,1,-1,-1,-1
481,216,777,432,93,295,1,-1,-1,-1
481,211,841,410,82,295,1,-1,-1,-1
481,209,987,439,36,102,1,-1,-1,-1
481,206,1171,416,169,596,1,-1,-1,-1
481,205,1355,394,236,688,1,-1,-1,-1
481,204,1537,421,197,397,1,-1,-1,-1
481,194,-16,366,227,709,1,-1,-1,-1
482,239,1059,473,37,121,1,-1,-1,-1
482,236,578,425,17,38,1,-1,-1,-1
482,234,880,431,125,251,1,-1,-1,-1
482,232,529,454,27,76,1,-1,-1,-1
482,230,1036,445,34,100,1,-1,-1,-1
482,228,565,455,28,76,1,-1,-1,-1
482,223,1102,435,50,156,1,-1,-1,-1
482,221,638,433,81,267,1,-1,-1,-1
482,219,1087,476,38,120,1,-1,-1,-1
482,216,785,433,90,295,1,-1,-1,-1
482,211,842,411,82,295,1,-1,-1,-1
482,209,987,440,36,101,1,-1,-1,-1
482,206,1176,414,169,596,1,-1,-1,-1
482,205,1358,393,247,688,1,-1,-1,-1
482,204,1540,423,201,399,1,-1,-1,-1
482,194,-14,375,206,705,1,-1,-1,-1
483,240,497,458,25,67,1,-1,-1,-1
483,236,578,425,17,39,1,-1,-1,-1
483,234,887,434,118,246,1,-1,-1,-1
483,232,530,455,26,74,1,-1,-1,-1
483,230,1037,445,35,100,1,-1,-1,-1
483,228,565,455,28,76,1,-1,-1,-1
483,223,1102,435,51,156,1,-1,-1,-1
483,221,641,433,82,266,1,-1,-1,-1
483,219,1087,476,38,120,1,-1,-1,-1
483,216,792,433,88,296,1,-1,-1,-1
483,211,842,412,82,296,1,-1,-1,-1
483,209,990,441,36,100,1,-1,-1,-1
483,206,1182,415,166,596,1,-1,-1,-1
483,205,1361,393,257,688,1,-1,-1,-1
483,204,1545,423,202,401,1,-1,-1,-1
483,194,-14,389,185,696,1,-1,-1,-1
484,240,498,458,24,67,1,-1,-1,-1
484,236,579,425,16,39,1,-1,-1,-1
484,234,891,436,114,244,1,-1,-1,-1
484,232,530,455,27,74,1,-1,-1,-1
484,230,1036,446,35,99,1,-1,-1,-1
484,228,566,455,27,75,1,-1,-1,-1
484,223,1103,434,51,156,1,-1,-1,-1
484,221,644,433,82,266,1,-1,-1,-1
484,219,1088,477,37,120,1,-1,-1,-1
484,216,797,433,87,295,1,-1,-1,-1
484,211,843,415,82,295,1,-1,-1,-1
484,209,988,442,36,101,1,-1,-1,-1
484,206,1187,416,164,594,1,-1,-1,-1
484,205,1361,393,268,688,1,-1,-1,-1
484,204,1549,422,204,406,1,-1,-1,-1
484,194,-15,401,158,687,1,-1,-1,-1
485,243,459,461,31,93,1,-1,-1,-1
485,240,497,458,25,68,1,-1,-1,-1
485,236,579,424,16,39,1,-1,-1,-1
485,234,897,437,108,243,1,-1,-1,-1
485,232,531,455,26,74,1,-1,-1,-1
485,230,1036,446,34,98,1,-1,-1,-1
485,228,566,455,27,75,1,-1,-1,-1
485,223,1102,433,51,155,1,-1,-1,-1
485,221,646,433,85,266,1,-1,-1,-1
485,219,1089,471,37,123,1,-1,-1,-1
485,216,801,432,87,294,1,-1,-1,-1
485,211,845,415,82,293,1,-1,-1,-1
485,209,990,443,36,99,1,-1,-1,-1
485,206,1193,418,165,593,1,-1,-1,-1
485,205,1361,393,275,688,1,-1,-1,-1
485,204,1560,422,200,408,1,-1,-1,-1
485,194,-17,405,128,681,1,-1,-1,-1
486,245,589,453,23,49,1,-1,-1,-1
486,244,496,458,24,81,1,-1,-1,-1
486,243,458,460,32,95,1,-1,-1,-1
486,242,1058,439,39,104,1,-1,-1,-1
486,240,498,458,25,68,1,-1,-1,-1
486,236,578,424,16,40,1,-1,-1,-1
486,234,902,437,105,242,1,-1,-1,-1
486,232,531,456,26,73,1,-1,-1,-1
486,230,1036,444,34,99,1,-1,-1,-1
486,228,567,455,26,75,1,-1,-1,-1
486,223,1103,433,51,152,1,-1,-1,-1
486,221,649,432,90,267,1,-1,-1,-1
486,219,1090,471,36,123,1,-1,-1,-1
486,216,805,431,90,294,1,-1,-1,-1
486,211,846,416,83,294,1,-1,-1,-1
486,209,991,443,35,98,1,-1,-1,-1
486,206,1197,419,170,592,1,-1,-1,-1
486,205,1361,395,282,687,1,-1,-1,-1
486,204,1571,419,194,411,1,-1,-1,-1
486,194,-14,416,105,672,1,-1,-1,-1
487,246,738,446,40,128,1,-1,-1,-1
487,245,590,452,22,49,1,-1,-1,-1
487,244,498,457,23,80,1,-1,-1,-1
487,243,457,460,32,97,1,-1,-1,-1
487,242,1057,440,39,101,1,-1,-1,-1
487,240,500,457,24,68,1,-1,-1,-1
487,236,578,424,17,41,1,-1,-1,-1
487,234,911,435,100,244,1,-1,-1,-1
487,232,532,456,26,73,1,-1,-1,-1
487,228,568,455,25,74,1,-1,-1,-1
487,223,1104,433,52,149,1,-1,-1,-1
487,221,652,432,93,267,1,-1,-1,-1
487,219,1091,469,36,124,1,-1,-1,-1
487,216,808,431,93,293,1,-1,-1,-1
487,211,845,418,84,291,1,-1,-1,-1
487,209,994,445,35,95,1,-1,-1,-1
487,206,1202,418,178,592,1,-1,-1,-1
487,205,1360,394,284,687,1,-1,-1,-1
487,204,1580,418,186,413,1,-1,-1,-1
487,194,-10,421,87,665,1,-1,-1,-1
488,248,1182,446,38,94,1,-1,-1,-1
488,246,735,446,40,130,1,-1,-1,-1
488,245,591,453,22,48,1,-1,-1,-1
488,244,498,456,23,76,1,-1,-1,-1
488,243,456,459,32,98,1,-1,-1,-1
488,242,1059,442,38,99,1,-1,-1,-1
488,240,501,457,24,65,1,-1,-1,-1
488,236,579,425,16,41,1,-1,-1,-1
488,234,919,436,93,243,1,-1,-1,-1
488,232,533,456,26,74,1,-1,-1,-1
488,228,568,456,25,74,1,-1,-1,-1
488,223,1106,434,51,146,1,-1,-1,-1
488,221,653,432,97,266,1,-1,-1,-1
488,219,1091,463,36,129,1,-1,-1,-1
488,216,812,430,100,294,1,-1,-1,-1
488,209,994,447,34,94,1,-1,-1,-1
488,206,1204,418,184,592,1,-1,-1,-1
488,205,1361,396,286,686,1,-1,-1,-1
488,204,1592,418,176,416,1,-1,-1,-1
488,194,-7,428,69,658,1,-1,-1,-1
489,248,1182,446,38,93,1,-1,-1,-1
489,246,734,446,40,130,1,-1,-1,-1
489,245,592,453,21,48,1,-1,-1,-1
489,244,499,456,22,75,1,-1,-1,-1
489,243,456,457,32,100,1,-1,-1,-1
489,242,1060,443,38,98,1,-1,-1,-1
489,240,502,456,23,64,1,-1,-1,-1
489,236,579,424,16,42,1,-1,-1,-1
489,234,925,438,89,241,1,-1,-1,-1
489,232,533,456,26,74,1,-1,-1,-1
489,228,568,455,25,75,1,-1,-1,-1
489,223,1107,435,50,144,1,-1,-1,-1
489,221,654,434,100,265,1,-1,-1,-1
489,219,1092,464,35,129,1,-1,-1,-1
489,216,813,431,107,293,1,-1,-1,-1
489,209,994,448,35,93,1,-1,-1,-1
489,206,1205,418,189,593,1,-1,-1,-1
489,205,1362,395,286,686,1,-1,-1,-1
489,204,1602,419,168,421,1,-1,-1,-1
490,252,1090,444,39,133,1,-1,-1,-1
490,248,1182,446,39,93,1,-1,-1,-1
490,246,733,445,41,132,1,-1,-1,-1
490,245,592,452,21,48,1,-1,-1,-1
490,244,499,456,21,75,1,-1,-1,-1
490,243,456,456,32,99,1,-1,-1,-1
490,242,1056,444,39,99,1,-1,-1,-1
490,240,502,456,23,63,1,-1,-1,-1
490,236,578,424,16,42,1,-1,-1,-1
490,234,932,440,84,239,1,-1,-1,-1
490,232,533,455,26,74,1,-1,-1,-1
490,230,1031,447,34,96,1,-1,-1,-1
490,228,568,454,26,76,1,-1,-1,-1
490,223,1109,436,49,140,1,-1,-1,-1
490,221,654,434,104,265,1,-1,-1,-1
490,219,1092,465,35,129,1,-1,-1,-1
490,216,814,432,112,292,1,-1,-1,-1
490,209,993,447,34,94,1,-1,-1,-1
490,206,1206,418,193,594,1,-1,-1,-1
490,205,1363,394,285,687,1,-1,-1,-1
490,204,1613,416,163,424,1,-1,-1,-1
491,254,411,460,45,112,1,-1,-1,-1
491,248,1181,446,39,93,1,-1,-1,-1
491,246,731,445,41,132,1,-1,-1,-1
491,245,593,452,20,48,1,-1,-1,-1
491,244,498,456,22,77,1,-1,-1,-1
491,243,456,455,31,100,1,-1,-1,-1
491,242,1054,444,39,101,1,-1,-1,-1
491,240,502,456,23,63,1,-1,-1,-1
491,236,579,424,15,42,1,-1,-1,-1
491,234,940,438,78,242,1,-1,-1,-1
491,232,533,456,26,74,1,-1,-1,-1
491,230,1028,446,35,97,1,-1,-1,-1
491,228,568,454,26,77,1,-1,-1,-1
491,223,1111,437,48,139,1,-1,-1,-1
491,221,654,434,107,265,1,-1,-1,-1
491,219,1094,469,35,127,1,-1,-1,-1
491,216,815,432,118,291,1,-1,-1,-1
491,206,1206,420,196,593,1,-1,-1,-1
491,205,1363,396,286,685,1,-1,-1,-1
491,204,1620,415,159,427,1,-1,-1,-1
492,254,412,460,44,112,1,-1,-1,-1
492,248,1181,448,38,90,1,-1,-1,-1
492,245,593,451,20,49,1,-1,-1,-1
492,243,456,456,32,99,1,-1,-1,-1
492,242,1055,442,38,100,1,-1,-1,-1
492,240,502,455,22,63,1,-1,-1,-1
492,236,578,424,16,42,1,-1,-1,-1
492,234,947,435,76,244,1,-1,-1,-1
492,232,533,455,27,75,1,-1,-1,-1
492,230,1025,446,34,97,1,-1,-1,-1
492,228,568,455,26,76,1,-1,-1,-1
492,223,1113,437,46,135,1,-1,-1,-1
492,221,655,435,109,264,1,-1,-1,-1
492,219,1095,476,36,122,1,-1,-1,-1
492,216,816,429,123,292,1,-1,-1,-1
492,206,1206,421,200,593,1,-1,-1,-1
492,205,1368,395,286,686,1,-1,-1,-1
492,204,1626,415,157,430,1,-1,-1,-1
493,257,506,452,21,64,1,-1,-1,-1
493,254,412,460,44,112,1,-1,-1,-1
493,248,1181,449,38,88,1,-1,-1,-1
493,245,594,451,20,49,1,-1,-1,-1
493,243,457,455,31,99,1,-1,-1,-1
493,242,1057,441,37,99,1,-1,-1,-1
493,240,502,455,22,63,1,-1,-1,-1
493,236,579,423,16,42,1,-1,-1,-1
493,234,952,435,75,245,1,-1,-1,-1
493,232,533,455,27,75,1,-1,-1,-1
493,230,1026,446,35,97,1,-1,-1,-1
493,228,569,454,26,77,1,-1,-1,-1
493,223,1114,439,45,131,1,-1,-1,-1
493,221,656,435,110,264,1,-1,-1,-1
493,219,1094,475,36,123,1,-1,-1,-1
493,216,819,429,126,291,1,-1,-1,-1
493,206,1206,422,204,593,1,-1,-1,-1
493,205,1370,396,286,685,1,-1,-1,-1
493,204,1627,416,157,437,1,-1,-1,-1
494,254,412,460,44,112,1,-1,-1,-1
494,252,1084,444,43,120,1,-1,-1,-1
494,248,1182,450,37,87,1,-1,-1,-1
494,245,593,450,21,50,1,-1,-1,-1
494,243,458,456,31,98,1,-1,-1,-1
494,240,502,456,22,62,1,-1,-1,-1
494,236,578,423,16,42,1,-1,-1,-1
494,234,958,435,75,244,1,-1,-1,-1
494,232,533,455,27,75,1,-1,-1,-1
494,228,568,455,27,76,1,-1,-1,-1
494,223,1114,439,45,128,1,-1,-1,-1
494,221,657,435,111,264,1,-1,-1,-1
494,219,1094,467,36,127,1,-1,-1,-1
494,216,822,431,127,290,1,-1,-1,-1
494,206,1208,423,208,595,1,-1,-1,-1
494,205,1376,396,287,685,1,-1,-1,-1
494,204,1625,419,158,446,1,-1,-1,-1
495,254,411,460,45,112,1,-1,-1,-1
495,252,1085,443,43,123,1,-1,-1,-1
495,248,1181,451,37,86,1,-1,-1,-1
495,245,593,451,21,50,1,-1,-1,-1
495,243,458,455,31,99,1,-1,-1,-1
495,240,502,456,23,62,1,-1,-1,-1
495,236,579,423,15,42,1,-1,-1,-1
495,234,963,435,77,244,1,-1,-1,-1
495,232,533,456,27,75,1,-1,-1,-1
495,228,569,455,27,77,1,-1,-1,-1
495,223,1114,439,45,125,1,-1,-1,-1
495,221,659,434,111,265,1,-1,-1,-1
495,219,1094,464,37,129,1,-1,-1,-1
495,216,826,434,126,288,1,-1,-1,-1
495,206,1211,424,215,597,1,-1,-1,-1
495,205,1387,393,293,687,1,-1,-1,-1
495,204,1634,418,156,453,1,-1,-1,-1
496,260,633,452,27,79,1,-1,-1,-1
496,259,379,464,45,110,1,-1,-1,-1
496,254,411,461,45,111,1,-1,-1,-1
496,252,1080,444,42,117,1,-1,-1,-1
496,248,1178,450,38,86,1,-1,-1,-1
496,243,458,455,31,100,1,-1,-1,-1
496,240,502,455,23,62,1,-1,-1,-1
496,236,578,423,16,42,1,-1,-1,-1
496,234,967,433,83,245,1,-1,-1,-1
496,232,533,456,27,75,1,-1,-1,-1
496,228,570,455,27,77,1,-1,-1,-1
496,223,1115,439,44,121,1,-1,-1,-1
496,221,661,433,109,266,1,-1,-1,-1
496,219,1091,446,40,128,1,-1,-1,-1
496,216,829,436,124,287,1,-1,-1,-1
496,206,1214,426,220,598,1,-1,-1,-1
496,205,1401,389,298,690,1,-1,-1,-1
496,204,1640,416,161,459,1,-1,-1,-1
497,260,634,453,27,81,1,-1,-1,-1
497,259,379,464,45,111,1,-1,-1,-1
497,254,410,461,46,111,1,-1,-1,-1
497,252,1074,444,41,115,1,-1,-1,-1
497,248,1178,449,38,87,1,-1,-1,-1
497,243,459,456,31,99,1,-1,-1,-1
497,240,502,455,23,61,1,-1,-1,-1
497,236,578,424,16,42,1,-1,-1,-1
497,234,969,436,90,242,1,-1,-1,-1
497,232,534,457,26,74,1,-1,-1,-1
497,228,571,455,26,78,1,-1,-1,-1
497,223,1115,440,43,118,1,-1,-1,-1
497,221,663,432,108,267,1,-1,-1,-1
497,219,1093,440,43,127,1,-1,-1,-1
497,216,836,438,120,286,1,-1,-1,-1
497,206,1217,424,225,600,1,-1,-1,-1
497,205,1409,388,300,691,1,-1,-1,-1
497,204,1645,416,170,462,1,-1,-1,-1
498,260,633,453,27,83,1,-1,-1,-1
498,259,380,464,44,111,1,-1,-1,-1
498,254,411,461,45,111,1,-1,-1,-1
498,252,1073,443,41,116,1,-1,-1,-1
498,248,1178,448,38,88,1,-1,-1,-1
498,243,460,456,31,99,1,-1,-1,-1
498,240,502,455,23,60,1,-1,-1,-1
498,236,577,424,16,42,1,-1,-1,-1
498,234,972,437,97,240,1,-1,-1,-1
498,232,535,457,26,74,1,-1,-1,-1
498,228,571,455,26,78,1,-1,-1,-1
498,223,1115,442,43,115,1,-1,-1,-1
498,221,670,432,103,267,1,-1,-1,-1
498,216,844,438,114,285,1,-1,-1,-1
498,206,1218,422,228,602,1,-1,-1,-1
498,205,1421,387,303,692,1,-1,-1,-1
498,204,1654,415,180,465,1,-1,-1,-1
499,262,1350,408,251,558,1,-1,-1,-1
499,260,634,453,26,82,1,-1,-1,-1
499,259,380,464,44,111,1,-1,-1,-1
499,254,411,461,45,110,1,-1,-1,-1
499,252,1074,443,40,115,1,-1,-1,-1
499,248,1175,448,40,89,1,-1,-1,-1
499,243,459,457,31,98,1,-1,-1,-1
499,240,502,456,23,59,1,-1,-1,-1
499,236,576,424,17,42,1,-1,-1,-1
499,234,972,438,101,239,1,-1,-1,-1
499,232,536,457,26,75,1,-1,-1,-1
499,228,572,455,26,79,1,-1,-1,-1
499,223,1113,442,44,113,1,-1,-1,-1
499,221,677,431,99,269,1,-1,-1,-1
499,216,852,438,107,283,1,-1,-1,-1
499,206,1221,420,228,604,1,-1,-1,-1
499,205,1433,386,301,693,1,-1,-1,-1
499,204,1660,417,190,467,1,-1,-1,-1
500,262,1351,413,246,569,1,-1,-1,-1
500,260,635,452,26,82,1,-1,-1,-1
500,259,381,464,43,111,1,-1,-1,-1
500,254,411,461,46,110,1,-1,-1,-1
500,252,1074,443,40,115,1,-1,-1,-1
500,248,1176,448,39,89,1,-1,-1,-1
500,243,459,456,31,98,1,-1,-1,-1
500,240,503,455,24,59,1,-1,-1,-1
500,236,576,423,17,41,1,-1,-1,-1
500,234,973,440,106,238,1,-1,-1,-1
500,232,538,457,26,76,1,-1,-1,-1
500,228,572,455,26,79,1,-1,-1,-1
500,223,1115,446,43,115,1,-1,-1,-1
500,221,685,431,95,270,1,-1,-1,-1
500,216,860,437,101,285,1,-1,-1,-1
500,206,1228,418,224,605,1,-1,-1,-1
500,205,1446,386,296,694,1,-1,-1,-1
500,204,1667,418,203,469,1,-1,-1,-1
501,262,1371,409,228,572,1,-1,-1,-1
501,260,635,452,26,82,1,-1,-1,-1
501,259,382,464,42,111,1,-1,-1,-1
501,254,411,461,46,110,1,-1,-1,-1
501,252,1074,443,40,114,1,-1,-1,-1
501,248,1175,448,40,89,1,-1,-1,-1
501,243,459,456,30,98,1,-1,-1,-1
501,240,503,455,23,59,1,-1,-1,-1
501,236,576,423,16,41,1,-1,-1,-1
501,234,975,441,109,238,1,-1,-1,-1
501,232,539,457,26,76,1,-1,-1,-1
501,228,572,455,26,79,1,-1,-1,-1
501,223,1114,446,44,115,1,-1,-1,-1
501,221,691,430,91,272,1,-1,-1,-1
501,216,866,436,98,287,1,-1,-1,-1
501,206,1238,417,219,605,1,-1,-1,-1
501,205,1462,385,286,695,1,-1,-1,-1
501,204,1675,416,207,471,1,-1,-1,-1
502,265,1116,460,38,128,1,-1,-1,-1
502,262,1376,410,224,579,1,-1,-1,-1
502,260,635,452,26,83,1,-1,-1,-1
502,259,382,463,42,111,1,-1,-1,-1
502,254,411,460,46,111,1,-1,-1,-1
502,252,1073,444,41,116,1,-1,-1,-1
502,248,1175,447,40,90,1,-1,-1,-1
502,243,458,456,31,98,1,-1,-1,-1
502,240,501,456,24,58,1,-1,-1,-1
502,236,575,422,17,41,1,-1,-1,-1
502,234,978,444,109,237,1,-1,-1,-1
502,232,539,456,26,77,1,-1,-1,-1
502,228,572,455,26,79,1,-1,-1,-1
502,223,1114,448,45,117,1,-1,-1,-1
502,221,696,431,87,272,1,-1,-1,-1
502,216,876,436,94,289,1,-1,-1,-1
502,206,1252,415,211,605,1,-1,-1,-1
502,205,1479,383,277,696,1,-1,-1,-1
502,204,1682,416,210,472,1,-1,-1,-1
503,262,1385,414,215,565,1,-1,-1,-1
503,260,635,452,26,84,1,-1,-1,-1
503,259,383,463,41,111,1,-1,-1,-1
503,254,411,460,47,111,1,-1,-1,-1
503,248,1176,447,39,89,1,-1,-1,-1
503,243,458,457,31,98,1,-1,-1,-1
503,240,500,456,24,58,1,-1,-1,-1
503,236,575,423,17,41,1,-1,-1,-1
503,234,983,444,106,236,1,-1,-1,-1
503,232,540,457,26,77,1,-1,-1,-1
503,228,572,455,26,79,1,-1,-1,-1
503,223,1116,448,45,117,1,-1,-1,-1
503,221,701,431,86,271,1,-1,-1,-1
503,216,886,437,91,288,1,-1,-1,-1
503,206,1269,416,199,608,1,-1,-1,-1
503,205,1494,384,269,696,1,-1,-1,-1
503,204,1690,416,215,473,1,-1,-1,-1
504,262,1394,411,207,562,1,-1,-1,-1
504,260,635,452,26,85,1,-1,-1,-1
504,259,382,464,42,111,1,-1,-1,-1
504,254,410,460,47,111,1,-1,-1,-1
504,243,457,458,31,97,1,-1,-1,-1
504,240,499,457,24,58,1,-1,-1,-1
504,236,575,423,17,40,1,-1,-1,-1
504,234,986,444,104,236,1,-1,-1,-1
504,232,538,457,26,77,1,-1,-1,-1
504,228,572,454,26,80,1,-1,-1,-1
504,223,1116,448,44,119,1,-1,-1,-1
504,221,706,431,85,271,1,-1,-1,-1
504,216,893,434,91,289,1,-1,-1,-1
504,206,1283,417,189,609,1,-1,-1,-1
504,205,1505,384,259,696,1,-1,-1,-1
504,204,1701,416,217,476,1,-1,-1,-1
505,266,867,412,82,294,1,-1,-1,-1
505,262,1414,408,207,566,1,-1,-1,-1
505,260,634,452,27,86,1,-1,-1,-1
505,259,382,464,42,111,1,-1,-1,-1
505,254,410,460,47,111,1,-1,-1,-1
505,243,456,458,32,97,1,-1,-1,-1
505,240,499,456,24,58,1,-1,-1,-1
505,236,575,422,17,40,1,-1,-1,-1
505,234,993,445,99,235,1,-1,-1,-1
505,232,538,456,26,79,1,-1,-1,-1
505,228,572,454,26,80,1,-1,-1,-1
505,223,1114,446,44,118,1,-1,-1,-1
505,221,709,430,85,272,1,-1,-1,-1
505,216,900,433,94,290,1,-1,-1,-1
505,206,1296,417,180,613,1,-1,-1,-1
505,205,1511,383,251,697,1,-1,-1,-1
505,204,1709,416,215,480,1,-1,-1,-1
506,266,868,412,79,293,1,-1,-1,-1
506,262,1427,410,205,570,1,-1,-1,-1
506,260,633,452,28,87,1,-1,-1,-1
506,259,382,464,42,111,1,-1,-1,-1
506,254,410,461,47,110,1,-1,-1,-1
506,243,456,458,32,97,1,-1,-1,-1
506,240,498,457,24,58,1,-1,-1,-1
506,236,575,423,17,39,1,-1,-1,-1
506,234,1002,446,92,234,1,-1,-1,-1
506,232,539,457,26,78,1,-1,-1,-1
506,228,572,454,26,81,1,-1,-1,-1
506,223,1111,446,45,117,1,-1,-1,-1
506,221,714,430,85,272,1,-1,-1,-1
506,216,905,435,101,288,1,-1,-1,-1
506,206,1306,418,176,616,1,-1,-1,-1
506,205,1517,383,245,697,1,-1,-1,-1
506,204,1718,413,210,485,1,-1,-1,-1
507,266,869,412,80,293,1,-1,-1,-1
507,262,1437,413,200,575,1,-1,-1,-1
507,260,634,451,27,88,1,-1,-1,-1
507,259,382,464,41,111,1,-1,-1,-1
507,254,410,461,47,110,1,-1,-1,-1
507,248,1170,447,41,89,1,-1,-1,-1
507,243,458,458,31,96,1,-1,-1,-1
507,240,497,457,24,59,1,-1,-1,-1
507,236,575,423,17,39,1,-1,-1,-1
507,234,1010,450,84,232,1,-1,-1,-1
507,232,540,457,26,78,1,-1,-1,-1
507,228,572,454,27,81,1,-1,-1,-1
507,223,1108,445,47,121,1,-1,-1,-1
507,221,717,431,89,271,1,-1,-1,-1
507,216,908,435,110,288,1,-1,-1,-1
507,206,1315,419,177,620,1,-1,-1,-1
507,205,1521,384,242,697,1,-1,-1,-1
507,204,1728,411,202,491,1,-1,-1,-1
508,266,869,412,81,290,1,-1,-1,-1
508,260,634,451,27,88,1,-1,-1,-1
508,259,383,464,40,111,1,-1,-1,-1
508,254,410,460,46,111,1,-1,-1,-1
508,248,1170,447,41,89,1,-1,-1,-1
508,243,458,458,31,96,1,-1,-1,-1
508,240,496,458,24,58,1,-1,-1,-1
508,236,575,423,17,38,1,-1,-1,-1
508,234,1018,451,79,229,1,-1,-1,-1
508,232,540,458,26,77,1,-1,-1,-1
508,228,572,454,27,81,1,-1,-1,-1
508,223,1108,443,47,123,1,-1,-1,-1
508,221,720,431,93,269,1,-1,-1,-1
508,216,909,434,118,289,1,-1,-1,-1
508,206,1322,419,178,623,1,-1,-1,-1
508,205,1525,383,241,697,1,-1,-1,-1
508,204,1737,407,194,497,1,-1,-1,-1
509,266,869,413,81,289,1,-1,-1,-1
509,260,635,451,27,88,1,-1,-1,-1
509,259,382,464,41,111,1,-1,-1,-1
509,254,410,461,46,110,1,-1,-1,-1
509,248,1169,446,42,89,1,-1,-1,-1
509,243,457,458,32,96,1,-1,-1,-1
509,240,496,458,24,58,1,-1,-1,-1
509,236,575,424,17,37,1,-1,-1,-1
509,234,1025,447,76,230,1,-1,-1,-1
509,232,540,458,26,77,1,-1,-1,-1
509,228,572,454,27,81,1,-1,-1,-1
509,223,1104,440,49,126,1,-1,-1,-1
509,221,722,432,96,267,1,-1,-1,-1
509,216,911,435,127,289,1,-1,-1,-1
509,206,1324,419,186,626,1,-1,-1,-1
509,205,1531,385,239,696,1,-1,-1,-1
509,204,1745,403,185,498,1,-1,-1,-1
510,266,869,416,81,286,1,-1,-1,-1
510,260,635,453,27,89,1,-1,-1,-1
510,259,383,463,41,112,1,-1,-1,-1
510,254,410,460,46,111,1,-1,-1,-1
510,248,1167,446,42,89,1,-1,-1,-1
510,243,458,458,31,97,1,-1,-1,-1
510,240,496,458,24,59,1,-1,-1,-1
510,236,575,424,16,37,1,-1,-1,-1
510,234,1030,445,75,231,1,-1,-1,-1
510,232,540,458,26,76,1,-1,-1,-1
510,228,572,454,27,80,1,-1,-1,-1
510,223,1102,442,51,132,1,-1,-1,-1
510,221,723,433,101,266,1,-1,-1,-1
510,216,909,437,134,286,1,-1,-1,-1
510,206,1327,419,196,632,1,-1,-1,-1
510,205,1536,386,247,695,1,-1,-1,-1
510,204,1756,398,175,497,1,-1,-1,-1
511,266,871,416,83,284,1,-1,-1,-1
511,260,635,454,27,90,1,-1,-1,-1
511,259,383,463,41,112,1,-1,-1,-1
511,254,410,461,46,111,1,-1,-1,-1
511,248,1168,446,41,88,1,-1,-1,-1
511,243,457,457,32,97,1,-1,-1,-1
511,236,575,424,17,37,1,-1,-1,-1
511,234,1036,444,76,231,1,-1,-1,-1
511,232,540,458,26,76,1,-1,-1,-1
511,228,572,453,27,80,1,-1,-1,-1
511,223,1101,439,52,133,1,-1,-1,-1
511,221,724,433,104,264,1,-1,-1,-1
511,216,910,438,139,285,1,-1,-1,-1
511,206,1330,415,205,640,1,-1,-1,-1
511,205,1542,385,261,696,1,-1,-1,-1
511,204,1768,398,163,501,1,-1,-1,-1
512,266,870,422,81,280,1,-1,-1,-1
512,260,635,453,27,91,1,-1,-1,-1
512,259,382,463,41,112,1,-1,-1,-1
512,254,411,462,44,110,1,-1,-1,-1
512,248,1169,447,41,87,1,-1,-1,-1
512,243,457,458,32,98,1,-1,-1,-1
512,236,574,424,17,37,1,-1,-1,-1
512,234,1041,445,78,230,1,-1,-1,-1
512,232,540,458,26,76,1,-1,-1,-1
512,228,572,453,27,80,1,-1,-1,-1
512,223,1099,436,54,136,1,-1,-1,-1
512,221,725,434,106,264,1,-1,-1,-1
512,216,909,439,143,285,1,-1,-1,-1
512,206,1330,415,213,644,1,-1,-1,-1
512,205,1545,385,272,695,1,-1,-1,-1
512,204,1778,398,152,503,1,-1,-1,-1
513,266,873,422,81,277,1,-1,-1,-1
513,260,636,453,27,92,1,-1,-1,-1
513,259,381,463,41,112,1,-1,-1,-1
513,254,411,462,44,111,1,-1,-1,-1
513,248,1170,448,40,87,1,-1,-1,-1
513,243,457,458,32,98,1,-1,-1,-1
513,236,574,424,17,37,1,-1,-1,-1
513,234,1045,445,82,229,1,-1,-1,-1
513,232,540,457,26,76,1,-1,-1,-1
513,228,572,453,26,80,1,-1,-1,-1
513,221,726,434,109,264,1,-1,-1,-1
513,216,909,440,146,284,1,-1,-1,-1
513,206,1329,417,218,647,1,-1,-1,-1
513,205,1548,385,281,695,1,-1,-1,-1
513,204,1789,395,140,506,1,-1,-1,-1
514,271,1111,461,43,134,1,-1,-1,-1
514,266,874,420,84,278,1,-1,-1,-1
514,260,637,453,28,92,1,-1,-1,-1
514,259,381,463,41,112,1,-1,-1,-1
514,254,411,462,43,111,1,-1,-1,-1
514,248,1171,448,40,87,1,-1,-1,-1
514,243,457,458,32,99,1,-1,-1,-1
514,240,495,457,24,63,1,-1,-1,-1
514,236,574,425,17,36,1,-1,-1,-1
514,234,1047,444,87,231,1,-1,-1,-1
514,232,540,457,26,76,1,-1,-1,-1
514,228,572,453,27,80,1,-1,-1,-1
514,221,727,435,111,264,1,-1,-1,-1
514,216,910,441,147,283,1,-1,-1,-1
514,206,1328,419,222,648,1,-1,-1,-1
514,205,1551,383,286,697,1,-1,-1,-1
514,204,1799,394,129,509,1,-1,-1,-1
515,266,876,418,86,280,1,-1,-1,-1
515,260,637,453,27,92,1,-1,-1,-1
515,259,381,463,41,112,1,-1,-1,-1
515,254,411,462,43,110,1,-1,-1,-1
515,248,1171,448,40,86,1,-1,-1,-1
515,243,457,457,32,99,1,-1,-1,-1
515,240,490,461,25,70,1,-1,-1,-1
515,236,574,425,17,37,1,-1,-1,-1
515,234,1049,446,91,231,1,-1,-1,-1
515,232,540,457,26,76,1,-1,-1,-1
515,228,573,454,26,80,1,-1,-1,-1
515,221,729,435,110,264,1,-1,-1,-1
515,216,912,441,148,282,1,-1,-1,-1
515,206,1328,421,225,647,1,-1,-1,-1
515,205,1556,382,288,698,1,-1,-1,-1
515,204,1805,393,121,512,1,-1,-1,-1
516,274,692,451,40,124,1,-1,-1,-1
516,266,876,416,89,283,1,-1,-1,-1
516,260,637,453,28,92,1,-1,-1,-1
516,259,381,463,42,112,1,-1,-1,-1
516,254,411,462,43,110,1,-1,-1,-1
516,248,1173,448,39,87,1,-1,-1,-1
516,243,458,457,31,99,1,-1,-1,-1
516,240,489,461,25,75,1,-1,-1,-1
516,236,573,425,18,37,1,-1,-1,-1
516,234,1050,444,93,233,1,-1,-1,-1
516,232,541,457,25,76,1,-1,-1,-1
516,228,573,455,27,79,1,-1,-1,-1
516,221,733,434,108,262,1,-1,-1,-1
516,216,915,441,147,282,1,-1,-1,-1
516,206,1330,423,228,647,1,-1,-1,-1
516,205,1562,381,286,699,1,-1,-1,-1
516,204,1812,393,112,514,1,-1,-1,-1
517,274,690,450,39,125,1,-1,-1,-1
517,266,876,416,92,284,1,-1,-1,-1
517,260,639,453,26,91,1,-1,-1,-1
517,259,381,463,42,112,1,-1,-1,-1
517,254,411,463,43,110,1,-1,-1,-1
517,248,1174,448,39,87,1,-1,-1,-1
517,243,458,458,31,98,1,-1,-1,-1
517,236,574,425,17,37,1,-1,-1,-1
517,234,1050,443,96,234,1,-1,-1,-1
517,232,541,457,26,76,1,-1,-1,-1
517,228,574,455,26,80,1,-1,-1,-1
517,221,737,432,105,261,1,-1,-1,-1
517,216,919,442,145,281,1,-1,-1,-1
517,206,1331,424,231,646,1,-1,-1,-1
517,205,1566,383,289,698,1,-1,-1,-1
517,204,1818,393,105,514,1,-1,-1,-1
518,274,688,449,40,126,1,-1,-1,-1
518,273,495,457,24,62,1,-1,-1,-1
518,266,876,414,94,287,1,-1,-1,-1
518,260,639,452,26,91,1,-1,-1,-1
518,259,381,463,42,112,1,-1,-1,-1
518,254,412,463,42,110,1,-1,-1,-1
518,248,1174,448,39,86,1,-1,-1,-1
518,243,458,458,31,98,1,-1,-1,-1
518,236,574,425,17,36,1,-1,-1,-1
518,234,1051,444,98,233,1,-1,-1,-1
518,232,542,458,25,75,1,-1,-1,-1
518,228,574,455,26,80,1,-1,-1,-1
518,221,742,432,102,260,1,-1,-1,-1
518,216,922,442,143,281,1,-1,-1,-1
518,206,1333,422,233,647,1,-1,-1,-1
518,205,1570,383,291,697,1,-1,-1,-1
518,204,1827,396,97,508,1,-1,-1,-1
519,274,684,448,41,127,1,-1,-1,-1
519,273,495,457,24,61,1,-1,-1,-1
519,266,877,413,94,287,1,-1,-1,-1
519,260,640,452,26,91,1,-1,-1,-1
519,259,381,463,42,113,1,-1,-1,-1
519,254,411,462,43,110,1,-1,-1,-1
519,248,1174,448,38,86,1,-1,-1,-1
519,243,459,457,31,98,1,-1,-1,-1
519,236,574,425,17,36,1,-1,-1,-1
519,234,1052,440,98,235,1,-1,-1,-1
519,232,543,458,25,75,1,-1,-1,-1
519,228,575,456,26,79,1,-1,-1,-1
519,221,747,432,98,259,1,-1,-1,-1
519,216,927,440,139,282,1,-1,-1,-1
519,206,1339,417,236,648,1,-1,-1,-1
519,205,1572,383,289,698,1,-1,-1,-1
519,204,1828,404,93,514,1,-1,-1,-1
520,274,681,446,42,129,1,-1,-1,-1
520,273,495,457,24,62,1,-1,-1,-1
520,266,878,412,93,287,1,-1,-1,-1
520,260,641,450,25,90,1,-1,-1,-1
520,259,381,463,42,113,1,-1,-1,-1
520,254,411,462,43,110,1,-1,-1,-1
520,248,1175,449,37,85,1,-1,-1,-1
520,243,459,457,30,98,1,-1,-1,-1
520,236,574,425,17,36,1,-1,-1,-1
520,234,1054,440,98,236,1,-1,-1,-1
520,232,543,458,25,75,1,-1,-1,-1
520,228,575,456,26,78,1,-1,-1,-1
520,221,755,431,93,259,1,-1,-1,-1
520,216,934,439,133,283,1,-1,-1,-1
520,206,1346,416,237,649,1,-1,-1,-1
520,205,1572,382,288,698,1,-1,-1,-1
520,204,1848,397,78,528,1,-1,-1,-1
521,276,616,451,24,59,1,-1,-1,-1
521,274,680,445,42,130,1,-1,-1,-1
521,273,495,457,24,63,1,-1,-1,-1
521,266,879,412,93,288,1,-1,-1,-1
521,259,381,463,41,113,1,-1,-1,-1
521,254,411,462,43,110,1,-1,-1,-1
521,248,1175,449,37,85,1,-1,-1,-1
521,243,459,457,30,98,1,-1,-1,-1
521,236,574,426,17,36,1,-1,-1,-1
521,234,1055,439,98,237,1,-1,-1,-1
521,232,543,459,24,74,1,-1,-1,-1
521,228,575,457,26,77,1,-1,-1,-1
521,221,763,430,89,260,1,-1,-1,-1
521,216,940,439,127,284,1,-1,-1,-1
521,206,1352,415,238,651,1,-1,-1,-1
521,205,1575,383,287,697,1,-1,-1,-1
521,204,1863,398,63,538,1,-1,-1,-1
522,280,718,449,31,90,1,-1,-1,-1
522,276,617,451,23,59,1,-1,-1,-1
522,274,678,444,43,130,1,-1,-1,-1
522,273,494,457,24,64,1,-1,-1,-1
522,266,881,412,95,289,1,-1,-1,-1
522,259,381,463,41,112,1,-1,-1,-1
522,254,411,462,43,110,1,-1,-1,-1
522,248,1175,449,37,86,1,-1,-1,-1
522,243,460,457,29,98,1,-1,-1,-1
522,240,491,457,24,82,1,-1,-1,-1
522,236,574,426,17,36,1,-1,-1,-1
522,234,1056,439,97,236,1,-1,-1,-1
522,232,543,459,24,74,1,-1,-1,-1
522,228,576,457,25,77,1,-1,-1,-1
522,221,771,430,84,260,1,-1,-1,-1
522,216,947,437,121,286,1,-1,-1,-1
522,206,1352,418,243,652,1,-1,-1,-1
522,205,1575,382,285,698,1,-1,-1,-1
523,280,717,449,31,89,1,-1,-1,-1
523,276,616,449,24,60,1,-1,-1,-1
523,274,678,445,42,130,1,-1,-1,-1
523,273,496,457,23,63,1,-1,-1,-1
523,266,885,411,96,291,1,-1,-1,-1
523,259,382,462,41,113,1,-1,-1,-1
523,254,411,462,43,109,1,-1,-1,-1
523,248,1175,448,37,86,1,-1,-1,-1
523,243,459,457,30,98,1,-1,-1,-1
523,236,575,426,16,36,1,-1,-1,-1
523,234,1057,439,97,235,1,-1,-1,-1
523,232,543,459,24,74,1,-1,-1,-1
523,228,576,456,26,77,1,-1,-1,-1
523,221,776,430,81,260,1,-1,-1,-1
523,216,955,437,114,285,1,-1,-1,-1
523,206,1359,418,242,653,1,-1,-1,-1
523,205,1576,382,283,698,1,-1,-1,-1
524,280,717,449,31,89,1,-1,-1,-1
524,276,615,448,24,61,1,-1,-1,-1
524,274,676,445,43,130,1,-1,-1,-1
524,273,497,457,23,61,1,-1,-1,-1
524,266,890,410,95,293,1,-1,-1,-1
524,259,382,462,41,113,1,-1,-1,-1
524,254,411,461,43,110,1,-1,-1,-1
524,248,1175,448,36,86,1,-1,-1,-1
524,243,459,456,30,98,1,-1,-1,-1
524,236,575,426,16,37,1,-1,-1,-1
524,234,1060,443,95,233,1,-1,-1,-1
524,232,543,458,25,75,1,-1,-1,-1
524,228,577,455,26,79,1,-1,-1,-1
524,221,781,429,81,262,1,-1,-1,-1
524,216,965,437,108,285,1,-1,-1,-1
524,206,1369,417,239,653,1,-1,-1,-1
524,205,1588,380,289,700,1,-1,-1,-1
525,280,717,449,30,92,1,-1,-1,-1
525,279,506,456,21,61,1,-1,-1,-1
525,274,674,446,44,128,1,-1,-1,-1
525,266,893,410,93,295,1,-1,-1,-1
525,259,382,462,41,114,1,-1,-1,-1
525,254,412,460,42,111,1,-1,-1,-1
525,248,1174,448,37,87,1,-1,-1,-1
525,243,459,456,30,98,1,-1,-1,-1
525,236,575,426,16,37,1,-1,-1,-1
525,234,1062,445,94,231,1,-1,-1,-1
525,232,543,458,25,76,1,-1,-1,-1
525,228,577,455,27,78,1,-1,-1,-1
525,221,786,428,80,263,1,-1,-1,-1
525,216,976,436,102,286,1,-1,-1,-1
525,206,1382,418,234,653,1,-1,-1,-1
525,205,1597,379,299,700,1,-1,-1,-1
526,280,716,449,31,92,1,-1,-1,-1
526,279,506,457,21,60,1,-1,-1,-1
526,274,673,446,45,126,1,-1,-1,-1
526,266,898,410,90,297,1,-1,-1,-1
526,259,382,462,41,114,1,-1,-1,-1
526,254,412,460,43,111,1,-1,-1,-1
526,248,1172,448,37,89,1,-1,-1,-1
526,243,458,456,31,98,1,-1,-1,-1
526,236,575,426,16,38,1,-1,-1,-1
526,234,1066,444,92,230,1,-1,-1,-1
526,232,543,458,25,76,1,-1,-1,-1
526,228,578,455,26,78,1,-1,-1,-1
526,221,789,427,82,263,1,-1,-1,-1
526,216,986,438,99,286,1,-1,-1,-1
526,206,1399,419,228,655,1,-1,-1,-1
526,205,1602,380,306,700,1,-1,-1,-1
527,280,716,449,31,93,1,-1,-1,-1
527,279,507,457,21,59,1,-1,-1,-1
527,274,671,446,47,126,1,-1,-1,-1
527,266,903,410,87,298,1,-1,-1,-1
527,259,382,461,41,115,1,-1,-1,-1
527,254,412,459,43,112,1,-1,-1,-1
527,248,1171,449,38,90,1,-1,-1,-1
527,243,458,457,31,97,1,-1,-1,-1
527,236,575,425,16,39,1,-1,-1,-1
527,234,1070,445,90,229,1,-1,-1,-1
527,232,543,458,25,76,1,-1,-1,-1
527,228,578,455,26,78,1,-1,-1,-1
527,221,793,428,83,260,1,-1,-1,-1
527,216,991,437,96,287,1,-1,-1,-1
527,206,1421,414,220,659,1,-1,-1,-1
527,205,1610,378,308,701,1,-1,-1,-1
528,284,1496,407,242,652,1,-1,-1,-1
528,283,512,455,20,58,1,-1,-1,-1
528,280,716,448,31,94,1,-1,-1,-1
528,274,669,446,47,126,1,-1,-1,-1
528,266,907,410,85,298,1,-1,-1,-1
528,259,383,461,41,115,1,-1,-1,-1
528,254,412,458,43,113,1,-1,-1,-1
528,248,1169,449,38,92,1,-1,-1,-1
528,243,456,457,32,97,1,-1,-1,-1
528,236,575,426,16,39,1,-1,-1,-1
528,234,1076,446,86,228,1,-1,-1,-1
528,232,543,457,25,77,1,-1,-1,-1
528,228,578,454,26,79,1,-1,-1,-1
528,221,797,429,84,259,1,-1,-1,-1
528,216,994,439,93,285,1,-1,-1,-1
528,206,1443,411,218,663,1,-1,-1,-1
528,205,1622,375,303,704,1,-1,-1,-1
529,284,1498,405,236,649,1,-1,-1,-1
529,280,716,448,32,95,1,-1,-1,-1
529,276,615,445,26,66,1,-1,-1,-1
529,274,668,447,48,125,1,-1,-1,-1
529,266,910,409,85,299,1,-1,-1,-1
529,259,383,461,41,115,1,-1,-1,-1
529,254,412,458,43,113,1,-1,-1,-1
529,248,1167,450,39,93,1,-1,-1,-1
529,243,456,457,32,97,1,-1,-1,-1
529,236,575,426,16,39,1,-1,-1,-1
529,234,1080,447,83,229,1,-1,-1,-1
529,232,543,457,25,77,1,-1,-1,-1
529,228,578,454,26,79,1,-1,-1,-1
529,221,802,429,90,259,1,-1,-1,-1
529,216,998,439,92,286,1,-1,-1,-1
529,206,1456,410,222,666,1,-1,-1,-1
529,205,1651,376,283,703,1,-1,-1,-1
530,284,1523,402,218,634,1,-1,-1,-1
530,280,715,448,32,95,1,-1,-1,-1
530,276,615,445,26,66,1,-1,-1,-1
530,274,666,447,48,125,1,-1,-1,-1
530,266,912,409,85,300,1,-1,-1,-1
530,259,383,462,40,114,1,-1,-1,-1
530,254,411,458,44,113,1,-1,-1,-1
530,243,457,458,32,97,1,-1,-1,-1
530,236,575,425,16,40,1,-1,-1,-1
530,234,1084,449,79,229,1,-1,-1,-1
530,232,543,457,25,77,1,-1,-1,-1
530,228,578,454,26,80,1,-1,-1,-1
530,221,805,430,94,258,1,-1,-1,-1
530,216,1004,439,94,286,1,-1,-1,-1
530,206,1454,410,216,667,1,-1,-1,-1
530,205,1666,375,268,705,1,-1,-1,-1
531,285,625,450,25,62,1,-1,-1,-1
531,284,1548,401,202,630,1,-1,-1,-1
531,280,714,447,32,96,1,-1,-1,-1
531,276,616,445,26,67,1,-1,-1,-1
531,274,664,447,47,124,1,-1,-1,-1
531,266,914,409,84,300,1,-1,-1,-1
531,259,383,462,40,114,1,-1,-1,-1
531,254,411,458,43,113,1,-1,-1,-1
531,243,458,459,31,97,1,-1,-1,-1
531,236,575,425,17,39,1,-1,-1,-1
531,234,1088,448,76,231,1,-1,-1,-1
531,232,543,456,24,78,1,-1,-1,-1
531,228,577,454,27,81,1,-1,-1,-1
531,221,805,428,100,259,1,-1,-1,-1
531,216,1007,437,97,287,1,-1,-1,-1
531,206,1453,412,213,668,1,-1,-1,-1
531,205,1687,375,249,705,1,-1,-1,-1
532,284,1565,401,199,629,1,-1,-1,-1
532,282,588,427,26,42,1,-1,-1,-1
532,280,714,447,32,97,1,-1,-1,-1
532,276,616,444,27,68,1,-1,-1,-1
532,274,663,447,45,123,1,-1,-1,-1
532,266,917,410,84,299,1,-1,-1,-1
532,259,382,462,40,114,1,-1,-1,-1
532,254,411,459,43,113,1,-1,-1,-1
532,243,458,459,30,96,1,-1,-1,-1
532,236,575,425,17,40,1,-1,-1,-1
532,234,1092,446,74,233,1,-1,-1,-1
532,232,543,455,25,79,1,-1,-1,-1
532,228,576,454,28,81,1,-1,-1,-1
532,221,806,430,105,257,1,-1,-1,-1
532,216,1011,438,98,286,1,-1,-1,-1
532,206,1456,411,213,669,1,-1,-1,-1
532,205,1703,375,232,705,1,-1,-1,-1
533,284,1570,402,194,628,1,-1,-1,-1
533,280,713,447,33,97,1,-1,-1,-1
533,276,616,444,27,68,1,-1,-1,-1
533,274,662,448,43,122,1,-1,-1,-1
533,266,919,409,86,299,1,-1,-1,-1
533,259,383,462,39,113,1,-1,-1,-1
533,254,411,458,43,113,1,-1,-1,-1
533,248,1166,448,41,97,1,-1,-1,-1
533,243,457,459,31,97,1,-1,-1,-1
533,236,575,425,17,41,1,-1,-1,-1
533,234,1095,444,73,234,1,-1,-1,-1
533,232,543,455,25,79,1,-1,-1,-1
533,228,577,453,28,82,1,-1,-1,-1
533,221,806,431,109,257,1,-1,-1,-1
533,216,1013,438,104,285,1,-1,-1,-1
533,206,1461,411,223,670,1,-1,-1,-1
533,205,1713,375,218,705,1,-1,-1,-1
534,284,1578,402,189,628,1,-1,-1,-1
534,280,714,447,33,98,1,-1,-1,-1
534,274,661,448,42,121,1,-1,-1,-1
534,266,922,408,88,299,1,-1,-1,-1
534,259,383,462,40,113,1,-1,-1,-1
534,254,411,458,43,113,1,-1,-1,-1
534,248,1167,446,41,96,1,-1,-1,-1
534,243,456,459,32,97,1,-1,-1,-1
534,236,574,425,18,41,1,-1,-1,-1
534,234,1096,443,74,234,1,-1,-1,-1
534,232,544,454,25,80,1,-1,-1,-1
534,228,578,453,28,83,1,-1,-1,-1
534,221,807,431,112,257,1,-1,-1,-1
534,216,1015,438,110,285,1,-1,-1,-1
534,206,1461,409,226,671,1,-1,-1,-1
534,205,1725,377,205,704,1,-1,-1,-1
535,284,1582,403,190,628,1,-1,-1,-1
535,280,714,447,34,97,1,-1,-1,-1
535,274,660,449,42,120,1,-1,-1,-1
535,266,922,410,92,298,1,-1,-1,-1
535,259,383,462,40,113,1,-1,-1,-1
535,254,411,458,44,113,1,-1,-1,-1
535,248,1165,448,43,95,1,-1,-1,-1
535,243,456,458,31,97,1,-1,-1,-1
535,236,574,425,18,41,1,-1,-1,-1
535,234,1099,442,75,235,1,-1,-1,-1
535,232,545,454,25,81,1,-1,-1,-1
535,228,579,453,29,83,1,-1,-1,-1
535,221,807,432,115,255,1,-1,-1,-1
535,216,1015,438,115,284,1,-1,-1,-1
535,206,1464,408,236,672,1,-1,-1,-1
535,205,1735,380,193,701,1,-1,-1,-1
536,284,1585,404,192,627,1,-1,-1,-1
536,280,713,446,34,98,1,-1,-1,-1
536,274,659,449,41,120,1,-1,-1,-1
536,266,922,412,96,297,1,-1,-1,-1
536,259,383,462,40,113,1,-1,-1,-1
536,254,412,458,43,113,1,-1,-1,-1
536,248,1165,449,42,97,1,-1,-1,-1
536,243,456,459,31,96,1,-1,-1,-1
536,236,574,425,17,41,1,-1,-1,-1
536,234,1101,442,78,234,1,-1,-1,-1
536,232,546,454,25,82,1,-1,-1,-1
536,228,579,453,30,84,1,-1,-1,-1
536,221,807,431,116,255,1,-1,-1,-1
536,216,1015,438,119,284,1,-1,-1,-1
536,206,1466,407,247,674,1,-1,-1,-1
536,205,1743,383,182,699,1,-1,-1,-1
537,284,1587,407,192,627,1,-1,-1,-1
537,280,713,446,34,98,1,-1,-1,-1
537,274,659,450,40,119,1,-1,-1,-1
537,266,924,413,101,296,1,-1,-1,-1
537,259,383,462,40,113,1,-1,-1,-1
537,254,412,458,43,113,1,-1,-1,-1
537,248,1164,450,43,97,1,-1,-1,-1
537,243,456,459,30,96,1,-1,-1,-1
537,236,574,425,17,42,1,-1,-1,-1
537,234,1103,442,79,233,1,-1,-1,-1
537,232,546,455,26,82,1,-1,-1,-1
537,228,580,454,29,83,1,-1,-1,-1
537,221,809,432,115,255,1,-1,-1,-1
537,216,1015,438,122,284,1,-1,-1,-1
537,206,1463,406,248,674,1,-1,-1,-1
537,205,1751,385,172,697,1,-1,-1,-1
538,284,1588,412,190,621,1,-1,-1,-1
538,280,713,446,34,98,1,-1,-1,-1
538,274,658,450,40,118,1,-1,-1,-1
538,266,927,413,107,296,1,-1,-1,-1
538,259,383,462,40,114,1,-1,-1,-1
538,254,412,458,43,113,1,-1,-1,-1
538,248,1165,450,43,97,1,-1,-1,-1
538,243,455,458,31,97,1,-1,-1,-1
538,236,574,426,17,41,1,-1,-1,-1
538,234,1103,442,79,233,1,-1,-1,-1
538,232,546,455,26,82,1,-1,-1,-1
538,228,581,454,29,84,1,-1,-1,-1
538,221,810,431,115,254,1,-1,-1,-1
538,216,1018,437,122,284,1,-1,-1,-1
538,206,1463,406,251,674,1,-1,-1,-1
538,205,1760,384,163,697,1,-1,-1,-1
539,287,499,455,23,59,1,-1,-1,-1
539,284,1589,413,193,617,1,-1,-1,-1
539,280,713,446,33,98,1,-1,-1,-1
539,274,657,449,39,118,1,-1,-1,-1
539,266,927,413,113,296,1,-1,-1,-1
539,259,383,462,40,114,1,-1,-1,-1
539,254,412,458,43,114,1,-1,-1,-1
539,248,1166,450,44,97,1,-1,-1,-1
539,243,454,458,31,97,1,-1,-1,-1
539,236,575,425,17,41,1,-1,-1,-1
539,234,1104,441,80,233,1,-1,-1,-1
539,232,546,456,26,81,1,-1,-1,-1
539,228,581,454,29,84,1,-1,-1,-1
539,221,813,431,114,253,1,-1,-1,-1
539,216,1021,436,120,284,1,-1,-1,-1
539,206,1466,406,256,674,1,-1,-1,-1
539,205,1768,383,154,697,1,-1,-1,-1
540,284,1590,416,196,612,1,-1,-1,-1
540,280,712,447,34,96,1,-1,-1,-1
540,274,656,449,39,118,1,-1,-1,-1
540,266,927,413,117,296,1,-1,-1,-1
540,259,383,462,40,113,1,-1,-1,-1
540,254,411,458,44,114,1,-1,-1,-1
540,248,1165,450,44,98,1,-1,-1,-1
540,243,455,458,30,97,1,-1,-1,-1
540,236,575,426,16,40,1,-1,-1,-1
540,234,1103,439,79,235,1,-1,-1,-1
540,232,546,456,25,82,1,-1,-1,-1
540,228,580,454,30,85,1,-1,-1,-1
540,221,816,431,113,251,1,-1,-1,-1
540,216,1025,435,117,285,1,-1,-1,-1
540,206,1467,408,255,674,1,-1,-1,-1
540,205,1776,387,145,695,1,-1,-1,-1
541,284,1586,418,204,607,1,-1,-1,-1
541,280,711,447,34,96,1,-1,-1,-1
541,274,656,449,38,117,1,-1,-1,-1
541,266,928,412,121,295,1,-1,-1,-1
541,259,383,462,39,113,1,-1,-1,-1
541,254,411,458,44,114,1,-1,-1,-1
541,248,1166,450,45,98,1,-1,-1,-1
541,243,454,458,31,97,1,-1,-1,-1
541,236,576,426,16,41,1,-1,-1,-1
541,234,1102,439,80,236,1,-1,-1,-1
541,232,545,456,26,82,1,-1,-1,-1
541,228,580,454,30,85,1,-1,-1,-1
541,221,819,431,112,250,1,-1,-1,-1
541,216,1029,436,114,285,1,-1,-1,-1
541,206,1470,409,252,673,1,-1,-1,-1
541,205,1785,386,136,695,1,-1,-1,-1
542,284,1588,420,213,606,1,-1,-1,-1
542,280,711,448,32,95,1,-1,-1,-1
542,274,656,449,38,117,1,-1,-1,-1
542,266,928,413,125,295,1,-1,-1,-1
542,259,383,462,39,113,1,-1,-1,-1
542,254,411,458,44,113,1,-1,-1,-1
542,248,1167,450,46,99,1,-1,-1,-1
542,243,455,457,31,98,1,-1,-1,-1
542,236,576,426,15,39,1,-1,-1,-1
542,234,1103,440,80,236,1,-1,-1,-1
542,232,545,456,26,82,1,-1,-1,-1
542,228,580,454,30,85,1,-1,-1,-1
542,221,825,431,109,249,1,-1,-1,-1
542,216,1034,434,110,286,1,-1,-1,-1
542,206,1477,405,256,672,1,-1,-1,-1
542,205,1794,382,127,697,1,-1,-1,-1
543,289,527,456,24,69,1,-1,-1,-1
543,284,1593,422,219,601,1,-1,-1,-1
543,280,710,448,33,95,1,-1,-1,-1
543,274,655,449,38,117,1,-1,-1,-1
543,266,928,412,127,294,1,-1,-1,-1
543,259,383,462,40,113,1,-1,-1,-1
543,254,411,458,43,113,1,-1,-1,-1
543,248,1171,449,47,98,1,-1,-1,-1
543,243,456,457,31,98,1,-1,-1,-1
543,236,575,426,16,38,1,-1,-1,-1
543,234,1102,438,81,238,1,-1,-1,-1
543,232,546,456,25,82,1,-1,-1,-1
543,228,580,454,30,85,1,-1,-1,-1
543,221,832,431,106,248,1,-1,-1,-1
543,216,1038,434,108,287,1,-1,-1,-1
543,206,1488,406,256,673,1,-1,-1,-1
543,205,1800,377,120,701,1,-1,-1,-1
544,289,527,456,24,68,1,-1,-1,-1
544,284,1592,423,229,603,1,-1,-1,-1
544,274,654,448,38,117,1,-1,-1,-1
544,266,928,413,129,292,1,-1,-1,-1
544,259,384,462,39,113,1,-1,-1,-1
544,254,411,458,44,113,1,-1,-1,-1
544,243,457,457,30,98,1,-1,-1,-1
544,236,576,425,15,38,1,-1,-1,-1
544,234,1109,439,80,238,1,-1,-1,-1
544,232,547,455,25,82,1,-1,-1,-1
544,228,581,454,30,85,1,-1,-1,-1
544,221,839,431,104,247,1,-1,-1,-1
544,216,1044,434,106,288,1,-1,-1,-1
544,206,1500,404,250,675,1,-1,-1,-1
544,205,1809,369,112,706,1,-1,-1,-1
545,289,526,455,25,68,1,-1,-1,-1
545,287,498,454,23,59,1,-1,-1,-1
545,284,1585,424,241,608,1,-1,-1,-1
545,274,654,447,38,117,1,-1,-1,-1
545,266,930,413,128,292,1,-1,-1,-1
545,259,383,462,39,113,1,-1,-1,-1
545,254,411,458,44,113,1,-1,-1,-1
545,243,457,457,31,97,1,-1,-1,-1
545,236,575,425,16,38,1,-1,-1,-1
545,234,1112,441,78,237,1,-1,-1,-1
545,232,547,455,26,82,1,-1,-1,-1
545,228,582,454,29,85,1,-1,-1,-1
545,221,848,430,99,248,1,-1,-1,-1
545,216,1051,435,104,288,1,-1,-1,-1
545,206,1512,406,245,674,1,-1,-1,-1
545,205,1820,384,102,699,1,-1,-1,-1
546,289,524,454,26,68,1,-1,-1,-1
546,287,498,454,23,59,1,-1,-1,-1
546,284,1577,424,254,613,1,-1,-1,-1
546,274,653,448,38,116,1,-1,-1,-1
546,266,933,414,126,291,1,-1,-1,-1
546,259,383,462,39,113,1,-1,-1,-1
546,254,411,458,44,113,1,-1,-1,-1
546,243,455,457,31,97,1,-1,-1,-1
546,236,575,426,16,38,1,-1,-1,-1
546,234,1116,441,77,238,1,-1,-1,-1
546,232,547,455,26,82,1,-1,-1,-1
546,228,582,453,30,85,1,-1,-1,-1
546,221,856,432,94,248,1,-1,-1,-1
546,216,1062,435,100,288,1,-1,-1,-1
546,206,1527,405,232,673,1,-1,-1,-1
546,205,1821,392,98,693,1,-1,-1,-1
547,289,522,453,25,67,1,-1,-1,-1
547,287,499,453,23,60,1,-1,-1,-1
547,284,1578,423,262,617,1,-1,-1,-1
547,280,712,449,32,94,1,-1,-1,-1
547,274,653,449,37,115,1,-1,-1,-1
547,266,937,414,122,291,1,-1,-1,-1
547,259,383,462,40,113,1,-1,-1,-1
547,254,412,458,43,113,1,-1,-1,-1
547,248,1171,450,54,95,1,-1,-1,-1
547,243,455,457,31,97,1,-1,-1,-1
547,236,576,426,15,38,1,-1,-1,-1
547,234,1115,441,77,238,1,-1,-1,-1
547,232,548,454,26,82,1,-1,-1,-1
547,228,583,453,29,85,1,-1,-1,-1
547,221,863,433,91,249,1,-1,-1,-1
547,216,1070,435,95,287,1,-1,-1,-1
547,206,1538,406,225,674,1,-1,-1,-1
547,205,1821,391,96,692,1,-1,-1,-1
548,290,1858,409,63,666,1,-1,-1,-1
548,289,522,452,24,65,1,-1,-1,-1
548,287,499,453,23,59,1,-1,-1,-1
548,284,1576,419,270,624,1,-1,-1,-1
548,280,713,449,31,94,1,-1,-1,-1
548,274,652,450,37,115,1,-1,-1,-1
548,266,942,415,118,290,1,-1,-1,-1
548,259,383,462,39,114,1,-1,-1,-1
548,254,411,458,44,113,1,-1,-1,-1
548,248,1175,451,53,94,1,-1,-1,-1
548,243,455,457,31,98,1,-1,-1,-1
548,236,575,425,16,38,1,-1,-1,-1
548,234,1117,440,77,238,1,-1,-1,-1
548,232,548,453,26,83,1,-1,-1,-1
548,228,583,453,29,85,1,-1,-1,-1
548,221,869,433,88,247,1,-1,-1,-1
548,216,1074,435,91,287,1,-1,-1,-1
548,206,1546,405,223,675,1,-1,-1,-1
548,205,1827,381,91,697,1,-1,-1,-1
549,287,499,452,24,60,1,-1,-1,-1
549,284,1591,416,267,624,1,-1,-1,-1
549,280,713,449,32,94,1,-1,-1,-1
549,274,651,450,37,115,1,-1,-1,-1
549,266,948,416,114,289,1,-1,-1,-1
549,259,383,462,39,113,1,-1,-1,-1
549,254,411,458,44,113,1,-1,-1,-1
549,248,1182,452,49,95,1,-1,-1,-1
549,243,455,457,30,97,1,-1,-1,-1
549,236,575,424,16,38,1,-1,-1,-1
549,234,1115,440,78,240,1,-1,-1,-1
549,232,548,453,27,83,1,-1,-1,-1
549,228,583,452,29,86,1,-1,-1,-1
549,221,874,434,85,247,1,-1,-1,-1
549,216,1080,435,88,287,1,-1,-1,-1
549,206,1555,399,227,675,1,-1,-1,-1
549,205,1843,372,79,703,1,-1,-1,-1
550,287,501,452,23,60,1,-1,-1,-1
550,284,1597,414,268,637,1,-1,-1,-1
550,280,714,449,31,95,1,-1,-1,-1
550,274,650,450,37,115,1,-1,-1,-1
550,266,957,417,107,288,1,-1,-1,-1
550,259,383,462,39,114,1,-1,-1,-1
550,254,411,457,44,114,1,-1,-1,-1
550,248,1186,451,47,95,1,-1,-1,-1
550,243,455,457,30,97,1,-1,-1,-1
550,236,574,424,17,38,1,-1,-1,-1
550,234,1113,439,81,242,1,-1,-1,-1
550,232,549,453,26,83,1,-1,-1,-1
550,228,584,452,29,86,1,-1,-1,-1
550,221,879,436,83,246,1,-1,-1,-1
550,216,1087,435,87,287,1,-1,-1,-1
550,206,1558,400,229,677,1,-1,-1,-1
551,287,501,453,23,60,1,-1,-1,-1
551,284,1609,411,264,651,1,-1,-1,-1
551,280,714,449,32,95,1,-1,-1,-1
551,274,650,451,37,114,1,-1,-1,-1
551,266,964,416,102,288,1,-1,-1,-1
551,259,383,462,40,114,1,-1,-1,-1
551,254,411,457,44,114,1,-1,-1,-1
551,248,1189,450,45,96,1,-1,-1,-1
551,243,454,457,30,97,1,-1,-1,-1
551,236,574,424,16,39,1,-1,-1,-1
551,234,1112,440,85,249,1,-1,-1,-1
551,232,548,453,27,83,1,-1,-1,-1
551,228,584,452,29,86,1,-1,-1,-1
551,221,883,435,81,247,1,-1,-1,-1
551,206,1571,399,238,679,1,-1,-1,-1
552,289,521,451,25,63,1,-1,-1,-1
552,287,499,454,23,60,1,-1,-1,-1
552,284,1629,409,254,652,1,-1,-1,-1
552,280,714,449,33,95,1,-1,-1,-1
552,274,649,451,37,114,1,-1,-1,-1
552,266,973,415,95,287,1,-1,-1,-1
552,259,384,462,39,114,1,-1,-1,-1
552,254,411,458,44,113,1,-1,-1,-1
552,248,1192,451,43,95,1,-1,-1,-1
552,236,574,424,16,39,1,-1,-1,-1
552,234,1119,434,86,251,1,-1,-1,-1
552,232,548,454,27,82,1,-1,-1,-1
552,228,584,452,29,86,1,-1,-1,-1
552,221,888,434,82,247,1,-1,-1,-1
552,206,1561,400,236,680,1,-1,-1,-1
553,292,1086,435,113,291,1,-1,-1,-1
553,291,613,444,30,67,1,-1,-1,-1
553,287,500,455,23,60,1,-1,-1,-1
553,284,1644,402,246,645,1,-1,-1,-1
553,280,715,448,33,96,1,-1,-1,-1
553,274,648,451,37,114,1,-1,-1,-1
553,266,980,415,92,287,1,-1,-1,-1
553,259,384,462,40,114,1,-1,-1,-1
553,254,411,457,44,114,1,-1,-1,-1
553,248,1194,450,42,96,1,-1,-1,-1
553,236,575,423,16,39,1,-1,-1,-1
553,234,1121,431,89,251,1,-1,-1,-1
553,232,548,455,27,82,1,-1,-1,-1
553,228,584,452,29,87,1,-1,-1,-1
553,221,891,434,82,246,1,-1,-1,-1
553,206,1559,400,234,680,1,-1,-1,-1
554,292,1086,435,117,291,1,-1,-1,-1
554,291,613,445,30,66,1,-1,-1,-1
554,287,498,455,24,60,1,-1,-1,-1
554,284,1658,396,237,636,1,-1,-1,-1
554,280,715,447,33,97,1,-1,-1,-1
554,274,647,450,37,114,1,-1,-1,-1
554,266,985,414,90,289,1,-1,-1,-1
554,259,384,462,39,114,1,-1,-1,-1
554,254,412,457,43,114,1,-1,-1,-1
554,248,1194,450,43,98,1,-1,-1,-1
554,236,575,424,16,39,1,-1,-1,-1
554,232,548,455,27,82,1,-1,-1,-1
554,228,583,452,30,87,1,-1,-1,-1
554,221,895,435,84,245,1,-1,-1,-1
554,206,1559,400,238,681,1,-1,-1,-1
555,292,1087,434,119,293,1,-1,-1,-1
555,291,613,446,29,65,1,-1,-1,-1
555,287,497,455,23,59,1,-1,-1,-1
555,284,1669,395,227,627,1,-1,-1,-1
555,280,715,447,33,97,1,-1,-1,-1
555,274,646,451,37,113,1,-1,-1,-1
555,266,991,414,88,289,1,-1,-1,-1
555,259,384,462,39,114,1,-1,-1,-1
555,254,412,456,42,115,1,-1,-1,-1
555,248,1195,450,42,99,1,-1,-1,-1
555,236,575,424,15,39,1,-1,-1,-1
555,232,547,455,28,82,1,-1,-1,-1
555,228,584,452,29,87,1,-1,-1,-1
555,221,896,435,86,245,1,-1,-1,-1
555,206,1562,400,245,681,1,-1,-1,-1
556,292,1088,434,124,291,1,-1,-1,-1
556,291,613,446,29,65,1,-1,-1,-1
556,287,496,455,23,60,1,-1,-1,-1
556,284,1673,396,222,621,1,-1,-1,-1
556,280,715,448,33,97,1,-1,-1,-1
556,274,645,451,37,113,1,-1,-1,-1
556,266,997,413,88,289,1,-1,-1,-1
556,259,383,462,40,114,1,-1,-1,-1
556,254,412,456,42,115,1,-1,-1,-1
556,236,574,424,16,39,1,-1,-1,-1
556,232,547,454,28,83,1,-1,-1,-1
556,228,584,452,29,86,1,-1,-1,-1
556,221,896,435,89,244,1,-1,-1,-1
556,206,1564,399,253,682,1,-1,-1,-1
557,292,1089,434,125,291,1,-1,-1,-1
557,291,613,446,29,65,1,-1,-1,-1
557,287,496,455,23,60,1,-1,-1,-1
557,284,1665,404,236,634,1,-1,-1,-1
557,280,715,448,34,98,1,-1,-1,-1
557,274,645,451,37,113,1,-1,-1,-1
557,266,1001,413,89,288,1,-1,-1,-1
557,259,383,462,40,114,1,-1,-1,-1
557,254,412,455,42,116,1,-1,-1,-1
557,236,575,424,15,39,1,-1,-1,-1
557,232,547,454,28,83,1,-1,-1,-1
557,228,584,452,29,86,1,-1,-1,-1
557,221,898,435,91,244,1,-1,-1,-1
557,206,1566,399,266,682,1,-1,-1,-1
558,292,1090,436,123,287,1,-1,-1,-1
558,291,613,446,29,65,1,-1,-1,-1
558,287,496,455,23,60,1,-1,-1,-1
558,284,1658,404,247,645,1,-1,-1,-1
558,280,715,448,34,98,1,-1,-1,-1
558,274,644,451,37,112,1,-1,-1,-1
558,266,1002,413,92,288,1,-1,-1,-1
558,259,383,462,40,114,1,-1,-1,-1
558,254,413,455,41,116,1,-1,-1,-1
558,236,575,424,16,38,1,-1,-1,-1
558,232,548,454,27,83,1,-1,-1,-1
558,228,585,452,29,86,1,-1,-1,-1
558,221,899,435,92,244,1,-1,-1,-1
558,206,1567,398,279,683,1,-1,-1,-1
559,292,1092,437,121,285,1,-1,-1,-1
559,291,613,446,29,65,1,-1,-1,-1
559,289,519,451,25,62,1,-1,-1,-1
559,284,1678,399,237,643,1,-1,-1,-1
559,280,716,449,32,97,1,-1,-1,-1
559,274,642,451,38,111,1,-1,-1,-1
559,266,1004,414,95,287,1,-1,-1,-1
559,259,382,462,40,114,1,-1,-1,-1
559,254,413,455,41,116,1,-1,-1,-1
559,248,1204,449,42,104,1,-1,-1,-1
559,236,575,424,16,39,1,-1,-1,-1
559,232,548,454,28,83,1,-1,-1,-1
559,228,585,452,29,86,1,-1,-1,-1
559,221,901,436,94,244,1,-1,-1,-1
559,206,1566,398,283,683,1,-1,-1,-1
560,296,498,455,24,61,1,-1,-1,-1
560,292,1095,436,119,285,1,-1,-1,-1
560,291,613,447,28,64,1,-1,-1,-1
560,289,521,452,24,61,1,-1,-1,-1
560,284,1691,399,229,643,1,-1,-1,-1
560,280,716,449,33,97,1,-1,-1,-1
560,274,642,451,37,111,1,-1,-1,-1
560,266,1005,414,100,287,1,-1,-1,-1
560,259,382,462,40,114,1,-1,-1,-1
560,254,414,455,40,116,1,-1,-1,-1
560,248,1205,448,42,105,1,-1,-1,-1
560,236,575,424,15,39,1,-1,-1,-1
560,232,549,455,27,83,1,-1,-1,-1
560,228,585,452,29,85,1,-1,-1,-1
560,221,902,436,95,242,1,-1,-1,-1
560,206,1572,397,281,684,1,-1,-1,-1
561,296,497,455,24,60,1,-1,-1,-1
561,292,1102,437,114,283,1,-1,-1,-1
561,291,612,449,29,63,1,-1,-1,-1
561,289,522,452,25,60,1,-1,-1,-1
561,284,1701,400,223,643,1,-1,-1,-1
561,280,716,450,33,97,1,-1,-1,-1
561,274,640,451,38,110,1,-1,-1,-1
561,266,1006,415,106,286,1,-1,-1,-1
561,259,382,462,40,114,1,-1,-1,-1
561,254,413,455,41,116,1,-1,-1,-1
561,248,1207,447,43,106,1,-1,-1,-1
561,236,575,425,16,39,1,-1,-1,-1
561,232,549,456,27,82,1,-1,-1,-1
561,228,586,453,28,84,1,-1,-1,-1
561,221,908,436,91,240,1,-1,-1,-1
561,206,1581,397,285,684,1,-1,-1,-1
562,296,497,457,24,59,1,-1,-1,-1
562,292,1110,436,108,283,1,-1,-1,-1
562,291,612,448,29,64,1,-1,-1,-1
562,289,523,452,25,60,1,-1,-1,-1
562,280,717,450,33,96,1,-1,-1,-1
562,274,640,451,37,110,1,-1,-1,-1
562,266,1007,414,111,286,1,-1,-1,-1
562,259,381,462,41,114,1,-1,-1,-1
562,254,413,455,41,116,1,-1,-1,-1
562,248,1208,446,44,107,1,-1,-1,-1
562,236,576,425,15,39,1,-1,-1,-1
562,232,550,456,27,82,1,-1,-1,-1
562,228,586,453,28,84,1,-1,-1,-1
562,221,913,435,90,240,1,-1,-1,-1
562,206,1584,396,287,685,1,-1,-1,-1
563,299,881,443,31,81,1,-1,-1,-1
563,296,497,457,24,60,1,-1,-1,-1
563,292,1119,435,105,283,1,-1,-1,-1
563,291,612,449,29,63,1,-1,-1,-1
563,289,524,452,25,59,1,-1,-1,-1
563,280,718,451,32,96,1,-1,-1,-1
563,274,640,451,37,110,1,-1,-1,-1
563,266,1007,416,117,285,1,-1,-1,-1
563,259,382,462,40,114,1,-1,-1,-1
563,254,413,456,42,116,1,-1,-1,-1
563,248,1212,446,44,107,1,-1,-1,-1
563,236,577,424,15,40,1,-1,-1,-1
563,232,550,455,27,83,1,-1,-1,-1
563,228,586,453,28,84,1,-1,-1,-1
563,221,918,433,88,241,1,-1,-1,-1
563,206,1598,396,287,685,1,-1,-1,-1
564,299,883,440,31,80,1,-1,-1,-1
564,296,497,457,24,60,1,-1,-1,-1
564,292,1127,433,102,284,1,-1,-1,-1
564,291,612,448,29,63,1,-1,-1,-1
564,289,524,452,25,59,1,-1,-1,-1
564,280,719,450,32,97,1,-1,-1,-1
564,274,640,452,36,108,1,-1,-1,-1
564,266,1007,416,121,284,1,-1,-1,-1
564,259,382,462,41,114,1,-1,-1,-1
564,254,414,456,41,115,1,-1,-1,-1
564,248,1216,446,44,106,1,-1,-1,-1
564,236,578,422,14,41,1,-1,-1,-1
564,232,550,455,27,83,1,-1,-1,-1
564,228,586,453,28,84,1,-1,-1,-1
564,221,924,432,85,241,1,-1,-1,-1
564,206,1605,395,288,686,1,-1,-1,-1
565,299,884,438,31,81,1,-1,-1,-1
565,296,497,457,25,61,1,-1,-1,-1
565,292,1132,433,100,283,1,-1,-1,-1
565,291,612,448,29,63,1,-1,-1,-1
565,289,524,452,25,59,1,-1,-1,-1
565,280,719,448,32,97,1,-1,-1,-1
565,274,640,452,36,108,1,-1,-1,-1
565,266,1007,416,124,284,1,-1,-1,-1
565,259,382,462,41,114,1,-1,-1,-1
565,254,414,456,41,115,1,-1,-1,-1
565,248,1218,446,44,108,1,-1,-1,-1
565,236,578,422,14,42,1,-1,-1,-1
565,232,550,455,28,83,1,-1,-1,-1
565,228,586,453,28,85,1,-1,-1,-1
565,221,930,431,82,243,1,-1,-1,-1
565,206,1609,394,296,686,1,-1,-1,-1
566,296,498,456,24,62,1,-1,-1,-1
566,292,1138,434,99,281,1,-1,-1,-1
566,291,612,447,29,64,1,-1,-1,-1
566,289,525,452,25,59,1,-1,-1,-1
566,284,1738,410,187,648,1,-1,-1,-1
566,280,719,449,33,98,1,-1,-1,-1
566,274,640,452,35,108,1,-1,-1,-1
566,266,1007,416,126,284,1,-1,-1,-1
566,259,382,462,41,114,1,-1,-1,-1
566,254,415,455,40,116,1,-1,-1,-1
566,248,1220,446,44,106,1,-1,-1,-1
566,236,578,422,14,42,1,-1,-1,-1
566,232,550,454,28,83,1,-1,-1,-1
566,228,586,453,28,85,1,-1,-1,-1
566,221,937,430,82,243,1,-1,-1,-1
566,206,1620,394,293,687,1,-1,-1,-1
567,296,497,456,25,62,1,-1,-1,-1
567,292,1141,434,97,282,1,-1,-1,-1
567,291,612,447,30,64,1,-1,-1,-1
567,289,524,451,25,59,1,-1,-1,-1
567,280,720,447,33,98,1,-1,-1,-1
567,274,640,452,34,108,1,-1,-1,-1
567,266,1008,418,129,282,1,-1,-1,-1
567,259,381,462,41,115,1,-1,-1,-1
567,254,414,455,41,116,1,-1,-1,-1
567,248,1220,446,45,108,1,-1,-1,-1
567,236,578,422,14,42,1,-1,-1,-1
567,232,550,454,28,84,1,-1,-1,-1
567,228,585,452,29,87,1,-1,-1,-1
567,221,942,430,81,242,1,-1,-1,-1
567,206,1630,394,290,687,1,-1,-1,-1
568,296,497,456,25,63,1,-1,-1,-1
568,292,1145,433,98,283,1,-1,-1,-1
568,291,611,447,30,64,1,-1,-1,-1
568,289,523,451,25,59,1,-1,-1,-1
568,280,720,447,33,99,1,-1,-1,-1
568,274,639,452,34,108,1,-1,-1,-1
568,266,1010,418,131,283,1,-1,-1,-1
568,259,382,462,41,115,1,-1,-1,-1
568,254,415,455,40,116,1,-1,-1,-1
568,248,1221,446,45,108,1,-1,-1,-1
568,236,577,423,14,42,1,-1,-1,-1
568,232,549,454,28,84,1,-1,-1,-1
568,228,585,452,29,88,1,-1,-1,-1
568,221,950,431,80,241,1,-1,-1,-1
568,206,1640,395,283,686,1,-1,-1,-1
569,296,498,456,24,63,1,-1,-1,-1
569,292,1148,434,101,282,1,-1,-1,-1
569,289,523,452,25,59,1,-1,-1,-1
569,280,719,446,34,99,1,-1,-1,-1
569,274,638,453,34,106,1,-1,-1,-1
569,266,1011,419,134,282,1,-1,-1,-1
569,259,382,462,41,115,1,-1,-1,-1
569,254,416,455,40,117,1,-1,-1,-1
569,248,1225,447,45,107,1,-1,-1,-1
569,236,576,423,15,43,1,-1,-1,-1
569,232,549,454,29,85,1,-1,-1,-1
569,228,586,453,29,88,1,-1,-1,-1
569,221,952,431,79,241,1,-1,-1,-1
569,206,1647,396,270,686,1,-1,-1,-1
570,296,498,456,24,62,1,-1,-1,-1
570,292,1151,433,107,282,1,-1,-1,-1
570,289,523,452,25,59,1,-1,-1,-1
570,280,719,445,34,100,1,-1,-1,-1
570,274,637,452,34,107,1,-1,-1,-1
570,266,1012,418,134,282,1,-1,-1,-1
570,259,382,462,41,115,1,-1,-1,-1
570,254,415,455,40,117,1,-1,-1,-1
570,236,575,423,16,43,1,-1,-1,-1
570,232,549,454,29,85,1,-1,-1,-1
570,228,586,453,29,88,1,-1,-1,-1
570,221,954,432,79,239,1,-1,-1,-1
570,206,1651,396,261,685,1,-1,-1,-1
571,296,497,456,24,62,1,-1,-1,-1
571,292,1153,432,115,282,1,-1,-1,-1
571,289,523,452,25,60,1,-1,-1,-1
571,280,719,445,34,101,1,-1,-1,-1
571,274,637,453,34,106,1,-1,-1,-1
571,266,1015,418,132,282,1,-1,-1,-1
571,259,382,462,41,115,1,-1,-1,-1
571,254,415,455,40,117,1,-1,-1,-1
571,236,575,424,15,42,1,-1,-1,-1
571,232,550,454,29,86,1,-1,-1,-1
571,228,586,453,29,88,1,-1,-1,-1
571,221,956,432,80,239,1,-1,-1,-1
571,206,1654,397,255,685,1,-1,-1,-1
572,296,496,456,24,63,1,-1,-1,-1
572,292,1156,433,122,282,1,-1,-1,-1
572,289,523,452,25,61,1,-1,-1,-1
572,284,1762,408,160,667,1,-1,-1,-1
572,280,718,445,35,101,1,-1,-1,-1
572,274,636,453,34,106,1,-1,-1,-1
572,266,1018,417,131,282,1,-1,-1,-1
572,259,382,462,40,115,1,-1,-1,-1
572,254,415,456,40,116,1,-1,-1,-1
572,236,574,424,16,42,1,-1,-1,-1
572,232,550,455,29,85,1,-1,-1,-1
572,228,586,453,29,88,1,-1,-1,-1
572,221,958,432,81,239,1,-1,-1,-1
572,206,1657,396,254,685,1,-1,-1,-1
573,296,496,457,24,62,1,-1,-1,-1
573,292,1157,433,127,283,1,-1,-1,-1
573,289,523,453,25,60,1,-1,-1,-1
573,280,719,445,34,102,1,-1,-1,-1
573,274,635,454,34,105,1,-1,-1,-1
573,266,1022,420,127,280,1,-1,-1,-1
573,259,383,462,39,115,1,-1,-1,-1
573,254,415,455,40,117,1,-1,-1,-1
573,236,574,425,17,42,1,-1,-1,-1
573,232,551,456,28,84,1,-1,-1,-1
573,228,587,454,29,87,1,-1,-1,-1
573,221,960,433,86,240,1,-1,-1,-1
573,206,1660,394,256,686,1,-1,-1,-1
574,296,496,457,24,63,1,-1,-1,-1
574,292,1157,435,133,282,1,-1,-1,-1
574,289,523,453,25,61,1,-1,-1,-1
574,280,719,446,35,101,1,-1,-1,-1
574,274,635,454,33,104,1,-1,-1,-1
574,266,1027,419,123,281,1,-1,-1,-1
574,259,383,462,39,115,1,-1,-1,-1
574,254,415,455,40,117,1,-1,-1,-1
574,236,574,426,17,42,1,-1,-1,-1
574,232,552,456,27,85,1,-1,-1,-1
574,228,586,453,29,88,1,-1,-1,-1
574,221,960,434,92,244,1,-1,-1,-1
574,206,1661,392,258,688,1,-1,-1,-1
575,296,497,457,24,62,1,-1,-1,-1
575,292,1158,436,136,281,1,-1,-1,-1
575,289,524,454,25,60,1,-1,-1,-1
575,280,719,446,35,102,1,-1,-1,-1
575,274,633,454,35,105,1,-1,-1,-1
575,266,1031,420,120,280,1,-1,-1,-1
575,259,383,462,39,115,1,-1,-1,-1
575,254,415,456,41,115,1,-1,-1,-1
575,236,575,425,17,43,1,-1,-1,-1
575,232,552,456,28,85,1,-1,-1,-1
575,228,587,454,29,87,1,-1,-1,-1
575,221,961,434,97,248,1,-1,-1,-1
575,206,1662,391,258,689,1,-1,-1,-1
576,303,532,455,23,60,1,-1,-1,-1
576,296,497,457,24,63,1,-1,-1,-1
576,292,1158,435,138,281,1,-1,-1,-1
576,289,525,454,25,61,1,-1,-1,-1
576,280,720,446,35,102,1,-1,-1,-1
576,274,633,454,34,104,1,-1,-1,-1
576,266,1039,418,112,282,1,-1,-1,-1
576,259,383,462,40,116,1,-1,-1,-1
576,254,415,456,42,116,1,-1,-1,-1
576,236,577,425,16,43,1,-1,-1,-1
576,232,553,456,27,84,1,-1,-1,-1
576,228,587,454,29,87,1,-1,-1,-1
576,221,962,433,102,249,1,-1,-1,-1
576,206,1662,390,259,690,1,-1,-1,-1
577,304,504,457,20,62,1,-1,-1,-1
577,303,533,455,23,60,1,-1,-1,-1
577,296,497,458,24,62,1,-1,-1,-1
577,292,1157,435,140,280,1,-1,-1,-1
577,289,526,455,24,60,1,-1,-1,-1
577,280,720,446,35,103,1,-1,-1,-1
577,274,632,455,35,103,1,-1,-1,-1
577,266,1049,420,104,281,1,-1,-1,-1
577,259,384,462,39,116,1,-1,-1,-1
577,254,415,457,43,115,1,-1,-1,-1
577,236,577,425,16,42,1,-1,-1,-1
577,232,553,456,27,84,1,-1,-1,-1
577,228,587,453,29,88,1,-1,-1,-1
577,221,964,432,107,250,1,-1,-1,-1
577,206,1663,391,259,689,1,-1,-1,-1
578,303,531,455,23,60,1,-1,-1,-1
578,292,1156,436,141,279,1,-1,-1,-1
578,289,525,455,25,60,1,-1,-1,-1
578,280,720,446,35,102,1,-1,-1,-1
578,274,631,455,35,103,1,-1,-1,-1
578,266,1057,420,97,280,1,-1,-1,-1
578,259,384,462,39,115,1,-1,-1,-1
578,254,414,457,43,115,1,-1,-1,-1
578,236,577,424,16,42,1,-1,-1,-1
578,232,553,457,27,83,1,-1,-1,-1
578,228,587,454,29,87,1,-1,-1,-1
578,221,964,430,109,247,1,-1,-1,-1
578,206,1663,391,259,690,1,-1,-1,-1
579,303,532,455,23,61,1,-1,-1,-1
579,292,1157,435,141,279,1,-1,-1,-1
579,289,526,455,24,61,1,-1,-1,-1
579,280,720,446,35,102,1,-1,-1,-1
579,274,630,455,35,103,1,-1,-1,-1
579,266,1061,422,91,279,1,-1,-1,-1
579,259,384,462,39,115,1,-1,-1,-1
579,254,414,456,43,115,1,-1,-1,-1
579,236,577,424,16,42,1,-1,-1,-1
579,232,553,456,27,84,1,-1,-1,-1
579,228,587,453,30,88,1,-1,-1,-1
579,221,965,430,106,244,1,-1,-1,-1
579,206,1664,394,258,688,1,-1,-1,-1
580,303,533,456,23,61,1,-1,-1,-1
580,292,1160,433,140,280,1,-1,-1,-1
580,289,526,455,25,61,1,-1,-1,-1
580,280,720,446,36,103,1,-1,-1,-1
580,274,629,456,36,103,1,-1,-1,-1
580,266,1069,424,83,277,1,-1,-1,-1
580,259,384,462,39,115,1,-1,-1,-1
580,254,414,457,43,114,1,-1,-1,-1
580,236,578,425,15,41,1,-1,-1,-1
580,232,554,456,26,84,1,-1,-1,-1
580,228,587,453,30,87,1,-1,-1,-1
580,221,965,430,105,242,1,-1,-1,-1
580,206,1664,396,258,687,1,-1,-1,-1
581,292,1167,432,136,282,1,-1,-1,-1
581,289,526,456,24,60,1,-1,-1,-1
581,280,721,447,35,103,1,-1,-1,-1
581,274,629,455,35,103,1,-1,-1,-1
581,266,1074,433,78,271,1,-1,-1,-1
581,259,384,462,39,115,1,-1,-1,-1
581,254,413,457,44,115,1,-1,-1,-1
581,236,578,424,15,41,1,-1,-1,-1
581,232,553,457,27,83,1,-1,-1,-1
581,228,588,452,29,88,1,-1,-1,-1
581,221,965,431,105,241,1,-1,-1,-1
581,206,1668,397,255,685,1,-1,-1,-1
582,296,496,459,24,63,1,-1,-1,-1
582,292,1176,432,129,281,1,-1,-1,-1
582,289,526,456,25,60,1,-1,-1,-1
582,280,721,448,36,103,1,-1,-1,-1
582,274,628,454,36,103,1,-1,-1,-1
582,266,1080,437,75,267,1,-1,-1,-1
582,259,384,462,39,115,1,-1,-1,-1
582,254,412,457,45,115,1,-1,-1,-1
582,236,578,424,16,40,1,-1,-1,-1
582,232,554,457,27,84,1,-1,-1,-1
582,228,588,453,29,87,1,-1,-1,-1
582,221,964,431,106,241,1,-1,-1,-1
582,206,1677,397,248,685,1,-1,-1,-1
583,296,496,458,24,63,1,-1,-1,-1
583,292,1183,432,123,281,1,-1,-1,-1
583,289,527,456,25,61,1,-1,-1,-1
583,280,721,448,35,103,1,-1,-1,-1
583,274,628,454,35,103,1,-1,-1,-1
583,266,1082,428,77,271,1,-1,-1,-1
583,259,384,462,39,115,1,-1,-1,-1
583,254,412,456,44,116,1,-1,-1,-1
583,236,578,424,16,40,1,-1,-1,-1
583,232,553,457,27,83,1,-1,-1,-1
583,228,588,453,30,87,1,-1,-1,-1
583,221,966,432,104,240,1,-1,-1,-1
583,206,1679,398,245,684,1,-1,-1,-1
584,296,497,458,24,62,1,-1,-1,-1
584,292,1193,432,114,281,1,-1,-1,-1
584,289,524,455,25,60,1,-1,-1,-1
584,280,721,446,37,103,1,-1,-1,-1
584,274,627,454,36,103,1,-1,-1,-1
584,266,1085,433,77,268,1,-1,-1,-1
584,259,384,462,39,115,1,-1,-1,-1
584,254,413,456,42,115,1,-1,-1,-1
584,236,578,424,16,40,1,-1,-1,-1
584,232,553,457,27,83,1,-1,-1,-1
584,228,588,453,30,87,1,-1,-1,-1
584,221,969,433,103,239,1,-1,-1,-1
584,206,1682,399,241,683,1,-1,-1,-1
585,296,500,457,24,61,1,-1,-1,-1
585,292,1202,433,107,280,1,-1,-1,-1
585,289,522,453,24,60,1,-1,-1,-1
585,280,722,446,36,104,1,-1,-1,-1
585,274,627,455,35,102,1,-1,-1,-1
585,266,1088,438,75,264,1,-1,-1,-1
585,259,384,462,39,115,1,-1,-1,-1
585,254,414,456,42,115,1,-1,-1,-1
585,236,578,423,16,39,1,-1,-1,-1
585,232,553,457,27,83,1,-1,-1,-1
585,228,588,453,30,87,1,-1,-1,-1
585,221,973,432,102,239,1,-1,-1,-1
585,206,1685,398,238,683,1,-1,-1,-1
586,308,511,456,20,60,1,-1,-1,-1
586,306,932,440,36,98,1,-1,-1,-1
586,296,503,456,23,62,1,-1,-1,-1
586,292,1211,433,101,280,1,-1,-1,-1
586,289,521,453,24,60,1,-1,-1,-1
586,280,722,446,36,104,1,-1,-1,-1
586,274,626,455,36,103,1,-1,-1,-1
586,266,1091,427,79,269,1,-1,-1,-1
586,259,384,462,39,114,1,-1,-1,-1
586,254,413,456,42,115,1,-1,-1,-1
586,236,578,424,16,40,1,-1,-1,-1
586,232,553,457,27,83,1,-1,-1,-1
586,228,588,453,30,88,1,-1,-1,-1
586,221,979,433,98,239,1,-1,-1,-1
586,206,1687,393,235,686,1,-1,-1,-1
587,310,1170,429,103,248,1,-1,-1,-1
587,308,512,457,20,58,1,-1,-1,-1
587,306,933,440,36,98,1,-1,-1,-1
587,292,1218,432,96,281,1,-1,-1,-1
587,289,520,452,23,60,1,-1,-1,-1
587,280,722,446,37,104,1,-1,-1,-1
587,274,626,455,36,103,1,-1,-1,-1
587,266,1094,423,82,272,1,-1,-1,-1
587,259,384,462,38,114,1,-1,-1,-1
587,254,414,456,40,115,1,-1,-1,-1
587,236,578,424,16,40,1,-1,-1,-1
587,232,554,457,27,83,1,-1,-1,-1
587,228,588,453,30,88,1,-1,-1,-1
587,221,983,437,97,236,1,-1,-1,-1
587,206,1690,389,232,689,1,-1,-1,-1
588,310,1174,433,98,242,1,-1,-1,-1
588,308,513,455,19,59,1,-1,-1,-1
588,306,933,440,36,99,1,-1,-1,-1
588,292,1224,432,93,281,1,-1,-1,-1
588,289,519,452,24,60,1,-1,-1,-1
588,280,723,446,37,104,1,-1,-1,-1
588,274,627,454,37,103,1,-1,-1,-1
588,266,1096,421,88,274,1,-1,-1,-1
588,259,383,462,39,113,1,-1,-1,-1
588,254,414,456,40,115,1,-1,-1,-1
588,236,578,425,16,39,1,-1,-1,-1
588,232,554,457,27,83,1,-1,-1,-1
588,228,588,453,30,88,1,-1,-1,-1
588,221,989,439,93,232,1,-1,-1,-1
588,206,1694,387,227,691,1,-1,-1,-1
589,310,1177,435,96,240,1,-1,-1,-1
589,308,512,456,19,58,1,-1,-1,-1
589,306,933,440,36,101,1,-1,-1,-1
589,292,1227,432,92,281,1,-1,-1,-1
589,289,520,452,23,60,1,-1,-1,-1
589,280,723,446,37,105,1,-1,-1,-1
589,274,627,453,37,104,1,-1,-1,-1
589,266,1096,419,91,277,1,-1,-1,-1
589,259,383,462,38,113,1,-1,-1,-1
589,254,414,457,40,114,1,-1,-1,-1
589,236,578,425,16,39,1,-1,-1,-1
589,232,554,457,27,83,1,-1,-1,-1
589,228,588,454,30,87,1,-1,-1,-1
589,221,997,440,87,230,1,-1,-1,-1
589,206,1702,383,220,695,1,-1,-1,-1
590,310,1179,436,91,239,1,-1,-1,-1
590,306,932,441,38,101,1,-1,-1,-1
590,292,1229,433,93,281,1,-1,-1,-1
590,289,521,452,22,59,1,-1,-1,-1
590,280,723,446,37,105,1,-1,-1,-1
590,274,625,454,37,103,1,-1,-1,-1
590,266,1097,418,93,279,1,-1,-1,-1
590,259,382,462,39,113,1,-1,-1,-1
590,254,414,456,40,115,1,-1,-1,-1
590,236,577,424,16,40,1,-1,-1,-1
590,232,553,457,27,84,1,-1,-1,-1
590,228,587,454,30,87,1,-1,-1,-1
590,221,1006,442,81,228,1,-1,-1,-1
590,206,1711,382,212,696,1,-1,-1,-1
591,310,1183,434,87,240,1,-1,-1,-1
591,306,932,441,38,102,1,-1,-1,-1
591,292,1234,434,93,279,1,-1,-1,-1
591,289,522,451,23,60,1,-1,-1,-1
591,280,723,446,37,106,1,-1,-1,-1
591,274,625,452,37,104,1,-1,-1,-1
591,266,1097,415,95,281,1,-1,-1,-1
591,259,382,462,39,113,1,-1,-1,-1
591,254,414,457,39,114,1,-1,-1,-1
591,236,576,424,17,40,1,-1,-1,-1
591,232,552,457,27,84,1,-1,-1,-1
591,228,587,454,30,88,1,-1,-1,-1
591,221,1013,444,75,226,1,-1,-1,-1
591,206,1731,376,196,701,1,-1,-1,-1
592,311,482,457,26,91,1,-1,-1,-1
592,310,1186,434,85,241,1,-1,-1,-1
592,306,932,441,38,102,1,-1,-1,-1
592,292,1238,434,95,279,1,-1,-1,-1
592,289,523,451,23,60,1,-1,-1,-1
592,280,723,446,37,106,1,-1,-1,-1
592,274,624,451,37,104,1,-1,-1,-1
592,266,1096,415,97,282,1,-1,-1,-1
592,259,382,462,39,114,1,-1,-1,-1
592,254,414,457,39,115,1,-1,-1,-1
592,236,576,424,16,40,1,-1,-1,-1
592,232,551,457,27,84,1,-1,-1,-1
592,228,587,454,30,88,1,-1,-1,-1
592,221,1019,444,69,224,1,-1,-1,-1
592,206,1757,370,174,706,1,-1,-1,-1
593,314,662,452,35,107,1,-1,-1,-1
593,313,983,443,37,100,1,-1,-1,-1
593,312,586,422,29,50,1,-1,-1,-1
593,311,482,457,27,91,1,-1,-1,-1
593,310,1187,434,84,241,1,-1,-1,-1
593,306,932,441,38,101,1,-1,-1,-1
593,292,1241,433,97,280,1,-1,-1,-1
593,289,524,451,23,60,1,-1,-1,-1
593,280,723,447,37,106,1,-1,-1,-1
593,274,624,452,37,104,1,-1,-1,-1
593,266,1098,414,97,283,1,-1,-1,-1
593,259,382,462,39,114,1,-1,-1,-1
593,254,415,457,39,115,1,-1,-1,-1
593,236,575,424,17,40,1,-1,-1,-1
593,232,551,456,27,84,1,-1,-1,-1
593,228,587,454,30,88,1,-1,-1,-1
593,221,1025,444,65,223,1,-1,-1,-1
593,206,1785,364,148,711,1,-1,-1,-1
594,316,1856,337,64,744,1,-1,-1,-1
594,314,662,452,34,107,1,-1,-1,-1
594,313,984,442,35,102,1,-1,-1,-1
594,312,587,421,28,50,1,-1,-1,-1
594,311,482,457,26,91,1,-1,-1,-1
594,310,1187,434,85,241,1,-1,-1,-1
594,306,932,440,38,102,1,-1,-1,-1
594,292,1244,434,100,279,1,-1,-1,-1
594,289,523,451,24,60,1,-1,-1,-1
594,280,724,447,37,106,1,-1,-1,-1
594,274,624,450,37,104,1,-1,-1,-1
594,266,1099,413,98,284,1,-1,-1,-1
594,259,382,462,39,114,1,-1,-1,-1
594,254,415,457,38,115,1,-1,-1,-1
594,236,576,424,16,39,1,-1,-1,-1
594,232,551,456,27,84,1,-1,-1,-1
594,228,586,453,31,89,1,-1,-1,-1
594,221,1030,444,61,222,1,-1,-1,-1
595,316,1865,348,56,585,1,-1,-1,-1
595,314,662,452,35,108,1,-1,-1,-1
595,313,983,441,36,103,1,-1,-1,-1
595,312,586,421,28,49,1,-1,-1,-1
595,311,482,457,26,91,1,-1,-1,-1
595,310,1188,436,85,240,1,-1,-1,-1
595,306,931,440,39,102,1,-1,-1,-1
595,292,1246,434,101,279,1,-1,-1,-1
595,289,524,451,24,60,1,-1,-1,-1
595,280,724,447,37,107,1,-1,-1,-1
595,274,624,450,37,104,1,-1,-1,-1
595,266,1100,414,99,284,1,-1,-1,-1
595,259,382,461,39,115,1,-1,-1,-1
595,254,415,457,39,115,1,-1,-1,-1
595,236,575,423,17,40,1,-1,-1,-1
595,232,551,456,28,85,1,-1,-1,-1
595,228,586,453,31,89,1,-1,-1,-1
595,221,1034,444,60,221,1,-1,-1,-1
596,316,1868,357,52,524,1,-1,-1,-1
596,314,662,452,34,109,1,-1,-1,-1
596,313,983,440,34,103,1,-1,-1,-1
596,312,586,421,28,48,1,-1,-1,-1
596,311,482,457,27,91,1,-1,-1,-1
596,310,1189,435,87,241,1,-1,-1,-1
596,306,932,440,38,102,1,-1,-1,-1
596,292,1249,434,102,280,1,-1,-1,-1
596,289,524,451,24,60,1,-1,-1,-1
596,280,724,446,37,107,1,-1,-1,-1
596,274,624,450,36,103,1,-1,-1,-1
596,266,1102,414,97,284,1,-1,-1,-1
596,259,382,461,40,115,1,-1,-1,-1
596,254,416,457,38,115,1,-1,-1,-1
596,236,575,423,17,40,1,-1,-1,-1
596,232,552,456,27,85,1,-1,-1,-1
596,228,586,453,31,89,1,-1,-1,-1
596,221,1037,444,61,221,1,-1,-1,-1
597,314,662,452,34,108,1,-1,-1,-1
597,313,983,441,34,103,1,-1,-1,-1
597,312,585,422,29,48,1,-1,-1,-1
597,311,481,457,26,91,1,-1,-1,-1
597,310,1193,437,86,239,1,-1,-1,-1
597,306,931,441,39,102,1,-1,-1,-1
597,292,1250,435,104,279,1,-1,-1,-1
597,289,523,451,24,60,1,-1,-1,-1
597,280,724,445,37,109,1,-1,-1,-1
597,274,624,450,36,103,1,-1,-1,-1
597,266,1104,414,96,284,1,-1,-1,-1
597,259,382,461,39,115,1,-1,-1,-1
597,254,416,458,38,114,1,-1,-1,-1
597,236,575,424,17,39,1,-1,-1,-1
597,232,552,457,27,84,1,-1,-1,-1
597,228,586,453,30,89,1,-1,-1,-1
597,221,1039,443,64,220,1,-1,-1,-1
598,314,661,452,34,107,1,-1,-1,-1
598,313,983,442,35,104,1,-1,-1,-1
598,312,585,422,29,48,1,-1,-1,-1
598,311,481,457,26,91,1,-1,-1,-1
598,310,1194,440,87,239,1,-1,-1,-1
598,306,931,441,39,103,1,-1,-1,-1
598,292,1252,435,105,279,1,-1,-1,-1
598,289,523,451,25,60,1,-1,-1,-1
598,280,724,446,38,109,1,-1,-1,-1
598,274,624,451,35,102,1,-1,-1,-1
598,266,1106,432,94,272,1,-1,-1,-1
598,259,382,461,39,115,1,-1,-1,-1
598,254,415,458,39,114,1,-1,-1,-1
598,236,576,424,16,39,1,-1,-1,-1
598,232,552,457,27,84,1,-1,-1,-1
598,228,586,453,31,89,1,-1,-1,-1
598,221,1041,443,68,221,1,-1,-1,-1
599,314,661,452,33,107,1,-1,-1,-1
599,313,983,442,35,103,1,-1,-1,-1
599,312,585,423,29,47,1,-1,-1,-1
599,311,481,457,26,91,1,-1,-1,-1
599,310,1194,441,89,239,1,-1,-1,-1
599,306,932,441,38,102,1,-1,-1,-1
599,292,1254,435,105,278,1,-1,-1,-1
599,289,523,451,25,60,1,-1,-1,-1
599,280,724,447,37,109,1,-1,-1,-1
599,274,624,451,35,102,1,-1,-1,-1
599,266,1109,426,91,272,1,-1,-1,-1
599,259,383,461,39,115,1,-1,-1,-1
599,254,416,459,38,113,1,-1,-1,-1
599,236,576,424,16,39,1,-1,-1,-1
599,232,552,457,27,84,1,-1,-1,-1
599,228,586,453,30,89,1,-1,-1,-1
599,221,1042,443,72,221,1,-1,-1,-1
600,314,660,453,33,107,1,-1,-1,-1
600,313,983,443,35,102,1,-1,-1,-1
600,312,584,423,29,47,1,-1,-1,-1
600,311,480,457,27,91,1,-1,-1,-1
600,310,1194,441,90,240,1,-1,-1,-1
600,306,931,441,39,103,1,-1,-1,-1
600,292,1257,434,106,279,1,-1,-1,-1
600,289,522,451,25,60,1,-1,-1,-1
600,280,724,445,37,110,1,-1,-1,-1
600,274,625,452,34,102,1,-1,-1,-1
600,259,382,462,39,114,1,-1,-1,-1
600,254,416,458,38,113,1,-1,-1,-1
600,236,576,424,16,39,1,-1,-1,-1
600,232,552,457,27,84,1,-1,-1,-1
600,228,586,453,30,89,1,-1,-1,-1
600,221,1044,443,76,221,1,-1,-1,-1
